seed,d,op_set,n_ops,eff_ops,noise,truth,selection,mse_test,nmse_test,recovered,model,complexity,cv_score,time_s
20290712,1,full,4,4,0.0,(cos((0.23 * x0)) + (-0.94 + x0)),extrap-CV,5.974090110472478e-05,1.406057298798203e-06,False,0.000104*((sqrt(x0) + (x0)^2))^2 + 0.06 + 1*x0 + -0.0267*x0^2,6,-18.47368820542953,20.90697717666626
20290712,1,full,4,4,0.0,(cos((0.23 * x0)) + (-0.94 + x0)),interior-CV,5.974090110472478e-05,1.406057298798203e-06,False,0.000104*((sqrt(x0) + (x0)^2))^2 + 0.06 + 1*x0 + -0.0267*x0^2,6,-21.655663888790418,20.90697717666626
20290712,1,full,4,4,0.0,(cos((0.23 * x0)) + (-0.94 + x0)),train-MSE,5.974090110472478e-05,1.406057298798203e-06,False,0.000104*((sqrt(x0) + (x0)^2))^2 + 0.06 + 1*x0 + -0.0267*x0^2,6,,20.90697717666626
20290713,1,full,4,9,0.0,(sqrt((x0 + x0)) / (x0 * -0.87)),extrap-CV,9.307056456251317e-32,2.246584629506087e-31,True,-1.63*(sqrt(x0) / x0),2,-27.631021115928547,0.025297880172729492
20290713,1,full,4,9,0.0,(sqrt((x0 + x0)) / (x0 * -0.87)),interior-CV,9.307056456251317e-32,2.246584629506087e-31,True,-1.63*(sqrt(x0) / x0),2,-27.631021115928547,0.025297880172729492
20290713,1,full,4,9,0.0,(sqrt((x0 + x0)) / (x0 * -0.87)),train-MSE,9.307056456251317e-32,2.246584629506087e-31,True,-1.63*(sqrt(x0) / x0),2,,0.025297880172729492
20290714,1,full,4,2,0.0,exp(cos(((x0 / x0) * x0))),extrap-CV,0.0,0.0,True,1*exp(cos(x0)),2,-27.631021115928547,0.05520296096801758
20290714,1,full,4,2,0.0,exp(cos(((x0 / x0) * x0))),interior-CV,0.0,0.0,True,1*exp(cos(x0)),2,-27.631021115928547,0.05520296096801758
20290714,1,full,4,2,0.0,exp(cos(((x0 / x0) * x0))),train-MSE,0.0,0.0,True,1*exp(cos(x0)),2,,0.05520296096801758
20290715,1,full,4,3,0.0,(((-2.15 - x0))^2 * exp(2.89)),extrap-CV,1.9964659027845274e-23,7.041247083336811e-29,True,38.7*x0 + 83.2 + 38.7*x0 + 18*x0^2,2,-27.63102111592834,0.020084857940673828
20290715,1,full,4,3,0.0,(((-2.15 - x0))^2 * exp(2.89)),interior-CV,1.9964659027845274e-23,7.041247083336811e-29,True,38.7*x0 + 83.2 + 38.7*x0 + 18*x0^2,2,-27.631021115928448,0.020084857940673828
20290715,1,full,4,3,0.0,(((-2.15 - x0))^2 * exp(2.89)),train-MSE,1.9964659027845274e-23,7.041247083336811e-29,True,38.7*x0 + 83.2 + 38.7*x0 + 18*x0^2,2,,0.020084857940673828
20290716,1,full,4,4,0.0,sin((x0 * (-1.8 + cos(x0)))),extrap-CV,0.6440514716291357,1.291084713482115,False,-0.761*sin((((sqrt(log(x0)) * x0) + x0) * 1.29)) + 0.0148 + -0.0374*x0 + -0.000702*x0^2,8,-3.3102060694940025,443.39918422698975
20290716,1,full,4,4,0.0,sin((x0 * (-1.8 + cos(x0)))),interior-CV,1.1837947269890063,2.373070077846708,False,-7.82*exp((sin(((cos((x0 * -1.28)) + -1.51) * x0)) * -0.125)) + 7.85 + -0.0673*x0 + -0.000475*x0^2,9,-3.689385866021993,443.39918422698975
20290716,1,full,4,4,0.0,sin((x0 * (-1.8 + cos(x0)))),train-MSE,1.1837947269890063,2.373070077846708,False,-7.82*exp((sin(((cos((x0 * -1.28)) + -1.51) * x0)) * -0.125)) + 7.85 + -0.0673*x0 + -0.000475*x0^2,9,,443.39918422698975
20290717,1,full,4,6,0.0,(log(sin(log(x0))) / x0),extrap-CV,6.707110182571624e-35,7.78992391619799e-31,True,1*(log(sin(log(x0))) / x0),4,-27.631021115928547,20.8069269657135
20290717,1,full,4,6,0.0,(log(sin(log(x0))) / x0),interior-CV,6.707110182571624e-35,7.78992391619799e-31,True,1*(log(sin(log(x0))) / x0),4,-27.631021115928547,20.8069269657135
20290717,1,full,4,6,0.0,(log(sin(log(x0))) / x0),train-MSE,6.707110182571624e-35,7.78992391619799e-31,True,1*(log(sin(log(x0))) / x0),4,,20.8069269657135
20290718,1,full,4,3,0.0,(x0 - ((1.91 / x0) + log(-0.38))),extrap-CV,1.7695444329029923e-30,4.368289764281235e-32,True,-1.91*(x0 / (x0)^2) + 0.968 + 1*x0,3,-27.631021115928547,0.07118105888366699
20290718,1,full,4,3,0.0,(x0 - ((1.91 / x0) + log(-0.38))),interior-CV,1.7695444329029923e-30,4.368289764281235e-32,True,-1.91*(x0 / (x0)^2) + 0.968 + 1*x0,3,-27.631021115928547,0.07118105888366699
20290718,1,full,4,3,0.0,(x0 - ((1.91 / x0) + log(-0.38))),train-MSE,1.7695444329029923e-30,4.368289764281235e-32,True,-1.91*(x0 / (x0)^2) + 0.968 + 1*x0,3,,0.07118105888366699
20290719,1,full,4,5,0.0,(x0 / (log((x0 * x0)) * 0.99)),extrap-CV,3.386170028221638e-30,1.1060273490079342e-30,True,0.505*(x0 / log(x0)),2,-27.631021115928547,0.1262199878692627
20290719,1,full,4,5,0.0,(x0 / (log((x0 * x0)) * 0.99)),interior-CV,3.386170028221638e-30,1.1060273490079342e-30,True,0.505*(x0 / log(x0)),2,-27.631021115928547,0.1262199878692627
20290719,1,full,4,5,0.0,(x0 / (log((x0 * x0)) * 0.99)),train-MSE,3.386170028221638e-30,1.1060273490079342e-30,True,0.505*(x0 / log(x0)),2,,0.1262199878692627
20290720,1,full,4,4,0.0,cos((((0.66 - x0) * x0) + 0.31)),extrap-CV,6.42131233091784e-16,1.1512897065171981e-15,True,3.29e+07*exp((cos((((x0 * 0.66) - (x0)^2) + 0.31)) * 3.04e-08)) + -3.29e+07,7,-27.62754258095663,337.7802712917328
20290720,1,full,4,4,0.0,cos((((0.66 - x0) * x0) + 0.31)),interior-CV,6.42131233091784e-16,1.1512897065171981e-15,True,3.29e+07*exp((cos((((x0 * 0.66) - (x0)^2) + 0.31)) * 3.04e-08)) + -3.29e+07,7,-27.629770316669564,337.7802712917328
20290720,1,full,4,4,0.0,cos((((0.66 - x0) * x0) + 0.31)),train-MSE,6.42131233091784e-16,1.1512897065171981e-15,True,3.29e+07*exp((cos((((x0 * 0.66) - (x0)^2) + 0.31)) * 3.04e-08)) + -3.29e+07,7,,337.7802712917328
20290721,1,full,4,3,0.0,(x0 * sin((x0 + (x0 / x0)))),extrap-CV,2.528993952248916e-30,1.2125580452822856e-31,True,0.54*(((cos(x0) * 1.56) + sin(x0)) * x0),5,-27.631021115928547,40.54605960845947
20290721,1,full,4,3,0.0,(x0 * sin((x0 + (x0 / x0)))),interior-CV,2.528993952248916e-30,1.2125580452822856e-31,True,0.54*(((cos(x0) * 1.56) + sin(x0)) * x0),5,-27.631021115928547,40.54605960845947
20290721,1,full,4,3,0.0,(x0 * sin((x0 + (x0 / x0)))),train-MSE,2.528993952248916e-30,1.2125580452822856e-31,True,0.54*(((cos(x0) * 1.56) + sin(x0)) * x0),5,,40.54605960845947
20290722,1,full,4,5,0.0,((sin(x0) / 1.14) * log(x0)),extrap-CV,9.857488738989958e-32,7.364485995631114e-32,True,0.877*(log(x0) * sin(x0)),3,-27.631021115928547,0.6501321792602539
20290722,1,full,4,5,0.0,((sin(x0) / 1.14) * log(x0)),interior-CV,9.857488738989958e-32,7.364485995631114e-32,True,0.877*(log(x0) * sin(x0)),3,-27.631021115928547,0.6501321792602539
20290722,1,full,4,5,0.0,((sin(x0) / 1.14) * log(x0)),train-MSE,9.857488738989958e-32,7.364485995631114e-32,True,0.877*(log(x0) * sin(x0)),3,,0.6501321792602539
20290723,1,full,4,6,0.0,sqrt(((-2.53 * x0) + exp(x0))),extrap-CV,5.666471082376125e-29,2.629092159312748e-31,True,1.12*sqrt(((x0 - (exp(x0) * 0.791)) + x0)),5,-27.631021115928547,39.14768886566162
20290723,1,full,4,6,0.0,sqrt(((-2.53 * x0) + exp(x0))),interior-CV,5.666471082376125e-29,2.629092159312748e-31,True,1.12*sqrt(((x0 - (exp(x0) * 0.791)) + x0)),5,-27.631021115928547,39.14768886566162
20290723,1,full,4,6,0.0,sqrt(((-2.53 * x0) + exp(x0))),train-MSE,5.666471082376125e-29,2.629092159312748e-31,True,1.12*sqrt(((x0 - (exp(x0) * 0.791)) + x0)),5,,39.14768886566162
20290724,1,full,4,4,0.0,exp(exp(sin((x0 * x0)))),extrap-CV,9.404893697426189e-30,4.938402745990404e-31,True,1*exp(exp(sin((x0)^2))),4,-27.631021115928547,20.293335914611816
20290724,1,full,4,4,0.0,exp(exp(sin((x0 * x0)))),interior-CV,9.404893697426189e-30,4.938402745990404e-31,True,1*exp(exp(sin((x0)^2))),4,-27.631021115928547,20.293335914611816
20290724,1,full,4,4,0.0,exp(exp(sin((x0 * x0)))),train-MSE,9.404893697426189e-30,4.938402745990404e-31,True,1*exp(exp(sin((x0)^2))),4,,20.293335914611816
20290725,1,full,4,5,0.0,(((x0)^2 / log(x0)) - x0),extrap-CV,2.52472467525656e-28,4.500789901280243e-30,True,1*((x0 / log(x0)) * x0) + -1*x0,4,-27.631021115928547,0.3665957450866699
20290725,1,full,4,5,0.0,(((x0)^2 / log(x0)) - x0),interior-CV,2.52472467525656e-28,4.500789901280243e-30,True,1*((x0 / log(x0)) * x0) + -1*x0,4,-27.631021115928547,0.3665957450866699
20290725,1,full,4,5,0.0,(((x0)^2 / log(x0)) - x0),train-MSE,2.52472467525656e-28,4.500789901280243e-30,True,1*((x0 / log(x0)) * x0) + -1*x0,4,,0.3665957450866699
20290726,1,full,4,7,0.0,(sqrt(2.69) * sqrt((x0 + x0))),extrap-CV,4.717757991770973e-30,2.644110862508357e-29,True,2.32*sqrt(x0),1,-27.631021115928547,0.009800910949707031
20290726,1,full,4,7,0.0,(sqrt(2.69) * sqrt((x0 + x0))),interior-CV,4.717757991770973e-30,2.644110862508357e-29,True,2.32*sqrt(x0),1,-27.631021115928547,0.009800910949707031
20290726,1,full,4,7,0.0,(sqrt(2.69) * sqrt((x0 + x0))),train-MSE,4.717757991770973e-30,2.644110862508357e-29,True,2.32*sqrt(x0),1,,0.009800910949707031
20290727,1,full,4,5,0.0,sqrt((0.82 * ((x0 * -0.53) * x0))),extrap-CV,2.195560136601449e-31,7.036261328188162e-31,True,0.659*sqrt((x0)^2),2,-27.631021115928547,0.0911259651184082
20290727,1,full,4,5,0.0,sqrt((0.82 * ((x0 * -0.53) * x0))),interior-CV,2.195560136601449e-31,7.036261328188162e-31,True,0.659*sqrt((x0)^2),2,-27.631021115928547,0.0911259651184082
20290727,1,full,4,5,0.0,sqrt((0.82 * ((x0 * -0.53) * x0))),train-MSE,2.195560136601449e-31,7.036261328188162e-31,True,0.659*sqrt((x0)^2),2,,0.0911259651184082
20290728,1,full,4,6,0.0,(sqrt(((x0 - 0.33) + x0)) * x0),extrap-CV,1.164094304443448e-25,2.0519775753399504e-28,True,-1.41*((sin(x0) * -1.77e-13) - (sqrt((0.165 - x0)) * x0)),6,-27.631021115928316,172.12521123886108
20290728,1,full,4,6,0.0,(sqrt(((x0 - 0.33) + x0)) * x0),interior-CV,1.164094304443448e-25,2.0519775753399504e-28,True,-1.41*((sin(x0) * -1.77e-13) - (sqrt((0.165 - x0)) * x0)),6,-27.631021115928508,172.12521123886108
20290728,1,full,4,6,0.0,(sqrt(((x0 - 0.33) + x0)) * x0),train-MSE,1.164094304443448e-25,2.0519775753399504e-28,True,-1.41*((sin(x0) * -1.77e-13) - (sqrt((0.165 - x0)) * x0)),6,,172.12521123886108
20290729,1,full,4,4,0.0,(cos((sin(x0) * x0)))^2,extrap-CV,2.2781979192761474e-32,1.6045740755826552e-31,True,-1*(sin((sin(x0) * x0)))^2 + 1,4,-27.631021115928547,12.215126037597656
20290729,1,full,4,4,0.0,(cos((sin(x0) * x0)))^2,interior-CV,2.2781979192761474e-32,1.6045740755826552e-31,True,-1*(sin((sin(x0) * x0)))^2 + 1,4,-27.631021115928547,12.215126037597656
20290729,1,full,4,4,0.0,(cos((sin(x0) * x0)))^2,train-MSE,2.2781979192761474e-32,1.6045740755826552e-31,True,-1*(sin((sin(x0) * x0)))^2 + 1,4,,12.215126037597656
20290730,1,full,4,4,0.0,(cos((x0 - (x0 * x0))) + x0),extrap-CV,2.6716500188539736e-30,6.299109931406174e-32,True,1*cos((x0 - (x0)^2)) + 1*x0,4,-27.631021115928547,0.710101842880249
20290730,1,full,4,4,0.0,(cos((x0 - (x0 * x0))) + x0),interior-CV,2.6716500188539736e-30,6.299109931406174e-32,True,1*cos((x0 - (x0)^2)) + 1*x0,4,-27.631021115928547,0.710101842880249
20290730,1,full,4,4,0.0,(cos((x0 - (x0 * x0))) + x0),train-MSE,2.6716500188539736e-30,6.299109931406174e-32,True,1*cos((x0 - (x0)^2)) + 1*x0,4,,0.710101842880249
20290731,1,full,4,5,0.0,sqrt((((x0 * x0) - 2.69) / x0)),extrap-CV,2.7051409975666383e-12,7.232362499317438e-11,True,1*sqrt(((sqrt((cos((x0 * -0.0483)) + 6.24)) / x0) - x0)),7,-27.46284549138791,536.5654938220978
20290731,1,full,4,5,0.0,sqrt((((x0 * x0) - 2.69) / x0)),interior-CV,2.7051409975666383e-12,7.232362499317438e-11,True,1*sqrt(((sqrt((cos((x0 * -0.0483)) + 6.24)) / x0) - x0)),7,-27.580311788565172,536.5654938220978
20290731,1,full,4,5,0.0,sqrt((((x0 * x0) - 2.69) / x0)),train-MSE,2.7051409975666383e-12,7.232362499317438e-11,True,1*sqrt(((sqrt((cos((x0 * -0.0483)) + 6.24)) / x0) - x0)),7,,536.5654938220978
20290732,1,full,4,3,0.0,cos((exp((x0 / x0)) - x0)),extrap-CV,2.7647956269758432e-31,1.6159675971322907e-30,True,-1*sin((2.99 - ((x0 - (x0)^2) / x0))),5,-27.631021115928547,29.979792833328247
20290732,1,full,4,3,0.0,cos((exp((x0 / x0)) - x0)),interior-CV,2.7647956269758432e-31,1.6159675971322907e-30,True,-1*sin((2.99 - ((x0 - (x0)^2) / x0))),5,-27.631021115928547,29.979792833328247
20290732,1,full,4,3,0.0,cos((exp((x0 / x0)) - x0)),train-MSE,2.7647956269758432e-31,1.6159675971322907e-30,True,-1*sin((2.99 - ((x0 - (x0)^2) / x0))),5,,29.979792833328247
20290733,1,full,4,2,0.0,(((x0 / x0) / x0) - (x0 / x0)),extrap-CV,3.224006726904233e-31,1.3013396783179672e-29,True,1*(x0 / (x0)^2) + -1,2,-27.631021115928547,0.09324169158935547
20290733,1,full,4,2,0.0,(((x0 / x0) / x0) - (x0 / x0)),interior-CV,3.224006726904233e-31,1.3013396783179672e-29,True,1*(x0 / (x0)^2) + -1,2,-27.631021115928547,0.09324169158935547
20290733,1,full,4,2,0.0,(((x0 / x0) / x0) - (x0 / x0)),train-MSE,3.224006726904233e-31,1.3013396783179672e-29,True,1*(x0 / (x0)^2) + -1,2,,0.09324169158935547
20290734,1,full,4,3,0.0,sqrt(sqrt((x0 * sqrt(x0)))),extrap-CV,6.297790918146261e-31,6.819209994836868e-29,True,1*sqrt(sqrt((sqrt(x0) * x0))),4,-27.631021115928547,8.1960768699646
20290734,1,full,4,3,0.0,sqrt(sqrt((x0 * sqrt(x0)))),interior-CV,6.297790918146261e-31,6.819209994836868e-29,True,1*sqrt(sqrt((sqrt(x0) * x0))),4,-27.631021115928547,8.1960768699646
20290734,1,full,4,3,0.0,sqrt(sqrt((x0 * sqrt(x0)))),train-MSE,6.297790918146261e-31,6.819209994836868e-29,True,1*sqrt(sqrt((sqrt(x0) * x0))),4,,8.1960768699646
20290735,1,full,4,3,0.0,(sin(-2.58) / (x0 - (x0 / x0))),extrap-CV,4.0746779462779225e-30,5.506750589329066e-28,True,0.533*(x0 / (x0 - (x0)^2)),3,-27.631021115928547,0.5507850646972656
20290735,1,full,4,3,0.0,(sin(-2.58) / (x0 - (x0 / x0))),interior-CV,4.0746779462779225e-30,5.506750589329066e-28,True,0.533*(x0 / (x0 - (x0)^2)),3,-27.6310211159284,0.5507850646972656
20290735,1,full,4,3,0.0,(sin(-2.58) / (x0 - (x0 / x0))),train-MSE,4.0746779462779225e-30,5.506750589329066e-28,True,0.533*(x0 / (x0 - (x0)^2)),3,,0.5507850646972656
20290736,1,full,4,2,0.0,(sin(x0) - ((1.57 - x0) + x0)),extrap-CV,1.6042996436745675e-31,3.4911468564971936e-31,True,1*sin(x0) + -1.57,1,-27.631021115928547,0.042402029037475586
20290736,1,full,4,2,0.0,(sin(x0) - ((1.57 - x0) + x0)),interior-CV,1.6042996436745675e-31,3.4911468564971936e-31,True,1*sin(x0) + -1.57,1,-27.631021115928547,0.042402029037475586
20290736,1,full,4,2,0.0,(sin(x0) - ((1.57 - x0) + x0)),train-MSE,1.6042996436745675e-31,3.4911468564971936e-31,True,1*sin(x0) + -1.57,1,,0.042402029037475586
20290737,1,full,4,5,0.0,((sin(x0) - (x0 + 1.47)) * x0),extrap-CV,1.222685099285992e-27,8.97906049564485e-30,True,1*(sin(x0) * x0) + -1.47*x0 + -1*x0^2,4,-27.631021115928547,0.5038261413574219
20290737,1,full,4,5,0.0,((sin(x0) - (x0 + 1.47)) * x0),interior-CV,1.222685099285992e-27,8.97906049564485e-30,True,1*(sin(x0) * x0) + -1.47*x0 + -1*x0^2,4,-27.631021115928547,0.5038261413574219
20290737,1,full,4,5,0.0,((sin(x0) - (x0 + 1.47)) * x0),train-MSE,1.222685099285992e-27,8.97906049564485e-30,True,1*(sin(x0) * x0) + -1.47*x0 + -1*x0^2,4,,0.5038261413574219
20290738,1,full,4,4,0.0,((x0 + x0) - cos(sin(x0))),extrap-CV,9.614242282381081e-30,5.628371808291529e-32,True,-1*cos(sin(x0)) + 2*x0,3,-27.631021115928547,0.10174298286437988
20290738,1,full,4,4,0.0,((x0 + x0) - cos(sin(x0))),interior-CV,9.614242282381081e-30,5.628371808291529e-32,True,-1*cos(sin(x0)) + 2*x0,3,-27.631021115928547,0.10174298286437988
20290738,1,full,4,4,0.0,((x0 + x0) - cos(sin(x0))),train-MSE,9.614242282381081e-30,5.628371808291529e-32,True,-1*cos(sin(x0)) + 2*x0,3,,0.10174298286437988
20290739,1,full,4,5,0.0,((x0 * (x0 + log(x0))) + 2.89),extrap-CV,4.133138105292339e-28,1.5390952510170305e-30,True,1*(log(x0) * x0) + 2.89 + 1*x0^2,3,-27.631021115928547,0.0710899829864502
20290739,1,full,4,5,0.0,((x0 * (x0 + log(x0))) + 2.89),interior-CV,4.133138105292339e-28,1.5390952510170305e-30,True,1*(log(x0) * x0) + 2.89 + 1*x0^2,3,-27.631021115928547,0.0710899829864502
20290739,1,full,4,5,0.0,((x0 * (x0 + log(x0))) + 2.89),train-MSE,4.133138105292339e-28,1.5390952510170305e-30,True,1*(log(x0) * x0) + 2.89 + 1*x0^2,3,,0.0710899829864502
20290740,1,full,4,6,0.0,(-2.64 + (sqrt(x0) * (x0)^2)),extrap-CV,3.2343297114061484e-28,2.403924157673042e-31,True,1*(sqrt(x0) * (x0)^2) + -2.64,3,-27.631021115928547,0.6673727035522461
20290740,1,full,4,6,0.0,(-2.64 + (sqrt(x0) * (x0)^2)),interior-CV,3.2343297114061484e-28,2.403924157673042e-31,True,1*(sqrt(x0) * (x0)^2) + -2.64,3,-27.631021115928547,0.6673727035522461
20290740,1,full,4,6,0.0,(-2.64 + (sqrt(x0) * (x0)^2)),train-MSE,3.2343297114061484e-28,2.403924157673042e-31,True,1*(sqrt(x0) * (x0)^2) + -2.64,3,,0.6673727035522461
20290741,1,full,4,5,0.0,log((cos(x0) + (x0 + x0))),extrap-CV,0.29488525980150104,13.281602190744485,False,0.983*log(((((exp((x0 * 0.648)))^2 + 2.2) * 0.163) + x0)) + 0.623 + -0.298*x0 + -0.0565*x0^2,9,-4.863679969531301,457.5209541320801
20290741,1,full,4,5,0.0,log((cos(x0) + (x0 + x0))),interior-CV,0.29488525980150104,13.281602190744485,False,0.983*log(((((exp((x0 * 0.648)))^2 + 2.2) * 0.163) + x0)) + 0.623 + -0.298*x0 + -0.0565*x0^2,9,-7.34827589983082,457.5209541320801
20290741,1,full,4,5,0.0,log((cos(x0) + (x0 + x0))),train-MSE,0.29488525980150104,13.281602190744485,False,0.983*log(((((exp((x0 * 0.648)))^2 + 2.2) * 0.163) + x0)) + 0.623 + -0.298*x0 + -0.0565*x0^2,9,,457.5209541320801
20290742,1,full,4,3,0.0,cos(((-0.78 / (-1.41 / x0)))^2),extrap-CV,0.0030505682338837084,0.006306245187755922,False,0.999*cos((((0.999 - cos((sqrt(x0) * 0.206))) * x0) * 14.7)) + -0.000602 + 2.9e-05*x0 + -9.31e-05*x0^2,9,-7.972732382425574,493.1106970310211
20290742,1,full,4,3,0.0,cos(((-0.78 / (-1.41 / x0)))^2),interior-CV,0.0030505682338837084,0.006306245187755922,False,0.999*cos((((0.999 - cos((sqrt(x0) * 0.206))) * x0) * 14.7)) + -0.000602 + 2.9e-05*x0 + -9.31e-05*x0^2,9,-13.878138332199041,493.1106970310211
20290742,1,full,4,3,0.0,cos(((-0.78 / (-1.41 / x0)))^2),train-MSE,0.0030505682338837084,0.006306245187755922,False,0.999*cos((((0.999 - cos((sqrt(x0) * 0.206))) * x0) * 14.7)) + -0.000602 + 2.9e-05*x0 + -9.31e-05*x0^2,9,,493.1106970310211
20290743,1,full,4,2,0.0,((((x0 - x0) + x0) * x0) + x0),extrap-CV,1.0486919658781826e-28,6.379558109398256e-31,True,0.5*x0 + 0.5*x0 + 1*x0^2,2,-27.631021115928547,0.005476713180541992
20290743,1,full,4,2,0.0,((((x0 - x0) + x0) * x0) + x0),interior-CV,1.0486919658781826e-28,6.379558109398256e-31,True,0.5*x0 + 0.5*x0 + 1*x0^2,2,-27.631021115928547,0.005476713180541992
20290743,1,full,4,2,0.0,((((x0 - x0) + x0) * x0) + x0),train-MSE,1.0486919658781826e-28,6.379558109398256e-31,True,0.5*x0 + 0.5*x0 + 1*x0^2,2,,0.005476713180541992
20290744,1,full,4,5,0.0,(x0 - ((x0)^2 - log(x0))),extrap-CV,8.00693818799327e-29,4.879153452339956e-31,True,1*log(x0) + 1*x0 + -1*x0^2,3,-27.631021115928547,0.028522014617919922
20290744,1,full,4,5,0.0,(x0 - ((x0)^2 - log(x0))),interior-CV,8.00693818799327e-29,4.879153452339956e-31,True,1*log(x0) + 1*x0 + -1*x0^2,3,-27.631021115928547,0.028522014617919922
20290744,1,full,4,5,0.0,(x0 - ((x0)^2 - log(x0))),train-MSE,8.00693818799327e-29,4.879153452339956e-31,True,1*log(x0) + 1*x0 + -1*x0^2,3,,0.028522014617919922
20290745,1,full,4,4,0.0,(log(((x0 * x0) * x0)) + x0),extrap-CV,2.6506959010590404e-29,6.061228797815803e-31,True,3*log(x0) + 1*x0,2,-27.631021115928547,0.03271889686584473
20290745,1,full,4,4,0.0,(log(((x0 * x0) * x0)) + x0),interior-CV,2.6506959010590404e-29,6.061228797815803e-31,True,3*log(x0) + 1*x0,2,-27.631021115928547,0.03271889686584473
20290745,1,full,4,4,0.0,(log(((x0 * x0) * x0)) + x0),train-MSE,2.6506959010590404e-29,6.061228797815803e-31,True,3*log(x0) + 1*x0,2,,0.03271889686584473
20290746,1,full,4,4,0.0,(sin((x0 * sin(x0))) - x0),extrap-CV,1.0322984501915584e-30,2.4043284536799666e-32,True,1*sin((sin(x0) * x0)) + -1*x0,4,-27.631021115928547,0.6772079467773438
20290746,1,full,4,4,0.0,(sin((x0 * sin(x0))) - x0),interior-CV,1.0322984501915584e-30,2.4043284536799666e-32,True,1*sin((sin(x0) * x0)) + -1*x0,4,-27.631021115928547,0.6772079467773438
20290746,1,full,4,4,0.0,(sin((x0 * sin(x0))) - x0),train-MSE,1.0322984501915584e-30,2.4043284536799666e-32,True,1*sin((sin(x0) * x0)) + -1*x0,4,,0.6772079467773438
20290747,1,full,4,3,0.0,cos((log(exp(x0)) + 1.81)),extrap-CV,8.760060914918297e-32,2.0709706944303787e-31,True,-1*((-6.25e-18 / cos(sqrt(x0))) + sin((x0 + 0.239))),6,-27.631021115928547,149.36968898773193
20290747,1,full,4,3,0.0,cos((log(exp(x0)) + 1.81)),interior-CV,8.760060914918297e-32,2.0709706944303787e-31,True,-1*((-6.25e-18 / cos(sqrt(x0))) + sin((x0 + 0.239))),6,-27.631021115928547,149.36968898773193
20290747,1,full,4,3,0.0,cos((log(exp(x0)) + 1.81)),train-MSE,8.760060914918297e-32,2.0709706944303787e-31,True,-1*((-6.25e-18 / cos(sqrt(x0))) + sin((x0 + 0.239))),6,,149.36968898773193
20290748,1,full,4,5,0.0,(sqrt(x0) + (x0 + (2.28 / -0.92))),extrap-CV,1.5869662741750823e-30,3.8373807150002717e-32,True,1*sqrt(x0) + -2.48 + 1*x0,2,-27.631021115928547,0.06989002227783203
20290748,1,full,4,5,0.0,(sqrt(x0) + (x0 + (2.28 / -0.92))),interior-CV,1.5869662741750823e-30,3.8373807150002717e-32,True,1*sqrt(x0) + -2.48 + 1*x0,2,-27.631021115928547,0.06989002227783203
20290748,1,full,4,5,0.0,(sqrt(x0) + (x0 + (2.28 / -0.92))),train-MSE,1.5869662741750823e-30,3.8373807150002717e-32,True,1*sqrt(x0) + -2.48 + 1*x0,2,,0.06989002227783203
20290749,1,full,4,5,0.0,sqrt(cos(((2.97 - 0.77) * x0))),extrap-CV,0.0007110607211215844,0.011478644100888662,False,1.28*sin(sqrt(cos((((0.000315 / log(x0)) + 2.2) * x0)))) + -0.103 + -0.000975*x0 + 0.00015*x0^2,9,-7.149969308331906,382.38920497894287
20290749,1,full,4,5,0.0,sqrt(cos(((2.97 - 0.77) * x0))),interior-CV,0.0007110607211215844,0.011478644100888662,False,1.28*sin(sqrt(cos((((0.000315 / log(x0)) + 2.2) * x0)))) + -0.103 + -0.000975*x0 + 0.00015*x0^2,9,-7.650014129273832,382.38920497894287
20290749,1,full,4,5,0.0,sqrt(cos(((2.97 - 0.77) * x0))),train-MSE,0.0007110607211215844,0.011478644100888662,False,1.28*sin(sqrt(cos((((0.000315 / log(x0)) + 2.2) * x0)))) + -0.103 + -0.000975*x0 + 0.00015*x0^2,9,,382.38920497894287
20290750,1,full,4,2,0.0,cos((x0 - (sin(1.83))^2)),extrap-CV,1.263231399629469e-31,3.3304716123490643e-31,True,1*cos((0.0657 - ((x0 - (x0)^2) / x0))),5,-27.631021115928547,26.610063076019287
20290750,1,full,4,2,0.0,cos((x0 - (sin(1.83))^2)),interior-CV,1.263231399629469e-31,3.3304716123490643e-31,True,1*cos((0.0657 - ((x0 - (x0)^2) / x0))),5,-27.631021115928547,26.610063076019287
20290750,1,full,4,2,0.0,cos((x0 - (sin(1.83))^2)),train-MSE,1.263231399629469e-31,3.3304716123490643e-31,True,1*cos((0.0657 - ((x0 - (x0)^2) / x0))),5,,26.610063076019287
20290751,1,full,4,5,0.0,sqrt((x0 / (0.76 / (0.76 * x0)))),extrap-CV,1.1093356479670479e-31,1.56288994655703e-31,True,1*sqrt((x0)^2),2,-27.631021115928547,0.12247776985168457
20290751,1,full,4,5,0.0,sqrt((x0 / (0.76 / (0.76 * x0)))),interior-CV,1.1093356479670479e-31,1.56288994655703e-31,True,1*sqrt((x0)^2),2,-27.631021115928547,0.12247776985168457
20290751,1,full,4,5,0.0,sqrt((x0 / (0.76 / (0.76 * x0)))),train-MSE,1.1093356479670479e-31,1.56288994655703e-31,True,1*sqrt((x0)^2),2,,0.12247776985168457
20290752,1,full,4,3,0.0,(cos((x0 - (-0.97 * x0))) + x0),extrap-CV,3.6287601640166543e-29,8.262902485716805e-31,True,-2*((sqrt(x0) * -2.53e-16) + (sin((x0 * 0.985)))^2) + 1 + 1*x0,7,-27.631021115928547,195.90501403808594
20290752,1,full,4,3,0.0,(cos((x0 - (-0.97 * x0))) + x0),interior-CV,3.6287601640166543e-29,8.262902485716805e-31,True,-2*((sqrt(x0) * -2.53e-16) + (sin((x0 * 0.985)))^2) + 1 + 1*x0,7,-27.631021115928547,195.90501403808594
20290752,1,full,4,3,0.0,(cos((x0 - (-0.97 * x0))) + x0),train-MSE,3.6287601640166543e-29,8.262902485716805e-31,True,-2*((sqrt(x0) * -2.53e-16) + (sin((x0 * 0.985)))^2) + 1 + 1*x0,7,,195.90501403808594
20290753,1,full,4,3,0.0,(x0 + (-1.32 + ((2.41 + -2.47) / x0))),extrap-CV,1.2201921755659771e-29,2.8325121310644853e-31,True,-0.06*(x0 / (x0)^2) + -1.32 + 1*x0,3,-27.631021115928547,0.019197940826416016
20290753,1,full,4,3,0.0,(x0 + (-1.32 + ((2.41 + -2.47) / x0))),interior-CV,1.2201921755659771e-29,2.8325121310644853e-31,True,-0.06*(x0 / (x0)^2) + -1.32 + 1*x0,3,-27.631021115928547,0.019197940826416016
20290753,1,full,4,3,0.0,(x0 + (-1.32 + ((2.41 + -2.47) / x0))),train-MSE,1.2201921755659771e-29,2.8325121310644853e-31,True,-0.06*(x0 / (x0)^2) + -1.32 + 1*x0,3,,0.019197940826416016
20290754,1,full,4,4,0.0,(cos(cos(x0)) + (x0 + x0)),extrap-CV,1.0563340558975111e-29,6.217826346680877e-32,True,1*cos(cos(x0)) + 2*x0,3,-27.631021115928547,0.02439427375793457
20290754,1,full,4,4,0.0,(cos(cos(x0)) + (x0 + x0)),interior-CV,1.0563340558975111e-29,6.217826346680877e-32,True,1*cos(cos(x0)) + 2*x0,3,-27.631021115928547,0.02439427375793457
20290754,1,full,4,4,0.0,(cos(cos(x0)) + (x0 + x0)),train-MSE,1.0563340558975111e-29,6.217826346680877e-32,True,1*cos(cos(x0)) + 2*x0,3,,0.02439427375793457
20290755,1,full,4,5,0.0,(sin((log(x0) * x0)))^2,extrap-CV,1.7380367970555567e-32,1.602452637784691e-31,True,1*(sin((log(x0) * x0)))^2,4,-27.631021115928547,11.119261026382446
20290755,1,full,4,5,0.0,(sin((log(x0) * x0)))^2,interior-CV,1.7380367970555567e-32,1.602452637784691e-31,True,1*(sin((log(x0) * x0)))^2,4,-27.631021115928547,11.119261026382446
20290755,1,full,4,5,0.0,(sin((log(x0) * x0)))^2,train-MSE,1.7380367970555567e-32,1.602452637784691e-31,True,1*(sin((log(x0) * x0)))^2,4,,11.119261026382446
20290756,1,full,4,3,0.0,cos(cos(((-0.29 * 0.5) * x0))),extrap-CV,6.56698076986045e-19,2.3124783960430486e-16,True,1*cos(cos((log(sqrt((exp(x0) + -4.27e-13))) * 0.29))),7,-27.63102069839357,445.45321917533875
20290756,1,full,4,3,0.0,cos(cos(((-0.29 * 0.5) * x0))),interior-CV,6.56698076986045e-19,2.3124783960430486e-16,True,1*cos(cos((log(sqrt((exp(x0) + -4.27e-13))) * 0.29))),7,-27.631021042474547,445.45321917533875
20290756,1,full,4,3,0.0,cos(cos(((-0.29 * 0.5) * x0))),train-MSE,6.56698076986045e-19,2.3124783960430486e-16,True,1*cos(cos((log(sqrt((exp(x0) + -4.27e-13))) * 0.29))),7,,445.45321917533875
20290757,1,full,4,4,0.0,((-0.44 + (x0 - (x0 * x0))))^2,extrap-CV,1.2275218421541736e-23,7.889750592584002e-30,True,1*((x0 - (x0)^2))^2 + 0.194 + -0.88*x0 + 0.88*x0^2,5,-27.631021115928533,1.6211681365966797
20290757,1,full,4,4,0.0,((-0.44 + (x0 - (x0 * x0))))^2,interior-CV,1.2275218421541736e-23,7.889750592584002e-30,True,1*((x0 - (x0)^2))^2 + 0.194 + -0.88*x0 + 0.88*x0^2,5,-27.631021115928366,1.6211681365966797
20290757,1,full,4,4,0.0,((-0.44 + (x0 - (x0 * x0))))^2,train-MSE,1.2275218421541736e-23,7.889750592584002e-30,True,1*((x0 - (x0)^2))^2 + 0.194 + -0.88*x0 + 0.88*x0^2,5,,1.6211681365966797
20290758,1,full,4,8,0.0,(x0 - (sqrt((x0 + x0)) / 2.27)),extrap-CV,2.6261980721664348e-30,6.079694263749329e-32,True,-0.623*sqrt(x0) + 1*x0,2,-27.631021115928547,0.03744316101074219
20290758,1,full,4,8,0.0,(x0 - (sqrt((x0 + x0)) / 2.27)),interior-CV,2.6261980721664348e-30,6.079694263749329e-32,True,-0.623*sqrt(x0) + 1*x0,2,-27.631021115928547,0.03744316101074219
20290758,1,full,4,8,0.0,(x0 - (sqrt((x0 + x0)) / 2.27)),train-MSE,2.6261980721664348e-30,6.079694263749329e-32,True,-0.623*sqrt(x0) + 1*x0,2,,0.03744316101074219
20290759,1,full,4,2,0.0,((x0 - sin(cos(-0.94))))^2,extrap-CV,2.1207046322669613e-27,1.2000475267107405e-29,True,-0.556*x0 + 0.309 + -0.556*x0 + 1*x0^2,2,-27.631021115928547,0.012477874755859375
20290759,1,full,4,2,0.0,((x0 - sin(cos(-0.94))))^2,interior-CV,2.1207046322669613e-27,1.2000475267107405e-29,True,-0.556*x0 + 0.309 + -0.556*x0 + 1*x0^2,2,-27.631021115928547,0.012477874755859375
20290759,1,full,4,2,0.0,((x0 - sin(cos(-0.94))))^2,train-MSE,2.1207046322669613e-27,1.2000475267107405e-29,True,-0.556*x0 + 0.309 + -0.556*x0 + 1*x0^2,2,,0.012477874755859375
20290760,1,full,4,4,0.0,(((x0 * x0) - cos(x0)) - x0),extrap-CV,1.143355274504704e-28,7.116718733705819e-31,True,-1*cos(x0) + -1*x0 + 1*x0^2,3,-27.631021115928547,0.10920286178588867
20290760,1,full,4,4,0.0,(((x0 * x0) - cos(x0)) - x0),interior-CV,1.143355274504704e-28,7.116718733705819e-31,True,-1*cos(x0) + -1*x0 + 1*x0^2,3,-27.631021115928547,0.10920286178588867
20290760,1,full,4,4,0.0,(((x0 * x0) - cos(x0)) - x0),train-MSE,1.143355274504704e-28,7.116718733705819e-31,True,-1*cos(x0) + -1*x0 + 1*x0^2,3,,0.10920286178588867
20290761,1,full,4,5,0.0,sin((sin(x0) * log(x0))),extrap-CV,5.106293387231879e-31,7.975375377468106e-31,True,1*sin((log(x0) * sin(x0))),4,-27.631021115928547,19.409846782684326
20290761,1,full,4,5,0.0,sin((sin(x0) * log(x0))),interior-CV,5.106293387231879e-31,7.975375377468106e-31,True,1*sin((log(x0) * sin(x0))),4,-27.631021115928547,19.409846782684326
20290761,1,full,4,5,0.0,sin((sin(x0) * log(x0))),train-MSE,5.106293387231879e-31,7.975375377468106e-31,True,1*sin((log(x0) * sin(x0))),4,,19.409846782684326
20290762,1,full,4,3,0.0,(sin(x0) / (x0 / sin(x0))),extrap-CV,4.557617958286742e-35,6.1024888267094706e-33,True,1*((sin(x0))^2 / x0),3,-27.631021115928547,2.960724115371704
20290762,1,full,4,3,0.0,(sin(x0) / (x0 / sin(x0))),interior-CV,4.557617958286742e-35,6.1024888267094706e-33,True,1*((sin(x0))^2 / x0),3,-27.631021115928547,2.960724115371704
20290762,1,full,4,3,0.0,(sin(x0) / (x0 / sin(x0))),train-MSE,4.557617958286742e-35,6.1024888267094706e-33,True,1*((sin(x0))^2 / x0),3,,2.960724115371704
20290763,1,full,4,3,0.0,((x0 + sin((x0 / x0))))^2,extrap-CV,6.010134021652584e-28,2.3985170441347385e-30,True,0.841*x0 + 0.708 + 0.841*x0 + 1*x0^2,2,-27.631021115928547,0.008431196212768555
20290763,1,full,4,3,0.0,((x0 + sin((x0 / x0))))^2,interior-CV,6.010134021652584e-28,2.3985170441347385e-30,True,0.841*x0 + 0.708 + 0.841*x0 + 1*x0^2,2,-27.631021115928547,0.008431196212768555
20290763,1,full,4,3,0.0,((x0 + sin((x0 / x0))))^2,train-MSE,6.010134021652584e-28,2.3985170441347385e-30,True,0.841*x0 + 0.708 + 0.841*x0 + 1*x0^2,2,,0.008431196212768555
20290764,1,full,4,3,0.0,(sin((x0 / (-1.48)^2)))^2,extrap-CV,2.584756714324998e-26,9.393331129294337e-25,True,-0.5*(((sin(x0) / x0) * 4.1e-13) + cos((x0 * 0.913))) + 0.5,6,-27.631021115928547,257.24939584732056
20290764,1,full,4,3,0.0,(sin((x0 / (-1.48)^2)))^2,interior-CV,2.584756714324998e-26,9.393331129294337e-25,True,-0.5*(((sin(x0) / x0) * 4.1e-13) + cos((x0 * 0.913))) + 0.5,6,-27.631021115928547,257.24939584732056
20290764,1,full,4,3,0.0,(sin((x0 / (-1.48)^2)))^2,train-MSE,2.584756714324998e-26,9.393331129294337e-25,True,-0.5*(((sin(x0) / x0) * 4.1e-13) + cos((x0 * 0.913))) + 0.5,6,,257.24939584732056
20290765,1,full,4,4,0.0,((x0 * (x0 - (x0 * x0))) + 2.26),extrap-CV,9.503407325197529e-27,9.693616968025228e-32,True,-1*((x0)^2 * x0) + 2.26 + 1*x0^2,3,-27.631021115928547,0.19014477729797363
20290765,1,full,4,4,0.0,((x0 * (x0 - (x0 * x0))) + 2.26),interior-CV,9.503407325197529e-27,9.693616968025228e-32,True,-1*((x0)^2 * x0) + 2.26 + 1*x0^2,3,-27.631021115928547,0.19014477729797363
20290765,1,full,4,4,0.0,((x0 * (x0 - (x0 * x0))) + 2.26),train-MSE,9.503407325197529e-27,9.693616968025228e-32,True,-1*((x0)^2 * x0) + 2.26 + 1*x0^2,3,,0.19014477729797363
20290766,1,full,4,6,0.0,((x0 * log(log(x0))) + x0),extrap-CV,1.1247430875221457e-30,9.46024496059253e-33,True,1*(log(log(x0)) * x0) + 1*x0,4,-27.631021115928547,1.0753662586212158
20290766,1,full,4,6,0.0,((x0 * log(log(x0))) + x0),interior-CV,1.1247430875221457e-30,9.46024496059253e-33,True,1*(log(log(x0)) * x0) + 1*x0,4,-27.631021115928547,1.0753662586212158
20290766,1,full,4,6,0.0,((x0 * log(log(x0))) + x0),train-MSE,1.1247430875221457e-30,9.46024496059253e-33,True,1*(log(log(x0)) * x0) + 1*x0,4,,1.0753662586212158
20290767,1,full,4,4,0.0,cos(sin((-0.92 + (x0)^2))),extrap-CV,0.04308065964603042,1.7148841170368585,False,0.222*sin(((1.87 - (log((1.99e-08 / x0)) * (x0)^2)) * 0.103)) + 0.738 + 0.00138*x0 + 0.00202*x0^2,9,-4.823943799708706,471.69684505462646
20290767,1,full,4,4,0.0,cos(sin((-0.92 + (x0)^2))),interior-CV,0.04308065964603042,1.7148841170368585,False,0.222*sin(((1.87 - (log((1.99e-08 / x0)) * (x0)^2)) * 0.103)) + 0.738 + 0.00138*x0 + 0.00202*x0^2,9,-7.4976777448291765,471.69684505462646
20290767,1,full,4,4,0.0,cos(sin((-0.92 + (x0)^2))),train-MSE,0.04308065964603042,1.7148841170368585,False,0.222*sin(((1.87 - (log((1.99e-08 / x0)) * (x0)^2)) * 0.103)) + 0.738 + 0.00138*x0 + 0.00202*x0^2,9,,471.69684505462646
20290768,1,full,4,2,0.0,(x0 - cos(((x0 - x0) - x0))),extrap-CV,9.931635537216098e-30,2.2745568178717037e-31,True,-1*cos(x0) + 1*x0,2,-27.631021115928547,0.00842905044555664
20290768,1,full,4,2,0.0,(x0 - cos(((x0 - x0) - x0))),interior-CV,9.931635537216098e-30,2.2745568178717037e-31,True,-1*cos(x0) + 1*x0,2,-27.631021115928547,0.00842905044555664
20290768,1,full,4,2,0.0,(x0 - cos(((x0 - x0) - x0))),train-MSE,9.931635537216098e-30,2.2745568178717037e-31,True,-1*cos(x0) + 1*x0,2,,0.00842905044555664
20290769,1,full,4,4,0.0,log((-2.54 / (x0 * (x0 + x0)))),extrap-CV,3.1246287417738514e-30,4.767717956892529e-29,True,-2*log(x0) + 0.239,1,-27.631021115928547,0.018737077713012695
20290769,1,full,4,4,0.0,log((-2.54 / (x0 * (x0 + x0)))),interior-CV,3.1246287417738514e-30,4.767717956892529e-29,True,-2*log(x0) + 0.239,1,-27.631021115928547,0.018737077713012695
20290769,1,full,4,4,0.0,log((-2.54 / (x0 * (x0 + x0)))),train-MSE,3.1246287417738514e-30,4.767717956892529e-29,True,-2*log(x0) + 0.239,1,,0.018737077713012695
20290770,1,full,4,5,0.0,sqrt(cos((x0 + log(-2.05)))),extrap-CV,1.7192277263544625e-31,3.240367127896551e-30,True,0.811*sqrt((sin(x0) - (cos(x0) * 1.15))),5,-27.631021115928547,58.212198972702026
20290770,1,full,4,5,0.0,sqrt(cos((x0 + log(-2.05)))),interior-CV,1.7192277263544625e-31,3.240367127896551e-30,True,0.811*sqrt((sin(x0) - (cos(x0) * 1.15))),5,-27.631021115928547,58.212198972702026
20290770,1,full,4,5,0.0,sqrt(cos((x0 + log(-2.05)))),train-MSE,1.7192277263544625e-31,3.240367127896551e-30,True,0.811*sqrt((sin(x0) - (cos(x0) * 1.15))),5,,58.212198972702026
20290771,1,full,4,1,0.0,((1.57 * x0) / ((x0 + x0))^2),extrap-CV,7.605918647560529e-34,1.9718198332035008e-31,True,0.392*(x0 / (x0)^2),2,-27.631021115928547,0.12276291847229004
20290771,1,full,4,1,0.0,((1.57 * x0) / ((x0 + x0))^2),interior-CV,7.605918647560529e-34,1.9718198332035008e-31,True,0.392*(x0 / (x0)^2),2,-27.631021115928547,0.12276291847229004
20290771,1,full,4,1,0.0,((1.57 * x0) / ((x0 + x0))^2),train-MSE,7.605918647560529e-34,1.9718198332035008e-31,True,0.392*(x0 / (x0)^2),2,,0.12276291847229004
20290772,1,full,6,4,0.0,(((((x0)^2 * x0) * -0.27) - x0) * cos(-2.05)),extrap-CV,1.3308576509144232e-27,7.445037608649282e-31,True,0.124*((x0)^2 * x0) + 0.461*x0,3,-27.631021115928547,0.1876049041748047
20290772,1,full,6,4,0.0,(((((x0)^2 * x0) * -0.27) - x0) * cos(-2.05)),interior-CV,1.3308576509144232e-27,7.445037608649282e-31,True,0.124*((x0)^2 * x0) + 0.461*x0,3,-27.631021115928547,0.1876049041748047
20290772,1,full,6,4,0.0,(((((x0)^2 * x0) * -0.27) - x0) * cos(-2.05)),train-MSE,1.3308576509144232e-27,7.445037608649282e-31,True,0.124*((x0)^2 * x0) + 0.461*x0,3,,0.1876049041748047
20290773,1,full,6,6,0.0,(((cos(x0))^2 - (x0 + (x0)^2)) * x0),extrap-CV,0.001140614947752964,1.1784009558675125e-08,False,9.47e+06*((((cos(x0))^2 * x0) * 1.06e-07) + sin((x0 * 0.00859))) + -8.14e+04*x0 + -1*x0^2,9,-11.73370560617989,450.38371205329895
20290773,1,full,6,6,0.0,(((cos(x0))^2 - (x0 + (x0)^2)) * x0),interior-CV,0.001140614947752964,1.1784009558675125e-08,False,9.47e+06*((((cos(x0))^2 * x0) * 1.06e-07) + sin((x0 * 0.00859))) + -8.14e+04*x0 + -1*x0^2,9,-16.10406464983105,450.38371205329895
20290773,1,full,6,6,0.0,(((cos(x0))^2 - (x0 + (x0)^2)) * x0),train-MSE,0.001140614947752964,1.1784009558675125e-08,False,9.47e+06*((((cos(x0))^2 * x0) * 1.06e-07) + sin((x0 * 0.00859))) + -8.14e+04*x0 + -1*x0^2,9,,450.38371205329895
20290774,1,full,6,4,0.0,sqrt(((-2.7 + x0) + (log(-1.77) + (x0 / x0)))),extrap-CV,2.621190654311028e-31,3.217562558629361e-30,True,1*sqrt((((x0 * 1.13) - (x0)^2) / x0)),5,-27.631021115928547,89.39486598968506
20290774,1,full,6,4,0.0,sqrt(((-2.7 + x0) + (log(-1.77) + (x0 / x0)))),interior-CV,2.621190654311028e-31,3.217562558629361e-30,True,1*sqrt((((x0 * 1.13) - (x0)^2) / x0)),5,-27.631021115928547,89.39486598968506
20290774,1,full,6,4,0.0,sqrt(((-2.7 + x0) + (log(-1.77) + (x0 / x0)))),train-MSE,2.621190654311028e-31,3.217562558629361e-30,True,1*sqrt((((x0 * 1.13) - (x0)^2) / x0)),5,,89.39486598968506
20290775,1,full,6,4,0.0,((x0 / x0) * sqrt((x0 / sin(log(2.5))))),extrap-CV,3.3349402917009376e-30,9.448102605957325e-29,True,1.12*sqrt(x0),1,-27.631021115928547,0.07691693305969238
20290775,1,full,6,4,0.0,((x0 / x0) * sqrt((x0 / sin(log(2.5))))),interior-CV,3.3349402917009376e-30,9.448102605957325e-29,True,1.12*sqrt(x0),1,-27.631021115928547,0.07691693305969238
20290775,1,full,6,4,0.0,((x0 / x0) * sqrt((x0 / sin(log(2.5))))),train-MSE,3.3349402917009376e-30,9.448102605957325e-29,True,1.12*sqrt(x0),1,,0.07691693305969238
20290776,1,full,6,4,0.0,((2.04 + (x0 * (x0 + x0))) + ((x0 - x0) - x0)),extrap-CV,3.875476412124526e-27,6.558231659256175e-30,True,-0.5*x0 + 2.04 + -0.5*x0 + 2*x0^2,2,-27.631021115928547,0.08236813545227051
20290776,1,full,6,4,0.0,((2.04 + (x0 * (x0 + x0))) + ((x0 - x0) - x0)),interior-CV,3.875476412124526e-27,6.558231659256175e-30,True,-0.5*x0 + 2.04 + -0.5*x0 + 2*x0^2,2,-27.631021115928547,0.08236813545227051
20290776,1,full,6,4,0.0,((2.04 + (x0 * (x0 + x0))) + ((x0 - x0) - x0)),train-MSE,3.875476412124526e-27,6.558231659256175e-30,True,-0.5*x0 + 2.04 + -0.5*x0 + 2*x0^2,2,,0.08236813545227051
20290777,1,full,6,4,0.0,(exp((-2 + 1.36)) - ((sqrt(x0) * x0) / x0)),extrap-CV,2.056893180605568e-31,6.754002401242893e-30,True,-1*sqrt(x0) + 0.527,1,-27.631021115928547,0.15082406997680664
20290777,1,full,6,4,0.0,(exp((-2 + 1.36)) - ((sqrt(x0) * x0) / x0)),interior-CV,2.056893180605568e-31,6.754002401242893e-30,True,-1*sqrt(x0) + 0.527,1,-27.631021115928547,0.15082406997680664
20290777,1,full,6,4,0.0,(exp((-2 + 1.36)) - ((sqrt(x0) * x0) / x0)),train-MSE,2.056893180605568e-31,6.754002401242893e-30,True,-1*sqrt(x0) + 0.527,1,,0.15082406997680664
20290778,1,full,6,7,0.0,((log(x0) / exp(x0)) - ((x0 * x0) + x0)),extrap-CV,3.0574160177119845e-24,1.1582582329521575e-30,True,1*(log(x0) / exp(x0)) + -1*x0 + -1*x0^2,5,-27.631021115928547,1.7765817642211914
20290778,1,full,6,7,0.0,((log(x0) / exp(x0)) - ((x0 * x0) + x0)),interior-CV,3.0574160177119845e-24,1.1582582329521575e-30,True,1*(log(x0) / exp(x0)) + -1*x0 + -1*x0^2,5,-27.631021115928547,1.7765817642211914
20290778,1,full,6,7,0.0,((log(x0) / exp(x0)) - ((x0 * x0) + x0)),train-MSE,3.0574160177119845e-24,1.1582582329521575e-30,True,1*(log(x0) / exp(x0)) + -1*x0 + -1*x0^2,5,,1.7765817642211914
20290779,1,full,6,7,0.0,((cos(x0) / (2.25 + sin((x0 * x0)))))^2,extrap-CV,0.02600846723419504,1.20191746446139,False,0.0499*log((x0 / log(cos((x0 * 0.955))))) + 0.0314 + 0.00119*x0 + -0.00396*x0^2,7,-4.180863108895979,376.9466528892517
20290779,1,full,6,7,0.0,((cos(x0) / (2.25 + sin((x0 * x0)))))^2,interior-CV,0.02600846723419504,1.20191746446139,False,0.0499*log((x0 / log(cos((x0 * 0.955))))) + 0.0314 + 0.00119*x0 + -0.00396*x0^2,7,-5.829386339218506,376.9466528892517
20290779,1,full,6,7,0.0,((cos(x0) / (2.25 + sin((x0 * x0)))))^2,train-MSE,0.0229048375040014,1.058490835650414,False,-0.313*cos(sqrt((cos(x0) / ((sin(x0) * x0) + 0.615)))) + 0.314 + 0.00325*x0 + 0.00219*x0^2,9,,376.9466528892517
20290780,1,full,6,4,0.0,((x0 * (x0 - -0.4)) - (x0 + (cos(x0) * x0))),extrap-CV,1.548188830302812e-27,7.196098843697123e-30,True,-1*(cos(x0) * x0) + -0.6*x0 + 1*x0^2,4,-27.631021115928547,0.08182907104492188
20290780,1,full,6,4,0.0,((x0 * (x0 - -0.4)) - (x0 + (cos(x0) * x0))),interior-CV,1.548188830302812e-27,7.196098843697123e-30,True,-1*(cos(x0) * x0) + -0.6*x0 + 1*x0^2,4,-27.631021115928547,0.08182907104492188
20290780,1,full,6,4,0.0,((x0 * (x0 - -0.4)) - (x0 + (cos(x0) * x0))),train-MSE,1.548188830302812e-27,7.196098843697123e-30,True,-1*(cos(x0) * x0) + -0.6*x0 + 1*x0^2,4,,0.08182907104492188
20290781,1,full,6,6,0.0,(x0 * ((x0 - cos(sin((x0 + x0)))) + x0)),extrap-CV,8.480254731125877e-29,1.6780241253110342e-31,True,-1*(cos(((cos(x0) * sin(x0)) * 2)) * x0) + 2*x0^2,7,-27.631021115928547,145.9505009651184
20290781,1,full,6,6,0.0,(x0 * ((x0 - cos(sin((x0 + x0)))) + x0)),interior-CV,8.480254731125877e-29,1.6780241253110342e-31,True,-1*(cos(((cos(x0) * sin(x0)) * 2)) * x0) + 2*x0^2,7,-27.631021115928547,145.9505009651184
20290781,1,full,6,6,0.0,(x0 * ((x0 - cos(sin((x0 + x0)))) + x0)),train-MSE,8.480254731125877e-29,1.6780241253110342e-31,True,-1*(cos(((cos(x0) * sin(x0)) * 2)) * x0) + 2*x0^2,7,,145.9505009651184
20290782,1,full,6,5,0.0,(x0 + (sin(((-1.06 / x0) * 1.97)) + sin(x0))),extrap-CV,1.4643427452409907,0.034842268733172144,False,0.52*sin(x0) + -0.0287 + 0.796*x0 + 0.000811*x0^2,3,-2.5490311630734146,328.63326501846313
20290782,1,full,6,5,0.0,(x0 + (sin(((-1.06 / x0) * 1.97)) + sin(x0))),interior-CV,4.313518049242379,0.10263495724995542,False,1.14*sin((sqrt(log(x0)) / x0)) + -0.000617 + 0.66*x0 + -0.00148*x0^2,6,-2.410662889916242,328.63326501846313
20290782,1,full,6,5,0.0,(x0 + (sin(((-1.06 / x0) * 1.97)) + sin(x0))),train-MSE,11.50415039046087,0.2737273775241049,False,0.000602*(((x0 - sin((log(x0) / (x0 * 1.16)))) + 998))^2 + -600 + -0.0823*x0 + 0.0779*x0^2,9,,328.63326501846313
20290783,1,full,6,3,0.0,sin((((x0 * cos(-1.59)) + x0) + (x0 / x0))),extrap-CV,2.0260452997265717e-28,1.0068268595605223e-27,True,1*sin(((((x0)^2 * 0.981) + x0) / x0)),5,-27.631021115928547,44.338754177093506
20290783,1,full,6,3,0.0,sin((((x0 * cos(-1.59)) + x0) + (x0 / x0))),interior-CV,2.0260452997265717e-28,1.0068268595605223e-27,True,1*sin(((((x0)^2 * 0.981) + x0) / x0)),5,-27.631021115928547,44.338754177093506
20290783,1,full,6,3,0.0,sin((((x0 * cos(-1.59)) + x0) + (x0 / x0))),train-MSE,2.0260452997265717e-28,1.0068268595605223e-27,True,1*sin(((((x0)^2 * 0.981) + x0) / x0)),5,,44.338754177093506
20290784,1,full,6,5,0.0,(x0 * cos((cos(((1.19 * x0) - x0)) + 2.77))),extrap-CV,0.0027683536245718355,6.793417079070469e-05,False,2.72*(sin((x0 * 0.375)) - (((x0)^2 * x0) * -0.00489)) + -1.83*x0,7,-13.9687241411019,151.4879491329193
20290784,1,full,6,5,0.0,(x0 * cos((cos(((1.19 * x0) - x0)) + 2.77))),interior-CV,0.0027683536245718355,6.793417079070469e-05,False,2.72*(sin((x0 * 0.375)) - (((x0)^2 * x0) * -0.00489)) + -1.83*x0,7,-21.47174349816763,151.4879491329193
20290784,1,full,6,5,0.0,(x0 * cos((cos(((1.19 * x0) - x0)) + 2.77))),train-MSE,0.0027683536245718355,6.793417079070469e-05,False,2.72*(sin((x0 * 0.375)) - (((x0)^2 * x0) * -0.00489)) + -1.83*x0,7,,151.4879491329193
20290785,1,full,6,6,0.0,((x0 + (1.1 / x0)) * (sqrt(-2.91) * sin(x0))),extrap-CV,130.13002243692478,2.132201838800469,False,183*log(cos(cos((2.26 - (sin((x0 * 0.685)) / x0))))) + 1.88 + 1.41*x0^2,8,-4.442214634021536,270.0250322818756
20290785,1,full,6,6,0.0,((x0 + (1.1 / x0)) * (sqrt(-2.91) * sin(x0))),interior-CV,130.13002243692478,2.132201838800469,False,183*log(cos(cos((2.26 - (sin((x0 * 0.685)) / x0))))) + 1.88 + 1.41*x0^2,8,-12.258180382646893,270.0250322818756
20290785,1,full,6,6,0.0,((x0 + (1.1 / x0)) * (sqrt(-2.91) * sin(x0))),train-MSE,130.13002243692478,2.132201838800469,False,183*log(cos(cos((2.26 - (sin((x0 * 0.685)) / x0))))) + 1.88 + 1.41*x0^2,8,,270.0250322818756
20290786,1,full,6,2,0.0,((x0 * (x0 + x0)) * cos(log(cos(0.6)))),extrap-CV,8.937794056154064e-28,2.0513511633038997e-30,True,1.96*x0^2,1,-27.631021115928547,0.04556417465209961
20290786,1,full,6,2,0.0,((x0 * (x0 + x0)) * cos(log(cos(0.6)))),interior-CV,8.937794056154064e-28,2.0513511633038997e-30,True,1.96*x0^2,1,-27.631021115928547,0.04556417465209961
20290786,1,full,6,2,0.0,((x0 * (x0 + x0)) * cos(log(cos(0.6)))),train-MSE,8.937794056154064e-28,2.0513511633038997e-30,True,1.96*x0^2,1,,0.04556417465209961
20290787,1,full,6,7,0.0,((x0 / -0.41) * cos(((x0 + (x0 * x0)) * x0))),extrap-CV,170.91235129342226,1.2852724830426725,False,-0.0947*x0 + -0.462 + -0.0947*x0 + 0.125*x0^2,2,4.464243739349515,230.77445316314697
20290787,1,full,6,7,0.0,((x0 / -0.41) * cos(((x0 + (x0 * x0)) * x0))),interior-CV,170.91235129342226,1.2852724830426725,False,-0.0947*x0 + -0.462 + -0.0947*x0 + 0.125*x0^2,2,3.208530070247741,230.77445316314697
20290787,1,full,6,7,0.0,((x0 / -0.41) * cos(((x0 + (x0 * x0)) * x0))),train-MSE,16123919388838.691,121252968275.5009,False,-7.83e-06*exp(((((cos((x0 + 3.27)) + -0.825) * x0) + x0))^2) + -0.151 + -0.282*x0 + 0.2*x0^2,9,,230.77445316314697
20290788,1,full,6,7,0.0,(((-1.91 - x0) * -1.48) + log((-2.97 / (x0)^2))),extrap-CV,3.392410041241453e-29,3.601482267393399e-31,True,-2*log(x0) + 3.92 + 1.48*x0,2,-27.631021115928547,0.013792991638183594
20290788,1,full,6,7,0.0,(((-1.91 - x0) * -1.48) + log((-2.97 / (x0)^2))),interior-CV,3.392410041241453e-29,3.601482267393399e-31,True,-2*log(x0) + 3.92 + 1.48*x0,2,-27.631021115928547,0.013792991638183594
20290788,1,full,6,7,0.0,(((-1.91 - x0) * -1.48) + log((-2.97 / (x0)^2))),train-MSE,3.392410041241453e-29,3.601482267393399e-31,True,-2*log(x0) + 3.92 + 1.48*x0,2,,0.013792991638183594
20290789,1,full,6,10,0.0,sqrt((exp((-2.25 + x0)) / cos((x0 * x0)))),extrap-CV,570.3441434298977,1.1332248609958226,False,0.148*exp((cos(sqrt(cos((x0)^2))) * x0)) + 0.322 + 0.0891*x0 + 0.00471*x0^2,8,0.4720936704681147,200.53597211837769
20290789,1,full,6,10,0.0,sqrt((exp((-2.25 + x0)) / cos((x0 * x0)))),interior-CV,513.108466250364,1.0195024829141917,False,0.0022*((-4.85 - exp(x0)) / (0.523 - cos(sin((x0)^2)))) + 0.339 + 0.282*x0 + 0.0478*x0^2,9,-2.6464345477642173,200.53597211837769
20290789,1,full,6,10,0.0,sqrt((exp((-2.25 + x0)) / cos((x0 * x0)))),train-MSE,513.108466250364,1.0195024829141917,False,0.0022*((-4.85 - exp(x0)) / (0.523 - cos(sin((x0)^2)))) + 0.339 + 0.282*x0 + 0.0478*x0^2,9,,200.53597211837769
20290790,1,full,6,6,0.0,(x0 / (x0 * ((-2.11 / x0) - exp((x0 * x0))))),extrap-CV,0.001649002225009104,1649002225.009104,False,-0.00037*x0 + -0.0319 + -0.00037*x0 + 0.0016*x0^2,2,-6.768986335708124,124.42208695411682
20290790,1,full,6,6,0.0,(x0 / (x0 * ((-2.11 / x0) - exp((x0 * x0))))),interior-CV,0.010566661252154757,10566661252.154757,False,-0.576*(((-0.172 - x0) / ((sin((0.905 / x0)) / x0) + x0)) * x0) + 0.0107 + -0.576*x0 + -0.00443*x0^2,9,-7.855095466612309,124.42208695411682
20290790,1,full,6,6,0.0,(x0 / (x0 * ((-2.11 / x0) - exp((x0 * x0))))),train-MSE,0.010566661252154757,10566661252.154757,False,-0.576*(((-0.172 - x0) / ((sin((0.905 / x0)) / x0) + x0)) * x0) + 0.0107 + -0.576*x0 + -0.00443*x0^2,9,,124.42208695411682
20290791,1,full,6,3,0.0,sin(((x0 / x0) + ((x0)^2 + (x0 - x0)))),extrap-CV,1.7123837337577462e-30,3.4470244641700826e-30,True,-1*((sqrt(x0) * -1.87e-16) - cos(((x0)^2 + -0.571))),6,-27.631021115928547,23.53731107711792
20290791,1,full,6,3,0.0,sin(((x0 / x0) + ((x0)^2 + (x0 - x0)))),interior-CV,1.7123837337577462e-30,3.4470244641700826e-30,True,-1*((sqrt(x0) * -1.87e-16) - cos(((x0)^2 + -0.571))),6,-27.631021115928547,23.53731107711792
20290791,1,full,6,3,0.0,sin(((x0 / x0) + ((x0)^2 + (x0 - x0)))),train-MSE,1.7123837337577462e-30,3.4470244641700826e-30,True,-1*((sqrt(x0) * -1.87e-16) - cos(((x0)^2 + -0.571))),6,,23.53731107711792
20290792,1,full,6,5,0.0,((((0.66 / 2.41) * 0.3) / sqrt((-0.25 * x0))) + x0),extrap-CV,5.081373565271283e-30,1.1464245839783632e-31,True,0.164*sqrt((x0 / (x0)^2)) + 1*x0,4,-27.631021115928547,0.12796688079833984
20290792,1,full,6,5,0.0,((((0.66 / 2.41) * 0.3) / sqrt((-0.25 * x0))) + x0),interior-CV,5.081373565271283e-30,1.1464245839783632e-31,True,0.164*sqrt((x0 / (x0)^2)) + 1*x0,4,-27.631021115928547,0.12796688079833984
20290792,1,full,6,5,0.0,((((0.66 / 2.41) * 0.3) / sqrt((-0.25 * x0))) + x0),train-MSE,5.081373565271283e-30,1.1464245839783632e-31,True,0.164*sqrt((x0 / (x0)^2)) + 1*x0,4,,0.12796688079833984
20290793,1,full,6,6,0.0,sin((((sin(x0))^2 * (0.91 * -1.15)) * x0)),extrap-CV,2.165579527683921e-25,4.753077537009054e-25,True,-1*sin((((sin(x0))^2 * x0) * 1.05)),5,-27.631021115928455,4.929835081100464
20290793,1,full,6,6,0.0,sin((((sin(x0))^2 * (0.91 * -1.15)) * x0)),interior-CV,2.165579527683921e-25,4.753077537009054e-25,True,-1*sin((((sin(x0))^2 * x0) * 1.05)),5,-27.63102111592852,4.929835081100464
20290793,1,full,6,6,0.0,sin((((sin(x0))^2 * (0.91 * -1.15)) * x0)),train-MSE,2.165579527683921e-25,4.753077537009054e-25,True,-1*sin((((sin(x0))^2 * x0) * 1.05)),5,,4.929835081100464
20290794,1,full,6,4,0.0,log(sqrt(((x0 - (x0 - x0)) - (-1.41 * 1.08)))),extrap-CV,5.103714352626175e-33,2.5832044611425386e-31,True,0.5*log((exp(cos((1.14 - (cos(x0) * 1e-16)))) + x0)),7,-27.631021115928547,44.911927223205566
20290794,1,full,6,4,0.0,log(sqrt(((x0 - (x0 - x0)) - (-1.41 * 1.08)))),interior-CV,5.103714352626175e-33,2.5832044611425386e-31,True,0.5*log((exp(cos((1.14 - (cos(x0) * 1e-16)))) + x0)),7,-27.631021115928547,44.911927223205566
20290794,1,full,6,4,0.0,log(sqrt(((x0 - (x0 - x0)) - (-1.41 * 1.08)))),train-MSE,5.103714352626175e-33,2.5832044611425386e-31,True,0.5*log((exp(cos((1.14 - (cos(x0) * 1e-16)))) + x0)),7,,44.911927223205566
20290795,1,full,6,8,0.0,((log(log((x0 - 1.46))) / 0.83) + (x0 + 1.12)),extrap-CV,2.803335626927713,0.06813253554356091,False,0.42*x0 + 0.297 + 0.42*x0 + 0.0646*x0^2,2,0.6817026916043194,44.054725885391235
20290795,1,full,6,8,0.0,((log(log((x0 - 1.46))) / 0.83) + (x0 + 1.12)),interior-CV,0.20521381716836234,0.004987536118740231,False,1.63*sin((x0 / (x0 - cos(x0)))) + -0.403 + 0.898*x0 + 0.0185*x0^2,6,-1.151687109589765,44.054725885391235
20290795,1,full,6,8,0.0,((log(log((x0 - 1.46))) / 0.83) + (x0 + 1.12)),train-MSE,2.9224151072465965,0.07102665455214593,False,-0.752*exp(((sin(x0) + 1.08) * sin((exp(x0) + 0.326)))) + 1.65 + 0.816*x0 + 0.0455*x0^2,9,,44.054725885391235
20290796,1,full,6,10,0.0,(sqrt((x0 * (x0 + x0))) * exp(cos(x0))),extrap-CV,2.9348090864550455e-29,1.2352036158328933e-30,True,1.41*exp((cos(x0) + log(x0))),4,-27.631021115928547,1.7489969730377197
20290796,1,full,6,10,0.0,(sqrt((x0 * (x0 + x0))) * exp(cos(x0))),interior-CV,2.9348090864550455e-29,1.2352036158328933e-30,True,1.41*exp((cos(x0) + log(x0))),4,-27.631021115928547,1.7489969730377197
20290796,1,full,6,10,0.0,(sqrt((x0 * (x0 + x0))) * exp(cos(x0))),train-MSE,2.9348090864550455e-29,1.2352036158328933e-30,True,1.41*exp((cos(x0) + log(x0))),4,,1.7489969730377197
20290797,1,full,6,6,0.0,((x0 * (1.42 * 0.42)) * log((x0 / (1.29 / x0)))),extrap-CV,4.5470435615004884e-29,2.3353815099659196e-31,True,1.19*(log(x0) * x0) + -0.152*x0,3,-27.631021115928547,0.014728307723999023
20290797,1,full,6,6,0.0,((x0 * (1.42 * 0.42)) * log((x0 / (1.29 / x0)))),interior-CV,4.5470435615004884e-29,2.3353815099659196e-31,True,1.19*(log(x0) * x0) + -0.152*x0,3,-27.631021115928547,0.014728307723999023
20290797,1,full,6,6,0.0,((x0 * (1.42 * 0.42)) * log((x0 / (1.29 / x0)))),train-MSE,4.5470435615004884e-29,2.3353815099659196e-31,True,1.19*(log(x0) * x0) + -0.152*x0,3,,0.014728307723999023
20290798,1,full,6,2,0.0,cos(((x0 + x0) / (-2.82 - (x0 * (-2.35 / x0))))),extrap-CV,5.767514287497561e-30,1.2358573433376008e-29,True,-8*((cos((x0 * 1.06)) * sin((x0 * 1.06))))^2 + 1,6,-27.631021115928547,15.299565076828003
20290798,1,full,6,2,0.0,cos(((x0 + x0) / (-2.82 - (x0 * (-2.35 / x0))))),interior-CV,5.767514287497561e-30,1.2358573433376008e-29,True,-8*((cos((x0 * 1.06)) * sin((x0 * 1.06))))^2 + 1,6,-27.631021115928547,15.299565076828003
20290798,1,full,6,2,0.0,cos(((x0 + x0) / (-2.82 - (x0 * (-2.35 / x0))))),train-MSE,5.767514287497561e-30,1.2358573433376008e-29,True,-8*((cos((x0 * 1.06)) * sin((x0 * 1.06))))^2 + 1,6,,15.299565076828003
20290799,1,full,6,5,0.0,sin(exp((0.37 + ((-2.63 + -2.35) * (x0)^2)))),extrap-CV,0.23664986359028473,236649863590.28473,False,1.45*exp((-1.49 / exp(exp(((0.901 - cos(x0)) * -10.4))))) + -0.327 + 1.52e-05*x0 + 1.32e-05*x0^2,9,-14.375476764622038,52.09198594093323
20290799,1,full,6,5,0.0,sin(exp((0.37 + ((-2.63 + -2.35) * (x0)^2)))),interior-CV,0.23664986359028473,236649863590.28473,False,1.45*exp((-1.49 / exp(exp(((0.901 - cos(x0)) * -10.4))))) + -0.327 + 1.52e-05*x0 + 1.32e-05*x0^2,9,-12.469503241122888,52.09198594093323
20290799,1,full,6,5,0.0,sin(exp((0.37 + ((-2.63 + -2.35) * (x0)^2)))),train-MSE,0.23664986359028473,236649863590.28473,False,1.45*exp((-1.49 / exp(exp(((0.901 - cos(x0)) * -10.4))))) + -0.327 + 1.52e-05*x0 + 1.32e-05*x0^2,9,,52.09198594093323
20290800,1,full,6,4,0.0,(cos(cos(x0)) / ((x0 / sin(2.5)) - x0)),extrap-CV,8.335665540551005e-34,2.7592343590317457e-32,True,1.49*(cos(cos(x0)) / x0),3,-27.631021115928547,0.12195396423339844
20290800,1,full,6,4,0.0,(cos(cos(x0)) / ((x0 / sin(2.5)) - x0)),interior-CV,8.335665540551005e-34,2.7592343590317457e-32,True,1.49*(cos(cos(x0)) / x0),3,-27.631021115928547,0.12195396423339844
20290800,1,full,6,4,0.0,(cos(cos(x0)) / ((x0 / sin(2.5)) - x0)),train-MSE,8.335665540551005e-34,2.7592343590317457e-32,True,1.49*(cos(cos(x0)) / x0),3,,0.12195396423339844
20290801,1,full,6,9,0.0,(sin((sqrt(x0) * -2.38)) + sqrt(sqrt(x0))),extrap-CV,0.011967481887357514,0.12636216950354434,False,-1.48*exp((sin(x0) / x0)) + 3.77 + 0.000286*x0 + -0.00895*x0^2,5,-4.967507777004397,53.1972439289093
20290801,1,full,6,9,0.0,(sin((sqrt(x0) * -2.38)) + sqrt(sqrt(x0))),interior-CV,1.2519455937429458,13.219034949439365,False,13.4*cos(((-0.449 - sin((-2.09 - (0.7 / sqrt(x0))))) * x0)) + -13.4 + -0.000101*x0 + 0.387*x0^2,9,-10.119312584119667,53.1972439289093
20290801,1,full,6,9,0.0,(sin((sqrt(x0) * -2.38)) + sqrt(sqrt(x0))),train-MSE,1.2519455937429458,13.219034949439365,False,13.4*cos(((-0.449 - sin((-2.09 - (0.7 / sqrt(x0))))) * x0)) + -13.4 + -0.000101*x0 + 0.387*x0^2,9,,53.1972439289093
20290802,1,full,6,5,0.0,((x0 * (-1.67 * 1.98)) * (exp(-0.58) / log(x0))),extrap-CV,1.8852543039617774e-29,4.555430264708534e-31,True,-1.85*(x0 / log(x0)),2,-27.631021115928547,0.008903026580810547
20290802,1,full,6,5,0.0,((x0 * (-1.67 * 1.98)) * (exp(-0.58) / log(x0))),interior-CV,1.8852543039617774e-29,4.555430264708534e-31,True,-1.85*(x0 / log(x0)),2,-27.631021115928547,0.008903026580810547
20290802,1,full,6,5,0.0,((x0 * (-1.67 * 1.98)) * (exp(-0.58) / log(x0))),train-MSE,1.8852543039617774e-29,4.555430264708534e-31,True,-1.85*(x0 / log(x0)),2,,0.008903026580810547
20290803,1,full,6,4,0.0,(cos((x0 + (((x0)^2 + -0.88) - x0))))^2,extrap-CV,6.788209268341981e-13,5.490577922539109e-12,False,-1.33e+04*exp(sqrt(cos((sin(((x0)^2 + 0.691)) * 0.0105)))) + 3.61e+04,7,-26.87260047065095,43.918293952941895
20290803,1,full,6,4,0.0,(cos((x0 + (((x0)^2 + -0.88) - x0))))^2,interior-CV,6.788209268341981e-13,5.490577922539109e-12,False,-1.33e+04*exp(sqrt(cos((sin(((x0)^2 + 0.691)) * 0.0105)))) + 3.61e+04,7,-27.08050396456426,43.918293952941895
20290803,1,full,6,4,0.0,(cos((x0 + (((x0)^2 + -0.88) - x0))))^2,train-MSE,6.788209268341981e-13,5.490577922539109e-12,False,-1.33e+04*exp(sqrt(cos((sin(((x0)^2 + 0.691)) * 0.0105)))) + 3.61e+04,7,,43.918293952941895
20290804,1,full,6,7,0.0,sin((cos(2.68) - ((x0 / exp(x0)))^2)),extrap-CV,1.6530117022055498e-17,3.820579943381184e-17,True,1*cos((((x0 / exp(x0)))^2 + 2.47)),5,-27.6310211159277,5.124825954437256
20290804,1,full,6,7,0.0,sin((cos(2.68) - ((x0 / exp(x0)))^2)),interior-CV,1.6530117022055498e-17,3.820579943381184e-17,True,1*cos((((x0 / exp(x0)))^2 + 2.47)),5,-27.631021115928306,5.124825954437256
20290804,1,full,6,7,0.0,sin((cos(2.68) - ((x0 / exp(x0)))^2)),train-MSE,1.6530117022055498e-17,3.820579943381184e-17,True,1*cos((((x0 / exp(x0)))^2 + 2.47)),5,,5.124825954437256
20290805,1,full,6,6,0.0,(((((x0 / 0.74) / 1.7) * 1.51) + 0.88) * sqrt(x0)),extrap-CV,1.354887093644554e-26,3.3076429877073564e-29,True,-1.2*(((-1.73 - x0) * sqrt(x0)) + sqrt(x0)),5,-27.63102111592854,4.945635080337524
20290805,1,full,6,6,0.0,(((((x0 / 0.74) / 1.7) * 1.51) + 0.88) * sqrt(x0)),interior-CV,1.354887093644554e-26,3.3076429877073564e-29,True,-1.2*(((-1.73 - x0) * sqrt(x0)) + sqrt(x0)),5,-27.631021115928547,4.945635080337524
20290805,1,full,6,6,0.0,(((((x0 / 0.74) / 1.7) * 1.51) + 0.88) * sqrt(x0)),train-MSE,1.354887093644554e-26,3.3076429877073564e-29,True,-1.2*(((-1.73 - x0) * sqrt(x0)) + sqrt(x0)),5,,4.945635080337524
20290806,1,full,6,3,0.0,(sqrt(0.37) - (x0 * ((x0 + cos(x0)) / x0))),extrap-CV,9.121204216617949e-31,2.1499929571644947e-32,True,-1*cos(x0) + 0.608 + -1*x0,2,-27.631021115928547,0.00786900520324707
20290806,1,full,6,3,0.0,(sqrt(0.37) - (x0 * ((x0 + cos(x0)) / x0))),interior-CV,9.121204216617949e-31,2.1499929571644947e-32,True,-1*cos(x0) + 0.608 + -1*x0,2,-27.631021115928547,0.00786900520324707
20290806,1,full,6,3,0.0,(sqrt(0.37) - (x0 * ((x0 + cos(x0)) / x0))),train-MSE,9.121204216617949e-31,2.1499929571644947e-32,True,-1*cos(x0) + 0.608 + -1*x0,2,,0.00786900520324707
20290807,1,full,6,9,0.0,cos((x0 * sqrt((-1.68 + (-2.97 / log(x0)))))),extrap-CV,4.3641026344285905,9.896127442115297,False,-1.55*log(sin(exp(cos(x0)))) + -0.31 + -0.000567*x0 + -0.0387*x0^2,6,-3.276826262767783,50.7706561088562
20290807,1,full,6,9,0.0,cos((x0 * sqrt((-1.68 + (-2.97 / log(x0)))))),interior-CV,4.3641026344285905,9.896127442115297,False,-1.55*log(sin(exp(cos(x0)))) + -0.31 + -0.000567*x0 + -0.0387*x0^2,6,-2.7435628481958303,50.7706561088562
20290807,1,full,6,9,0.0,cos((x0 * sqrt((-1.68 + (-2.97 / log(x0)))))),train-MSE,5.425641070584734,12.303293480335764,False,-1.65*(cos(x0) * sin((1.01 / log(x0)))) + -0.199 + -0.000555*x0 + -0.0279*x0^2,7,,50.7706561088562
20290808,1,full,6,9,0.0,((x0 * (-0.55 * x0)) * ((sqrt(x0) - 1.17) + x0)),extrap-CV,2.0394026552226208e-27,6.598458172429952e-32,True,-0.55*((sqrt(x0) + x0) * (x0)^2) + 0.644*x0^2,5,-27.631021115928547,1.7000617980957031
20290808,1,full,6,9,0.0,((x0 * (-0.55 * x0)) * ((sqrt(x0) - 1.17) + x0)),interior-CV,2.0394026552226208e-27,6.598458172429952e-32,True,-0.55*((sqrt(x0) + x0) * (x0)^2) + 0.644*x0^2,5,-27.631021115928547,1.7000617980957031
20290808,1,full,6,9,0.0,((x0 * (-0.55 * x0)) * ((sqrt(x0) - 1.17) + x0)),train-MSE,2.0394026552226208e-27,6.598458172429952e-32,True,-0.55*((sqrt(x0) + x0) * (x0)^2) + 0.644*x0^2,5,,1.7000617980957031
20290809,1,full,6,4,0.0,((x0 + (-0.46 - cos(-1.21))) - cos((x0 + 0.68))),extrap-CV,2.5128763542386899e-29,5.466824362916164e-31,True,-1*sin((((x0 - (x0)^2) / x0) + -0.109)) + -0.813 + 1*x0,6,-27.631021115928547,5.129306793212891
20290809,1,full,6,4,0.0,((x0 + (-0.46 - cos(-1.21))) - cos((x0 + 0.68))),interior-CV,2.5128763542386899e-29,5.466824362916164e-31,True,-1*sin((((x0 - (x0)^2) / x0) + -0.109)) + -0.813 + 1*x0,6,-27.631021115928547,5.129306793212891
20290809,1,full,6,4,0.0,((x0 + (-0.46 - cos(-1.21))) - cos((x0 + 0.68))),train-MSE,2.5128763542386899e-29,5.466824362916164e-31,True,-1*sin((((x0 - (x0)^2) / x0) + -0.109)) + -0.813 + 1*x0,6,,5.129306793212891
20290810,1,full,6,4,0.0,sin((cos((-2.62 / (-1.62 + x0))) / (x0 / x0))),extrap-CV,0.8056729351350502,473.80308800141427,False,-0.273*sin(x0) + 0.074 + -0.0955*x0 + 0.0302*x0^2,3,-1.0114693277555524,49.6163489818573
20290810,1,full,6,4,0.0,sin((cos((-2.62 / (-1.62 + x0))) / (x0 / x0))),interior-CV,0.4420157920819975,259.942264535343,False,0.527*cos(exp((sin(x0) + x0))) + -0.0984 + 0.0136*x0 + 0.0277*x0^2,6,-2.5084502966678914,49.6163489818573
20290810,1,full,6,4,0.0,sin((cos((-2.62 / (-1.62 + x0))) / (x0 / x0))),train-MSE,0.15290100975600537,89.91858534851514,False,0.48*((cos(exp((sin((3.39 - x0)) + x0))) + -0.709) / x0) + 0.497 + -0.0614*x0 + 0.00729*x0^2,9,,49.6163489818573
20290811,1,full,6,5,0.0,sin((sin((2.66 - (1.33 * (0.39 - x0)))) * x0)),extrap-CV,1.340302034346627,3.005411743040937,False,0.912*(cos(x0) * sin(x0)) + -0.204 + -0.146*x0 + 0.00738*x0^2,5,-0.49927389486651436,66.75499391555786
20290811,1,full,6,5,0.0,sin((sin((2.66 - (1.33 * (0.39 - x0)))) * x0)),interior-CV,2.0366315800767216,4.566818754396977,False,1.06*cos((((x0 + -0.889) * cos((0.243 - x0))) + x0)) + -0.774 + -0.0607*x0 + 0.0342*x0^2,8,-2.7834348102693043,66.75499391555786
20290811,1,full,6,5,0.0,sin((sin((2.66 - (1.33 * (0.39 - x0)))) * x0)),train-MSE,1.7255118543138024,3.869182808663768,False,1.08*cos((((x0 + -0.854) * cos(((0.272 - x0) * 0.972))) + x0)) + -0.723 + -0.0596*x0 + 0.0212*x0^2,9,,66.75499391555786
20290812,1,full,6,8,0.0,((exp(x0) - (x0 - -0.94)) - sqrt((x0 / 1.33))),extrap-CV,1.4639134112582673e-09,2.7063228560275655e-15,True,-354*((exp(x0) * -0.00283) - sin(((sqrt(x0) * 0.00245) + 3.14))) + -1.46 + -1*x0,8,-24.00221035655177,71.76573514938354
20290812,1,full,6,8,0.0,((exp(x0) - (x0 - -0.94)) - sqrt((x0 / 1.33))),interior-CV,1.4639134112582673e-09,2.7063228560275655e-15,True,-354*((exp(x0) * -0.00283) - sin(((sqrt(x0) * 0.00245) + 3.14))) + -1.46 + -1*x0,8,-27.256274756452783,71.76573514938354
20290812,1,full,6,8,0.0,((exp(x0) - (x0 - -0.94)) - sqrt((x0 / 1.33))),train-MSE,1.4639134112582673e-09,2.7063228560275655e-15,True,-354*((exp(x0) * -0.00283) - sin(((sqrt(x0) * 0.00245) + 3.14))) + -1.46 + -1*x0,8,,71.76573514938354
20290813,1,full,6,5,0.0,sqrt(sin((x0 * (sqrt((2.74 / 2.9)) * 0.42)))),extrap-CV,0.007080150618715734,0.11034198507172786,False,5.66*(cos((x0 * 0.178)) / (-1.2 - exp((sqrt(x0) * 0.539)))) + 2.58 + -0.0339*x0^2,8,-12.445501997126165,64.22253799438477
20290813,1,full,6,5,0.0,sqrt(sin((x0 * (sqrt((2.74 / 2.9)) * 0.42)))),interior-CV,0.007080150618715734,0.11034198507172786,False,5.66*(cos((x0 * 0.178)) / (-1.2 - exp((sqrt(x0) * 0.539)))) + 2.58 + -0.0339*x0^2,8,-19.881241397965955,64.22253799438477
20290813,1,full,6,5,0.0,sqrt(sin((x0 * (sqrt((2.74 / 2.9)) * 0.42)))),train-MSE,0.007080150618715734,0.11034198507172786,False,5.66*(cos((x0 * 0.178)) / (-1.2 - exp((sqrt(x0) * 0.539)))) + 2.58 + -0.0339*x0^2,8,,64.22253799438477
20290814,1,full,6,4,0.0,(sqrt(log(0.26)) - sin(((1.33 / x0))^2)),extrap-CV,0.225222312637678,1600.2848835065952,False,-0.000534*x0 + 0.703 + -0.000534*x0 + 0.0194*x0^2,2,-3.6790539156667768,74.26316618919373
20290814,1,full,6,4,0.0,(sqrt(log(0.26)) - sin(((1.33 / x0))^2)),interior-CV,0.03373179476356824,239.6764362353619,False,1.04*sqrt(log(x0)) + -0.0101 + -5.15e-05*x0 + -0.0106*x0^2,4,-3.0275973637623537,74.26316618919373
20290814,1,full,6,4,0.0,(sqrt(log(0.26)) - sin(((1.33 / x0))^2)),train-MSE,0.2756278373160003,1958.4341194470996,False,-1.03*sin((((log(x0) / x0) + 1.23))^2) + 1.32 + -0.0119*x0 + 0.0242*x0^2,7,,74.26316618919373
20290815,1,full,6,7,0.0,(x0 * exp(sqrt(sqrt((-0.35 / (-0.56 + x0)))))),extrap-CV,0.10313425962000526,0.0009171990610194969,False,1.14*(x0 / sqrt(x0)) + 0.278 + 1.15*x0 + -0.00991*x0^2,4,-2.7470738980518434,55.539715051651
20290815,1,full,6,7,0.0,(x0 * exp(sqrt(sqrt((-0.35 / (-0.56 + x0)))))),interior-CV,0.18568616064910404,0.0016513540003019317,False,0.234*(((x0 / sqrt(((x0 * 1.05) + log(x0)))) + 2.21))^2 + -1.07 + 1.28*x0 + -0.0354*x0^2,9,-6.354437777246676,55.539715051651
20290815,1,full,6,7,0.0,(x0 * exp(sqrt(sqrt((-0.35 / (-0.56 + x0)))))),train-MSE,0.18568616064910404,0.0016513540003019317,False,0.234*(((x0 / sqrt(((x0 * 1.05) + log(x0)))) + 2.21))^2 + -1.07 + 1.28*x0 + -0.0354*x0^2,9,,55.539715051651
20290816,1,full,6,8,0.0,(((-2.26 * x0) + x0) * log((sqrt(x0) / x0))),extrap-CV,8.988700236444107e-30,1.4507195655633174e-31,True,0.63*(log(x0) * x0),2,-27.631021115928547,0.015672922134399414
20290816,1,full,6,8,0.0,(((-2.26 * x0) + x0) * log((sqrt(x0) / x0))),interior-CV,8.988700236444107e-30,1.4507195655633174e-31,True,0.63*(log(x0) * x0),2,-27.631021115928547,0.015672922134399414
20290816,1,full,6,8,0.0,(((-2.26 * x0) + x0) * log((sqrt(x0) / x0))),train-MSE,8.988700236444107e-30,1.4507195655633174e-31,True,0.63*(log(x0) * x0),2,,0.015672922134399414
20290817,1,full,6,6,0.0,((x0 - log(x0)) / ((0.4 / x0) / (x0 + x0))),extrap-CV,6.094297591630613e-25,2.619352287119868e-31,True,5*((x0 - log(x0)) * (x0)^2),4,-27.631021115928544,2.167440891265869
20290817,1,full,6,6,0.0,((x0 - log(x0)) / ((0.4 / x0) / (x0 + x0))),interior-CV,6.094297591630613e-25,2.619352287119868e-31,True,5*((x0 - log(x0)) * (x0)^2),4,-27.631021115928547,2.167440891265869
20290817,1,full,6,6,0.0,((x0 - log(x0)) / ((0.4 / x0) / (x0 + x0))),train-MSE,6.094297591630613e-25,2.619352287119868e-31,True,5*((x0 - log(x0)) * (x0)^2),4,,2.167440891265869
20290818,1,full,6,8,0.0,(x0 + (2.44 / exp(sin(log(sqrt(x0)))))),extrap-CV,0.01749605176863172,0.0004068899527446301,False,-3.36*cos((((log(x0) - sqrt(x0)) + -0.765) * 0.745)) + 3.3 + 1*x0 + -0.0169*x0^2,8,-5.984867731486384,63.54070210456848
20290818,1,full,6,8,0.0,(x0 + (2.44 / exp(sin(log(sqrt(x0)))))),interior-CV,0.01749605176863172,0.0004068899527446301,False,-3.36*cos((((log(x0) - sqrt(x0)) + -0.765) * 0.745)) + 3.3 + 1*x0 + -0.0169*x0^2,8,-8.089811899296125,63.54070210456848
20290818,1,full,6,8,0.0,(x0 + (2.44 / exp(sin(log(sqrt(x0)))))),train-MSE,0.0007817824481955396,1.818121183049868e-05,False,2.36*log(cos(((0.495 - cos(sqrt((0.0611 / x0)))) * -2.95))) + 6.65 + 1*x0 + 0.00136*x0^2,9,,63.54070210456848
20290819,1,full,6,2,0.0,((x0 / x0) / (((1.63 * x0) / 2.45) / (x0 - -1.34))),extrap-CV,4.920751007909388e-31,4.726974271196135e-30,True,2.01*(x0 / (x0)^2) + 1.5,2,-27.631021115928547,0.01651930809020996
20290819,1,full,6,2,0.0,((x0 / x0) / (((1.63 * x0) / 2.45) / (x0 - -1.34))),interior-CV,4.920751007909388e-31,4.726974271196135e-30,True,2.01*(x0 / (x0)^2) + 1.5,2,-27.631021115928547,0.01651930809020996
20290819,1,full,6,2,0.0,((x0 / x0) / (((1.63 * x0) / 2.45) / (x0 - -1.34))),train-MSE,4.920751007909388e-31,4.726974271196135e-30,True,2.01*(x0 / (x0)^2) + 1.5,2,,0.01651930809020996
20290820,1,full,6,6,0.0,log((cos(sin((2.7 + (x0 + -0.44)))))^2),extrap-CV,4.668777078024738e-31,2.403569755579069e-30,True,2*log(cos(((sin(x0) - cos((0.192 - x0))) * -0.786))),7,-27.631021115928547,64.91930890083313
20290820,1,full,6,6,0.0,log((cos(sin((2.7 + (x0 + -0.44)))))^2),interior-CV,4.668777078024738e-31,2.403569755579069e-30,True,2*log(cos(((sin(x0) - cos((0.192 - x0))) * -0.786))),7,-27.631021115928547,64.91930890083313
20290820,1,full,6,6,0.0,log((cos(sin((2.7 + (x0 + -0.44)))))^2),train-MSE,4.668777078024738e-31,2.403569755579069e-30,True,2*log(cos(((sin(x0) - cos((0.192 - x0))) * -0.786))),7,,64.91930890083313
20290821,1,full,6,4,0.0,(cos(((x0 / x0))^2) + (x0 + (x0 * x0))),extrap-CV,8.144495808341184e-28,5.109173604187205e-30,True,0.5*x0 + 0.54 + 0.5*x0 + 1*x0^2,2,-27.631021115928547,0.0023491382598876953
20290821,1,full,6,4,0.0,(cos(((x0 / x0))^2) + (x0 + (x0 * x0))),interior-CV,8.144495808341184e-28,5.109173604187205e-30,True,0.5*x0 + 0.54 + 0.5*x0 + 1*x0^2,2,-27.631021115928547,0.0023491382598876953
20290821,1,full,6,4,0.0,(cos(((x0 / x0))^2) + (x0 + (x0 * x0))),train-MSE,8.144495808341184e-28,5.109173604187205e-30,True,0.5*x0 + 0.54 + 0.5*x0 + 1*x0^2,2,,0.0023491382598876953
20290822,1,full,6,5,0.0,((cos(x0) - ((x0 + 0.86) * x0)) + (x0 + x0)),extrap-CV,8.707052241376918e-29,4.7094525833396104e-31,True,1*cos(x0) + 1.14*x0 + -1*x0^2,3,-27.631021115928547,0.005629062652587891
20290822,1,full,6,5,0.0,((cos(x0) - ((x0 + 0.86) * x0)) + (x0 + x0)),interior-CV,8.707052241376918e-29,4.7094525833396104e-31,True,1*cos(x0) + 1.14*x0 + -1*x0^2,3,-27.631021115928547,0.005629062652587891
20290822,1,full,6,5,0.0,((cos(x0) - ((x0 + 0.86) * x0)) + (x0 + x0)),train-MSE,8.707052241376918e-29,4.7094525833396104e-31,True,1*cos(x0) + 1.14*x0 + -1*x0^2,3,,0.005629062652587891
20290823,1,full,6,2,0.0,((((x0 * -2.37) * -2.59) / exp(cos(-2.63))) * x0),extrap-CV,1.2533422062151436e-26,4.508277421199934e-31,True,14.7*x0^2,1,-27.631021115928533,0.003660917282104492
20290823,1,full,6,2,0.0,((((x0 * -2.37) * -2.59) / exp(cos(-2.63))) * x0),interior-CV,1.2533422062151436e-26,4.508277421199934e-31,True,14.7*x0^2,1,-27.631021115928547,0.003660917282104492
20290823,1,full,6,2,0.0,((((x0 * -2.37) * -2.59) / exp(cos(-2.63))) * x0),train-MSE,1.2533422062151436e-26,4.508277421199934e-31,True,14.7*x0^2,1,,0.003660917282104492
20290824,1,full,6,8,0.0,((x0 * (x0 + x0)) - cos(sin(sqrt(x0)))),extrap-CV,2.402081456397981e-28,4.451990625029943e-31,True,-1*cos(sin(sqrt(x0))) + 2*x0^2,4,-27.631021115928547,0.15201926231384277
20290824,1,full,6,8,0.0,((x0 * (x0 + x0)) - cos(sin(sqrt(x0)))),interior-CV,2.402081456397981e-28,4.451990625029943e-31,True,-1*cos(sin(sqrt(x0))) + 2*x0^2,4,-27.631021115928547,0.15201926231384277
20290824,1,full,6,8,0.0,((x0 * (x0 + x0)) - cos(sin(sqrt(x0)))),train-MSE,2.402081456397981e-28,4.451990625029943e-31,True,-1*cos(sin(sqrt(x0))) + 2*x0^2,4,,0.15201926231384277
20290825,1,full,6,6,0.0,((x0 + -1.8) / sqrt(sqrt((x0 * (x0 * x0))))),extrap-CV,0.0010750584632294733,0.00041998417513691835,False,-14.2*exp((sqrt((0.922 - (exp(sqrt(x0)) / x0))) * 0.172)) + 17 + 0.0843*x0 + 0.0136*x0^2,9,-5.1529551124576365,81.67075824737549
20290825,1,full,6,6,0.0,((x0 + -1.8) / sqrt(sqrt((x0 * (x0 * x0))))),interior-CV,0.21363114324175342,0.0834575072395792,False,1.17*((log(x0) + x0) / sqrt(x0)) + -1.77 + -0.229*x0 + 0.0202*x0^2,6,-4.5298822223852975,81.67075824737549
20290825,1,full,6,6,0.0,((x0 + -1.8) / sqrt(sqrt((x0 * (x0 * x0))))),train-MSE,0.0010750584632294733,0.00041998417513691835,False,-14.2*exp((sqrt((0.922 - (exp(sqrt(x0)) / x0))) * 0.172)) + 17 + 0.0843*x0 + 0.0136*x0^2,9,,81.67075824737549
20290826,1,full,6,4,0.0,(log(((x0 + x0) - x0)) * sin((x0 / x0))),extrap-CV,4.025193583769323e-31,3.3347952656245343e-29,True,0.841*log(x0),1,-27.631021115928547,0.0043621063232421875
20290826,1,full,6,4,0.0,(log(((x0 + x0) - x0)) * sin((x0 / x0))),interior-CV,4.025193583769323e-31,3.3347952656245343e-29,True,0.841*log(x0),1,-27.631021115928547,0.0043621063232421875
20290826,1,full,6,4,0.0,(log(((x0 + x0) - x0)) * sin((x0 / x0))),train-MSE,4.025193583769323e-31,3.3347952656245343e-29,True,0.841*log(x0),1,,0.0043621063232421875
20290827,1,full,6,7,0.0,(x0 * sqrt((((x0 / x0) - x0) / sin(x0)))),extrap-CV,0.0,0.0,True,1*(sqrt(((1 - x0) / sin(x0))) * x0),5,-27.631021115928547,6.448108673095703
20290827,1,full,6,7,0.0,(x0 * sqrt((((x0 / x0) - x0) / sin(x0)))),interior-CV,0.0,0.0,True,1*(sqrt(((1 - x0) / sin(x0))) * x0),5,-27.631021115928547,6.448108673095703
20290827,1,full,6,7,0.0,(x0 * sqrt((((x0 / x0) - x0) / sin(x0)))),train-MSE,0.0,0.0,True,1*(sqrt(((1 - x0) / sin(x0))) * x0),5,,6.448108673095703
20290828,1,full,6,5,0.0,(exp((x0 / x0)) / sin(exp((x0 / 2.35)))),extrap-CV,1067.658906217813,0.9053146993553446,False,-1.42*x0 + 2.8 + -1.42*x0 + 0.0115*x0^2,2,6.511420822837917,70.92276501655579
20290828,1,full,6,5,0.0,(exp((x0 / x0)) / sin(exp((x0 / 2.35)))),interior-CV,1067.658906217813,0.9053146993553446,False,-1.42*x0 + 2.8 + -1.42*x0 + 0.0115*x0^2,2,5.361197712088326,70.92276501655579
20290828,1,full,6,5,0.0,(exp((x0 / x0)) / sin(exp((x0 / 2.35)))),train-MSE,51019.16206183528,43.261379729406876,False,-0.685*exp((x0 - sqrt(sin(((x0 * 1.5) + -0.199))))) + 1.14 + -0.371*x0 + 0.867*x0^2,8,,70.92276501655579
20290829,1,full,6,7,0.0,log((exp((log(x0) - x0)) - (x0 * x0))),extrap-CV,0.04142072184217484,0.006664534461878166,False,1.05*(log(((log(x0) + x0) * x0)) + sqrt(x0)) + -1.06 + -0.422*x0 + 0.00981*x0^2,8,-3.670753924222396,70.51723909378052
20290829,1,full,6,7,0.0,log((exp((log(x0) - x0)) - (x0 * x0))),interior-CV,0.04142072184217484,0.006664534461878166,False,1.05*(log(((log(x0) + x0) * x0)) + sqrt(x0)) + -1.06 + -0.422*x0 + 0.00981*x0^2,8,-5.100036954993732,70.51723909378052
20290829,1,full,6,7,0.0,log((exp((log(x0) - x0)) - (x0 * x0))),train-MSE,0.038154024146120076,0.0061389275095211065,False,1.05*(log(((log(x0) + x0) * x0)) + sqrt((x0 + -0.00381))) + -1.06 + -0.421*x0 + 0.0102*x0^2,9,,70.51723909378052
20290830,1,full,6,6,0.0,(((x0 / 0.84) / x0) * (x0 + (x0 / log(x0)))),extrap-CV,5.25085540037736e-30,3.6687438040347864e-32,True,1.19*(x0 / log(x0)) + 1.19*x0,3,-27.631021115928547,0.014735221862792969
20290830,1,full,6,6,0.0,(((x0 / 0.84) / x0) * (x0 + (x0 / log(x0)))),interior-CV,5.25085540037736e-30,3.6687438040347864e-32,True,1.19*(x0 / log(x0)) + 1.19*x0,3,-27.631021115928547,0.014735221862792969
20290830,1,full,6,6,0.0,(((x0 / 0.84) / x0) * (x0 + (x0 / log(x0)))),train-MSE,5.25085540037736e-30,3.6687438040347864e-32,True,1.19*(x0 / log(x0)) + 1.19*x0,3,,0.014735221862792969
20290831,1,full,6,4,0.0,log((sin(exp(sin((x0 - x0)))) * x0)),extrap-CV,2.212893506100934e-31,1.2668939203129306e-29,True,1*log(x0) + -0.173,1,-27.631021115928547,0.005424976348876953
20290831,1,full,6,4,0.0,log((sin(exp(sin((x0 - x0)))) * x0)),interior-CV,2.212893506100934e-31,1.2668939203129306e-29,True,1*log(x0) + -0.173,1,-27.631021115928547,0.005424976348876953
20290831,1,full,6,4,0.0,log((sin(exp(sin((x0 - x0)))) * x0)),train-MSE,2.212893506100934e-31,1.2668939203129306e-29,True,1*log(x0) + -0.173,1,,0.005424976348876953
20290832,1,full,4,6,0.1,((x0 * sqrt(x0)) * cos(x0)),extrap-CV,0.03170693428880658,0.00025361954877127046,False,1.01*((cos(x0) * sqrt(x0)) * x0) + -0.00612 + 0.00706*x0 + 0.00134*x0^2,6,-1.4128020248292383,82.8483738899231
20290832,1,full,4,6,0.1,((x0 * sqrt(x0)) * cos(x0)),interior-CV,0.0991810380435719,0.0007933359272819085,False,-1*(((-0.0633 - cos(x0)) * sqrt(x0)) * x0) + 0.00247 + -0.123*x0 + 0.000644*x0^2,7,-1.7967382771228877,82.8483738899231
20290832,1,full,4,6,0.1,((x0 * sqrt(x0)) * cos(x0)),train-MSE,0.5469042767555661,0.0043746145442005585,False,1.52*(((0.00337 - cos(x0)) * (-0.622 - log(sqrt(x0)))) * x0) + 0.00871 + 0.017*x0,8,,82.8483738899231
20290833,1,full,4,7,0.1,exp(sqrt(sqrt((x0 + x0)))),extrap-CV,0.005439464802329385,0.034322350305786585,False,6.1*sqrt(sqrt(exp(sqrt(x0)))) + -4.56 + -0.00231*x0 + -0.00854*x0^2,6,-4.280173909280336,95.09548330307007
20290833,1,full,4,7,0.1,exp(sqrt(sqrt((x0 + x0)))),interior-CV,0.008401651857676353,0.05301338434673606,False,1.87*sqrt(x0) + 1.4 + -0.00234*x0 + 0.0137*x0^2,3,-4.638642757207225,95.09548330307007
20290833,1,full,4,7,0.1,exp(sqrt(sqrt((x0 + x0)))),train-MSE,0.0023299967608453537,0.014701991453798115,False,0.727*(exp(sqrt(x0)) + sqrt(sqrt((x0 + 0.122)))) + 0.663 + -0.00521*x0 + -0.107*x0^2,8,,95.09548330307007
20290834,1,full,4,4,0.1,((x0 + x0) * (x0 - (x0)^2)),extrap-CV,121.41977060113884,0.0003079374162795923,False,-1.95*((x0)^2 * x0) + -0.995 + -0.753*x0 + 2.1*x0^2,4,5.417282125580508,99.54979205131531
20290834,1,full,4,4,0.1,((x0 + x0) * (x0 - (x0)^2)),interior-CV,121.41977060113884,0.0003079374162795923,False,-1.95*((x0)^2 * x0) + -0.995 + -0.753*x0 + 2.1*x0^2,4,4.6168263204356075,99.54979205131531
20290834,1,full,4,4,0.1,((x0 + x0) * (x0 - (x0)^2)),train-MSE,122.44990267511146,0.0003105499744133736,False,-1.95*((-0.0318 / log((1.77 / (-1.24 - x0)))) + ((x0)^2 * x0)) + -0.506 + -0.826*x0 + 2.09*x0^2,9,,99.54979205131531
20290835,1,full,4,3,0.1,(log(-2.07) / cos((0.3 + x0))),extrap-CV,168.99599703418698,1.6665726142016901,False,-0.915*(x0 / log((x0 - cos(x0)))) + 0.554 + 0.821*x0 + -0.149*x0^2,6,3.658904020043511,70.21277713775635
20290835,1,full,4,3,0.1,(log(-2.07) / cos((0.3 + x0))),interior-CV,166.19579938714304,1.6389581570854581,False,0.0137*x0 + 1.49 + 0.0137*x0 + -0.184*x0^2,2,2.8195722148017275,70.21277713775635
20290835,1,full,4,3,0.1,(log(-2.07) / cos((0.3 + x0))),train-MSE,166.65806781693337,1.64351686805506,False,-0.0111*(exp(x0) / log((-1.49 - ((x0 * -0.176) - cos(x0))))) + 1.97 + 0.109*x0 + -0.2*x0^2,9,,70.21277713775635
20290836,1,full,4,3,0.1,sqrt((x0 - (sqrt(x0) + x0))),extrap-CV,0.00867273361269565,3.0315680145370747,False,0.133*(log(x0) + sqrt(((x0 + 0.0392))^2)) + 0.871 + -0.00265*x0 + -0.0109*x0^2,7,-7.409499857507624,94.60080003738403
20290836,1,full,4,3,0.1,sqrt((x0 - (sqrt(x0) + x0))),interior-CV,6.254887375098378e-05,0.021864059646801742,False,0.99*sqrt(sqrt(x0)) + 0.011 + -0.00095*x0 + -3.37e-06*x0^2,4,-7.504040326960539,94.60080003738403
20290836,1,full,4,3,0.1,sqrt((x0 - (sqrt(x0) + x0))),train-MSE,0.006689089445616974,2.338181998352309,False,0.138*(log(x0) + sqrt(((-0.0357 - (x0 * 0.903)))^2)) + 0.88 + -0.00256*x0 + -0.00988*x0^2,8,,94.60080003738403
20290837,1,full,4,4,0.1,exp((((x0 * 0.84) * x0) * -2.93)),extrap-CV,0.00045653803525921345,456538035.25921345,False,0.99*(cos(x0) / exp(((x0)^2 * 2))) + 0.0123 + 0.000351*x0 + -0.000752*x0^2,7,-6.441667380432962,66.94297003746033
20290837,1,full,4,4,0.1,exp((((x0 * 0.84) * x0) * -2.93)),interior-CV,0.00045653803525921345,456538035.25921345,False,0.99*(cos(x0) / exp(((x0)^2 * 2))) + 0.0123 + 0.000351*x0 + -0.000752*x0^2,7,-6.962850849007725,66.94297003746033
20290837,1,full,4,4,0.1,exp((((x0 * 0.84) * x0) * -2.93)),train-MSE,0.00035995738503785126,359957385.0378513,False,0.371*exp((cos((0.00815 / x0)) - ((x0)^2 * 2.6))) + 0.0111 + 0.000334*x0 + -0.00067*x0^2,8,,66.94297003746033
20290838,1,full,4,5,0.1,(((x0 - sin(x0)) + -1.91) * -1.55),extrap-CV,0.17206821715312942,0.0017677085681532577,False,0.688*(((sin(x0) + x0))^2 / x0) + 3.07 + -2.29*x0 + -0.00858*x0^2,6,-1.3404785950911309,107.28724598884583
20290838,1,full,4,5,0.1,(((x0 - sin(x0)) + -1.91) * -1.55),interior-CV,0.06423651656023796,0.0006599210626492279,False,1.6*sin(x0) + 3.07 + -1.55*x0 + -0.00781*x0^2,3,-1.2703279517630865,107.28724598884583
20290838,1,full,4,5,0.1,(((x0 - sin(x0)) + -1.91) * -1.55),train-MSE,0.08729082163588191,0.000896764875465439,False,1.63*((0.00329 / sin((sin(x0) / (x0 + -0.779)))) + sin(x0)) + 3.05 + -1.54*x0 + -0.00602*x0^2,9,,107.28724598884583
20290839,1,full,4,4,0.1,((sin(x0) / x0) / sin(-2.05)),extrap-CV,0.000957586897168351,0.06267549917013135,False,-1.14*(sin(x0) / x0) + 0.00779 + 0.00287*x0 + -0.000699*x0^2,4,-4.937278428679378,106.26114583015442
20290839,1,full,4,4,0.1,((sin(x0) / x0) / sin(-2.05)),interior-CV,0.000957586897168351,0.06267549917013135,False,-1.14*(sin(x0) / x0) + 0.00779 + 0.00287*x0 + -0.000699*x0^2,4,-6.386359344392463,106.26114583015442
20290839,1,full,4,4,0.1,((sin(x0) / x0) / sin(-2.05)),train-MSE,0.001057269274701404,0.06919986034176422,False,-1.14*((0.000283 / cos(((x0 + 0.986) * 1.05))) + (sin(x0) / x0)) + 0.00617 + 0.00285*x0 + -0.000633*x0^2,9,,106.26114583015442
20290840,1,full,4,6,0.1,(sqrt((x0 * x0)) / sin(-1.48)),extrap-CV,0.014018270129348875,0.019600064279906092,False,-0.985*sqrt((x0)^2) + 0.01 + 0.00674*x0 + -0.00534*x0^2,4,-3.601878149061473,96.14605784416199
20290840,1,full,4,6,0.1,(sqrt((x0 * x0)) / sin(-1.48)),interior-CV,0.6950248459805124,0.9717698069485424,False,-1.61*sqrt(x0) + 0.65 + 0.00868*x0 + -0.0884*x0^2,3,-3.7262706683832114,96.14605784416199
20290840,1,full,4,6,0.1,(sqrt((x0 * x0)) / sin(-1.48)),train-MSE,0.006280394323763972,0.008781121444593594,False,-1.01*((-0.0002 / (0.619 - sqrt(x0))) + sqrt(((x0)^2 + 0.00414))) + 0.0446 + 0.00685*x0 + -0.00159*x0^2,9,,96.14605784416199
20290841,1,full,4,4,0.1,log(cos((x0 * sin(-1.78)))),extrap-CV,0.000970489467152625,0.002636286393959354,False,10.4*cos((1.33 - sqrt(sqrt(cos((x0 * 0.979)))))) + -9.87 + -0.00286*x0 + 0.000195*x0^2,8,-2.376480535983364,107.3721489906311
20290841,1,full,4,4,0.1,log(cos((x0 * sin(-1.78)))),interior-CV,0.000970489467152625,0.002636286393959354,False,10.4*cos((1.33 - sqrt(sqrt(cos((x0 * 0.979)))))) + -9.87 + -0.00286*x0 + 0.000195*x0^2,8,-4.066752002917763,107.3721489906311
20290841,1,full,4,4,0.1,log(cos((x0 * sin(-1.78)))),train-MSE,0.000970489467152625,0.002636286393959354,False,10.4*cos((1.33 - sqrt(sqrt(cos((x0 * 0.979)))))) + -9.87 + -0.00286*x0 + 0.000195*x0^2,8,,107.3721489906311
20290842,1,full,4,2,0.1,(((x0 * x0))^2 / (1.33 * x0)),extrap-CV,138.68743033651248,0.0025886952908623444,False,0.777*(((x0)^2 - sin(x0)) * x0) + 1.06 + -0.306*x0 + -0.204*x0^2,6,3.046680371976869,122.06425905227661
20290842,1,full,4,2,0.1,(((x0 * x0))^2 / (1.33 * x0)),interior-CV,32.85076278809477,0.0006131818487402465,False,0.777*((x0)^2 * x0) + -0.315 + -0.327*x0 + 0.000685*x0^2,4,2.617241210790612,122.06425905227661
20290842,1,full,4,2,0.1,(((x0 * x0))^2 / (1.33 * x0)),train-MSE,168.77234829717327,0.0031502507632059596,False,0.818*(((x0)^2 - sin((1.7 / x0))) * (x0 + -3.23)) + 0.299 + -1.3*x0 + 2.69*x0^2,8,,122.06425905227661
20290843,1,full,4,4,0.1,sqrt(((x0 * (x0 * x0)))^2),extrap-CV,2545.95818926451,0.1922506024535332,False,35.6*(sin(x0) / x0) + -35 + -0.0539*x0 + 6.67*x0^2,4,2.998851538188937,110.7656991481781
20290843,1,full,4,4,0.1,sqrt(((x0 * (x0 * x0)))^2),interior-CV,8234.753956497858,0.6218234124460128,False,10.5*cos(x0) + -9.18 + -0.113*x0 + 5.14*x0^2,3,2.676189128810661,110.7656991481781
20290843,1,full,4,4,0.1,sqrt(((x0 * (x0 * x0)))^2),train-MSE,569.592493098143,0.04301111479869282,False,-0.246*(((((x0 + 0.0424))^2 + -0.801))^2 / (0.962 - sqrt(x0))) + 0.813 + -0.594*x0 + 0.535*x0^2,9,,110.7656991481781
20290844,1,full,4,6,0.1,sqrt((exp((x0 - 0.25)) + x0)),extrap-CV,0.34836656755742346,0.0021746987937409285,False,0.805*sqrt(((x0 - (x0)^2) + exp(x0))) + 0.141 + 0.384*x0 + -0.0084*x0^2,7,-1.9721340978160686,113.41363191604614
20290844,1,full,4,6,0.1,sqrt((exp((x0 - 0.25)) + x0)),interior-CV,0.34836656755742346,0.0021746987937409285,False,0.805*sqrt(((x0 - (x0)^2) + exp(x0))) + 0.141 + 0.384*x0 + -0.0084*x0^2,7,-2.599658004078999,113.41363191604614
20290844,1,full,4,6,0.1,sqrt((exp((x0 - 0.25)) + x0)),train-MSE,2.6308432150845404,0.01642319355293122,False,1.52*(sin(sqrt((x0 + 0.476))) + sqrt(exp((x0 * 0.847)))) + -1.58 + -0.383*x0 + 0.0238*x0^2,9,,113.41363191604614
20290845,1,full,4,2,0.1,((x0 * (x0 * x0)) / (x0 * 1.54)),extrap-CV,0.062233932132209444,0.0012127130478809893,False,0.0142*x0 + 0.0172 + 0.0142*x0 + 0.645*x0^2,2,-1.3298915518031702,65.40025496482849
20290845,1,full,4,2,0.1,((x0 * (x0 * x0)) / (x0 * 1.54)),interior-CV,0.062233932132209444,0.0012127130478809893,False,0.0142*x0 + 0.0172 + 0.0142*x0 + 0.645*x0^2,2,-1.5033564150794987,65.40025496482849
20290845,1,full,4,2,0.1,((x0 * (x0 * x0)) / (x0 * 1.54)),train-MSE,0.09720044258709873,0.0018940831945949668,False,-0.177*exp(cos(((x0 / (log(log(x0)) * 1)) + 0.196))) + 0.325 + 0.037*x0 + 0.64*x0^2,9,,65.40025496482849
20290846,1,full,4,4,0.1,(x0 - exp(cos((2.59 / x0)))),extrap-CV,2.0215098376232037,0.04843712487653684,False,0.411*cos(x0) + -0.793 + 0.984*x0 + -0.0748*x0^2,3,-0.7688589211074541,103.43732213973999
20290846,1,full,4,4,0.1,(x0 - exp(cos((2.59 / x0)))),interior-CV,2.0215098376232037,0.04843712487653684,False,0.411*cos(x0) + -0.793 + 0.984*x0 + -0.0748*x0^2,3,-2.40451299397138,103.43732213973999
20290846,1,full,4,4,0.1,(x0 - exp(cos((2.59 / x0)))),train-MSE,1.312533627963182,0.03144944143188317,False,0.745*exp((sin((1.34 / ((sin(x0) * 0.027) + x0))))^2) + -2.24 + 0.985*x0 + -0.0494*x0^2,9,,103.43732213973999
20290847,1,full,4,6,0.1,(log(x0) - cos(log(x0))),extrap-CV,0.0012906523384251774,0.01921967368248562,False,1*(log(x0) - cos(log(x0))) + -0.0231 + -0.00422*x0 + 0.000796*x0^2,6,-3.9126858597397263,115.6196699142456
20290847,1,full,4,6,0.1,(log(x0) - cos(log(x0))),interior-CV,0.0012906523384251774,0.01921967368248562,False,1*(log(x0) - cos(log(x0))) + -0.0231 + -0.00422*x0 + 0.000796*x0^2,6,-4.413390900814808,115.6196699142456
20290847,1,full,4,6,0.1,(log(x0) - cos(log(x0))),train-MSE,4.038102876634431,60.13317240793081,False,-1.16*((sin((-2.97 - cos(x0))) + -0.744) / (sqrt(x0) + -0.0624)) + -1.66 + -0.00461*x0 + 0.122*x0^2,9,,115.6196699142456
20290848,1,full,4,5,0.1,(cos(x0) / (x0 + log(x0))),extrap-CV,0.0014792821231914537,0.0877287967163324,False,0.999*(cos(x0) / (log(x0) + x0)) + -0.00126 + -0.00128*x0 + -0.00084*x0^2,6,-3.9244978415924607,104.71107792854309
20290848,1,full,4,5,0.1,(cos(x0) / (x0 + log(x0))),interior-CV,0.0014792821231914537,0.0877287967163324,False,0.999*(cos(x0) / (log(x0) + x0)) + -0.00126 + -0.00128*x0 + -0.00084*x0^2,6,-4.275299747514132,104.71107792854309
20290848,1,full,4,5,0.1,(cos(x0) / (x0 + log(x0))),train-MSE,0.00028464579269167156,0.016880913039990165,False,0.985*(cos((x0 + -0.0259)) / (log((x0 + 0.000105)) + x0)) + -0.017 + -0.00205*x0 + 0.000345*x0^2,8,,104.71107792854309
20290849,1,full,4,4,0.1,((cos(exp(x0)) * x0) - x0),extrap-CV,0.014348050235628906,0.0007940450009013368,False,1.02*(cos(exp(x0)) * x0) + 0.0393 + -0.995*x0 + 0.00118*x0^2,5,-3.069001972573405,82.9735209941864
20290849,1,full,4,4,0.1,((cos(exp(x0)) * x0) - x0),interior-CV,0.014348050235628906,0.0007940450009013368,False,1.02*(cos(exp(x0)) * x0) + 0.0393 + -0.995*x0 + 0.00118*x0^2,5,-3.2157888224679456,82.9735209941864
20290849,1,full,4,4,0.1,((cos(exp(x0)) * x0) - x0),train-MSE,0.03110078370975479,0.0017211691779222482,False,0.253*(x0 / (exp((0.25 / cos(exp(x0)))) + -1.01)) + 0.0349 + -0.891*x0 + 0.00276*x0^2,8,,82.9735209941864
20290850,1,full,4,4,0.1,(sin(x0) * (x0 * cos(x0))),extrap-CV,0.0033739687034372474,0.0006533951213210176,False,0.985*((cos(x0) * sin(x0)) * x0) + -0.00131 + -0.00159*x0 + 0.0013*x0^2,6,-4.303944548603038,93.42367005348206
20290850,1,full,4,4,0.1,(sin(x0) * (x0 * cos(x0))),interior-CV,0.017125710371331378,0.0033165262008461884,False,0.98*((cos((x0 * 1)) * sin(x0)) * x0) + -0.00832 + -0.00129*x0 + 0.00532*x0^2,7,-4.895108285206152,93.42367005348206
20290850,1,full,4,4,0.1,(sin(x0) * (x0 * cos(x0))),train-MSE,0.10839304918490836,0.02099115188898357,False,2.99*sin((((cos(x0) * sin((x0 * 1.01))) * x0) * 0.343)) + -0.0131 + -0.00187*x0 + 0.00156*x0^2,9,,93.42367005348206
20290851,1,full,4,4,0.1,(log(x0) / (x0 - (x0 + x0))),extrap-CV,0.8336786860440586,9.97420404644609,False,-1*(log(x0) / x0) + -0.223 + -0.0742*x0 + 0.0237*x0^2,4,2.865140962201376,104.1104519367218
20290851,1,full,4,4,0.1,(log(x0) / (x0 - (x0 + x0))),interior-CV,0.8336786860440586,9.97420404644609,False,-1*(log(x0) / x0) + -0.223 + -0.0742*x0 + 0.0237*x0^2,4,2.8102987056123374,104.1104519367218
20290851,1,full,4,4,0.1,(log(x0) / (x0 - (x0 + x0))),train-MSE,0.8336786860440586,9.97420404644609,False,-1*(log(x0) / x0) + -0.223 + -0.0742*x0 + 0.0237*x0^2,4,,104.1104519367218
20290852,1,full,4,2,0.1,((x0 + x0) - (x0 - (x0)^2)),extrap-CV,0.12070950911074013,0.0008303593825123099,False,0.177*(log(((0.0393 - (cos(x0) + sin(x0))) / x0)) + -36.8) + 6.69 + 0.978*x0 + 0.999*x0^2,9,-0.3047834289287231,105.23796319961548
20290852,1,full,4,2,0.1,((x0 + x0) - (x0 - (x0)^2)),interior-CV,0.38019966665324684,0.0026153893157161924,False,0.496*x0 + 0.0974 + 0.496*x0 + 0.984*x0^2,2,-0.4658171884304421,105.23796319961548
20290852,1,full,4,2,0.1,((x0 + x0) - (x0 - (x0)^2)),train-MSE,0.12070950911074013,0.0008303593825123099,False,0.177*(log(((0.0393 - (cos(x0) + sin(x0))) / x0)) + -36.8) + 6.69 + 0.978*x0 + 0.999*x0^2,9,,105.23796319961548
20290853,1,full,4,4,0.1,((sin(x0) * x0) * sin(-2.1)),extrap-CV,0.10734816023267901,0.007007026084696563,False,0.874*((-0.0627 / sqrt(x0)) - (sin(x0) * x0)) + 0.129 + 0.00585*x0 + -0.00878*x0^2,7,-2.9635377613366987,130.81017804145813
20290853,1,full,4,4,0.1,((sin(x0) * x0) * sin(-2.1)),interior-CV,0.002145553636736198,0.00014004851379045307,False,-0.855*(sin(x0) * x0) + 0.0281 + 0.00588*x0 + -0.00112*x0^2,4,-3.270666663139226,130.81017804145813
20290853,1,full,4,4,0.1,((sin(x0) * x0) * sin(-2.1)),train-MSE,59.81013347472111,3.9040367760208134,False,-8.9*cos(((1.76 - sqrt(sqrt((12.2 / x0)))) * x0)) + 8.66 + 0.00645*x0 + -0.473*x0^2,8,,130.81017804145813
20290854,1,full,4,5,0.1,(((-0.75 * x0) - 0.94) / (x0 - -0.78)),extrap-CV,0.14922799417901472,46.77416702902069,False,0.237*((x0 + -0.936) / ((x0 / (0.394 - sin(x0))) + cos(x0))) + -0.82 + -0.0488*x0 + -0.00102*x0^2,9,-1.7681135536718893,117.9869749546051
20290854,1,full,4,5,0.1,(((-0.75 * x0) - 0.94) / (x0 - -0.78)),interior-CV,0.14922799417901472,46.77416702902069,False,0.237*((x0 + -0.936) / ((x0 / (0.394 - sin(x0))) + cos(x0))) + -0.82 + -0.0488*x0 + -0.00102*x0^2,9,-1.1959972031150223,117.9869749546051
20290854,1,full,4,5,0.1,(((-0.75 * x0) - 0.94) / (x0 - -0.78)),train-MSE,0.14922799417901472,46.77416702902069,False,0.237*((x0 + -0.936) / ((x0 / (0.394 - sin(x0))) + cos(x0))) + -0.82 + -0.0488*x0 + -0.00102*x0^2,9,,117.9869749546051
20290855,1,full,4,4,0.1,(x0 / ((0.83 + x0) + sin(x0))),extrap-CV,1.9786029684983402,67.96665210423872,False,-0.642*(exp(x0) / ((exp(x0))^2 + x0)) + 0.654 + -0.0772*x0 + 0.0349*x0^2,7,-2.8124279160516426,91.87305426597595
20290855,1,full,4,4,0.1,(x0 / ((0.83 + x0) + sin(x0))),interior-CV,0.6203951919469142,21.311089111627243,False,-0.977*(exp(sin((3.73 - x0))) / ((exp(x0))^2 + x0)) + 0.54 + -0.0105*x0 + 0.0255*x0^2,9,-5.332385905440374,91.87305426597595
20290855,1,full,4,4,0.1,(x0 / ((0.83 + x0) + sin(x0))),train-MSE,0.6203951919469142,21.311089111627243,False,-0.977*(exp(sin((3.73 - x0))) / ((exp(x0))^2 + x0)) + 0.54 + -0.0105*x0 + 0.0255*x0^2,9,,91.87305426597595
20290856,1,full,4,5,0.1,log((((x0)^2 / -2.46) + x0)),extrap-CV,0.005523283738014889,0.023693810868503487,False,1.02*log((((x0 - (x0)^2) * 0.685) + x0)) + -0.485 + 0.00763*x0 + -0.00334*x0^2,7,-3.327470144013181,106.11716675758362
20290856,1,full,4,5,0.1,log((((x0)^2 / -2.46) + x0)),interior-CV,0.005523283738014889,0.023693810868503487,False,1.02*log((((x0 - (x0)^2) * 0.685) + x0)) + -0.485 + 0.00763*x0 + -0.00334*x0^2,7,-3.59413378717005,106.11716675758362
20290856,1,full,4,5,0.1,log((((x0)^2 / -2.46) + x0)),train-MSE,0.010820789775043239,0.04641907939892617,False,2.05*log((sqrt(((x0 * 3.94e+04) - ((x0)^2 * 1.6e+04))) + x0)) + -10.8 + 0.00437*x0 + -0.00491*x0^2,9,,106.11716675758362
20290857,1,full,4,5,0.1,cos((x0 + log(cos(x0)))),extrap-CV,0.0034668173567676723,0.009449767048756514,False,0.986*cos((log(cos(x0)) + x0)) + -0.00276 + -0.000695*x0 + -0.00109*x0^2,6,-4.13983177765002,96.08042407035828
20290857,1,full,4,5,0.1,cos((x0 + log(cos(x0)))),interior-CV,0.0034668173567676723,0.009449767048756514,False,0.986*cos((log(cos(x0)) + x0)) + -0.00276 + -0.000695*x0 + -0.00109*x0^2,6,-5.067292331445761,96.08042407035828
20290857,1,full,4,5,0.1,cos((x0 + log(cos(x0)))),train-MSE,0.00163455635564371,0.004455434249728947,False,0.99*cos((-0.0366 - (log(cos((x0 * 1))) + x0))) + -0.00588 + -0.000139*x0 + -0.000604*x0^2,8,,96.08042407035828
20290858,1,full,4,4,0.1,(((-2.37 + x0) * -2.82) * (x0)^2),extrap-CV,26.781623353812595,3.753785758119929e-05,False,-2.82*((x0)^2 * x0) + -1.72 + 0.934*x0 + 6.74*x0^2,4,6.165909169249641,121.60888409614563
20290858,1,full,4,4,0.1,(((-2.37 + x0) * -2.82) * (x0)^2),interior-CV,26.781623353812595,3.753785758119929e-05,False,-2.82*((x0)^2 * x0) + -1.72 + 0.934*x0 + 6.74*x0^2,4,5.5410763692802645,121.60888409614563
20290858,1,full,4,4,0.1,(((-2.37 + x0) * -2.82) * (x0)^2),train-MSE,20538.545560648054,0.028787388575936525,False,22*((-5.62 - x0) / exp((cos(sqrt(x0)) * 1.99))) + 23.8 + 5.93*x0 + 22.8*x0^2,8,,121.60888409614563
20290859,1,full,4,4,0.1,sqrt((((x0 - x0) - 2.78) + x0)),extrap-CV,0.11011300706754557,0.3138975388096064,False,0.409*log((x0 - exp(exp((0.00794 / x0))))) + 1.25 + -0.105*x0 + 0.00974*x0^2,7,-2.584204096165962,94.51320481300354
20290859,1,full,4,4,0.1,sqrt((((x0 - x0) - 2.78) + x0)),interior-CV,0.002218705665115934,0.006324831790268048,False,0.995*(sqrt((2.79 - x0)) - sqrt(exp((x0 * -0.217)))) + 0.995 + -0.111*x0 + 0.00657*x0^2,8,-5.359621651496044,94.51320481300354
20290859,1,full,4,4,0.1,sqrt((((x0 - x0) - 2.78) + x0)),train-MSE,43.43096384185773,123.80801343228659,False,2.77e-06*((sqrt((2.79 - x0)) * 3.67e+05) - sqrt(exp((x0 * 4.08)))) + -0.0377 + 0.00568*x0 + 0.000973*x0^2,9,,94.51320481300354
20290860,1,full,4,3,0.1,(cos(x0) - (x0 / (-1.47)^2)),extrap-CV,0.02363896496936755,0.00259384964398513,False,0.956*(cos(x0) / cos((-0.039 / cos(x0)))) + 0.0128 + -0.466*x0 + -0.0031*x0^2,7,-3.936281345109369,135.3933551311493
20290860,1,full,4,3,0.1,(cos(x0) - (x0 / (-1.47)^2)),interior-CV,0.014134211900046049,0.0015509147948081971,False,0.964*cos(x0) + 0.0108 + -0.467*x0 + -0.00232*x0^2,3,-4.010171370858764,135.3933551311493
20290860,1,full,4,3,0.1,(cos(x0) - (x0 / (-1.47)^2)),train-MSE,0.017664284359914302,0.0019382615845317049,False,0.962*((-0.00335 / sin(cos((0.999 - (x0)^2)))) + cos(x0)) + 0.0147 + -0.467*x0 + -0.0027*x0^2,9,,135.3933551311493
20290861,1,full,4,4,0.1,sin(cos(sin((x0 + x0)))),extrap-CV,2.0595057101623226e-05,0.0014799237977035607,False,-1.33*((cos(x0) * sin(x0)))^2 + 0.849 + 3.29e-05*x0 + 3.14e-05*x0^2,6,-8.825872839861379,82.4572172164917
20290861,1,full,4,4,0.1,sin(cos(sin((x0 + x0)))),interior-CV,2.0595057101623226e-05,0.0014799237977035607,False,-1.33*((cos(x0) * sin(x0)))^2 + 0.849 + 3.29e-05*x0 + 3.14e-05*x0^2,6,-8.818060727501006,82.4572172164917
20290861,1,full,4,4,0.1,sin(cos(sin((x0 + x0)))),train-MSE,7.873873087808276e-05,0.0056580237215397965,False,4.62*sin(cos((cos((x0 * 1)) * sin((x0 * 1))))) + -3.04 + -2.84e-05*x0 + -0.000134*x0^2,9,,82.4572172164917
20290862,1,full,4,2,0.1,((((x0 + 0.43) - x0) * x0))^2,extrap-CV,0.0009350054809250813,0.00021694763278568235,False,-0.012*log(x0) + -0.0152 + 0.0033*x0 + 0.186*x0^2,3,-3.415172353610272,108.8337049484253
20290862,1,full,4,2,0.1,((((x0 + 0.43) - x0) * x0))^2,interior-CV,0.0005192042706059217,0.00012047002904060731,False,0.00169*x0 + -0.014 + 0.00169*x0 + 0.185*x0^2,2,-3.803084844479566,108.8337049484253
20290862,1,full,4,2,0.1,((((x0 + 0.43) - x0) * x0))^2,train-MSE,0.023206335173689252,0.005384524031433353,False,0.0333*(sqrt((0.414 - sin((1.4 / x0)))) / cos(exp(x0))) + -0.0242 + 0.00779*x0 + 0.185*x0^2,9,,108.8337049484253
20290863,1,full,4,10,0.1,sqrt((sqrt((x0 + x0)) - x0)),extrap-CV,1.3331732227447988,2.296963698806507,False,-0.333*(sin(x0) - sqrt(x0)) + 0.652 + -0.247*x0 + 0.0321*x0^2,5,-3.4510314769172186,99.31777501106262
20290863,1,full,4,10,0.1,sqrt((sqrt((x0 + x0)) - x0)),interior-CV,1.3331732227447988,2.296963698806507,False,-0.333*(sin(x0) - sqrt(x0)) + 0.652 + -0.247*x0 + 0.0321*x0^2,5,-4.3346939673578335,99.31777501106262
20290863,1,full,4,10,0.1,sqrt((sqrt((x0 + x0)) - x0)),train-MSE,10.601574072920467,18.265766503748637,False,-0.000492*(((-999 - x0) + sqrt(sin(sqrt(x0)))))^2 + 491 + 0.527*x0 + -0.0192*x0^2,8,,99.31777501106262
20290864,1,full,4,4,0.1,log((((x0 + 2.59) / x0) - 3)),extrap-CV,0.10955722985857402,2.571924048906951,False,-1*log((x0 / (sqrt((x0 + 0.163)) - exp((1.49 - x0))))) + -0.354 + 0.518*x0 + -0.0433*x0^2,9,-4.265783639214539,104.05464172363281
20290864,1,full,4,4,0.1,log((((x0 + 2.59) / x0) - 3)),interior-CV,0.11408157071337029,2.6781357618621238,False,-1.01*log((x0 / (sqrt(x0) - exp((1.43 - x0))))) + -0.312 + 0.514*x0 + -0.0439*x0^2,8,-4.412430300285949,104.05464172363281
20290864,1,full,4,4,0.1,log((((x0 + 2.59) / x0) - 3)),train-MSE,0.10955722985857402,2.571924048906951,False,-1*log((x0 / (sqrt((x0 + 0.163)) - exp((1.49 - x0))))) + -0.354 + 0.518*x0 + -0.0433*x0^2,9,,104.05464172363281
20290865,1,full,4,4,0.1,sqrt((-0.85 / (-0.29 * exp(x0)))),extrap-CV,12.420891892986921,0.014220448679751673,False,0.424*sqrt(exp((sqrt(x0) - x0))) + 1.03 + -0.52*x0 + 0.0689*x0^2,6,-0.398599667813784,114.89513611793518
20290865,1,full,4,4,0.1,sqrt((-0.85 / (-0.29 * exp(x0)))),interior-CV,1.3762932758778912,0.0015756926367710615,False,0.568*sqrt((x0 / exp(x0))) + 1.18 + -0.541*x0 + 0.0647*x0^2,5,-1.5069058887552185,114.89513611793518
20290865,1,full,4,4,0.1,sqrt((-0.85 / (-0.29 * exp(x0)))),train-MSE,24.303146815409356,0.02782422188539718,False,0.723*exp(((sin(sqrt((0.695 / (0.943 - x0)))) - x0) * 0.598)) + 0.605 + -0.336*x0 + 0.0553*x0^2,9,,114.89513611793518
20290866,1,full,4,3,0.1,(sin(x0) + log(exp(x0))),extrap-CV,0.044606360705322604,0.000979157665735305,False,0.986*sin(x0) + 0.0605 + 1.01*x0 + -0.00604*x0^2,3,-1.9084462224441583,105.55684018135071
20290866,1,full,4,3,0.1,(sin(x0) + log(exp(x0))),interior-CV,0.044606360705322604,0.000979157665735305,False,0.986*sin(x0) + 0.0605 + 1.01*x0 + -0.00604*x0^2,3,-2.3880096845592598,105.55684018135071
20290866,1,full,4,3,0.1,(sin(x0) + log(exp(x0))),train-MSE,0.046433258165154145,0.0010192600328421775,False,0.986*(sin(x0) - (-1.96 / ((x0 + -4.16) / (-0.0229 / sqrt(x0))))) + 0.043 + 1*x0 + -0.00575*x0^2,9,,105.55684018135071
20290867,1,full,4,4,0.1,(x0 + ((0.51 / x0) + (x0)^2)),extrap-CV,0.10846045516757372,0.0005995661308485872,False,0.531*(x0 / (x0)^2) + -0.0599 + 0.957*x0 + 0.997*x0^2,4,0.047660358847620626,99.90375518798828
20290867,1,full,4,4,0.1,(x0 + ((0.51 / x0) + (x0)^2)),interior-CV,0.10846045516757372,0.0005995661308485872,False,0.531*(x0 / (x0)^2) + -0.0599 + 0.957*x0 + 0.997*x0^2,4,-0.3858940396934429,99.90375518798828
20290867,1,full,4,4,0.1,(x0 + ((0.51 / x0) + (x0)^2)),train-MSE,0.10846045516757372,0.0005995661308485872,False,0.531*(x0 / (x0)^2) + -0.0599 + 0.957*x0 + 0.997*x0^2,4,,99.90375518798828
20290868,1,full,4,5,0.1,((x0 - 1.19) - log((x0 + x0))),extrap-CV,0.2518031096459997,0.005919955739275488,False,-1.13*log(x0) + -1.95 + 1*x0 + 0.018*x0^2,3,-2.1177068767882172,99.19516110420227
20290868,1,full,4,5,0.1,((x0 - 1.19) - log((x0 + x0))),interior-CV,0.2518031096459997,0.005919955739275488,False,-1.13*log(x0) + -1.95 + 1*x0 + 0.018*x0^2,3,-2.3330742250345584,99.19516110420227
20290868,1,full,4,5,0.1,((x0 - 1.19) - log((x0 + x0))),train-MSE,0.24840722614888472,0.0058401176466207965,False,-1.13*((-0.0349 / (sqrt(sqrt((x0 + 3.29))) * 3.8)) + log(x0)) + -1.96 + 1.01*x0 + 0.0183*x0^2,9,,99.19516110420227
20290869,1,full,4,2,0.1,((x0 / x0) * sin((x0 + x0))),extrap-CV,0.0008022389687273075,0.0017003067605198417,False,2.02*(cos(x0) * sin(x0)) + 0.00663 + -0.00329*x0 + 0.000212*x0^2,5,-4.789068130891378,70.68463897705078
20290869,1,full,4,2,0.1,((x0 / x0) * sin((x0 + x0))),interior-CV,0.0025847567305624384,0.00547826709321616,False,2.39*cos((sin(x0) - cos(x0))) + -1.34 + -0.000952*x0 + 0.000991*x0^2,6,-5.117128509119818,70.68463897705078
20290869,1,full,4,2,0.1,((x0 / x0) * sin((x0 + x0))),train-MSE,0.0013899273850736492,0.0029458839841968727,False,9.97*exp(((sin((cos(x0) * 0.574)) * sin(x0)) * 0.362)) + -10 + -0.00167*x0 + 0.000641*x0^2,9,,70.68463897705078
20290870,1,full,4,4,0.1,((-1.13 / log(x0)) + (x0 - x0)),extrap-CV,0.0005355997366833171,0.2975847947407069,False,-1.14*(sqrt(sqrt(x0)) / log(x0)) + 0.328 + -0.00347*x0 + 0.000873*x0^2,6,-1.8127604743061456,92.29690170288086
20290870,1,full,4,4,0.1,((-1.13 / log(x0)) + (x0 - x0)),interior-CV,0.006299421035470152,3.5000239683352845,False,-1.14*(x0 / (log(x0) * x0)) + 0.0458 + -0.00364*x0 + -0.00258*x0^2,5,-1.8314541868994043,92.29690170288086
20290870,1,full,4,4,0.1,((-1.13 / log(x0)) + (x0 - x0)),train-MSE,9.723914834233701e-05,0.0540270840673041,False,-1.14*((-0.00328 / (x0 + -2.94)) + (sqrt(sqrt(x0)) / log(x0))) + 0.336 + -0.00159*x0 + 0.00069*x0^2,9,,92.29690170288086
20290871,1,full,4,6,0.1,(2.88 - (cos(x0) / (x0 + -1.34))),extrap-CV,0.0003664426207946886,0.026896906834327862,False,-0.943*(cos(x0) / (x0 - (3.55 / exp(cos((x0 * 0.166)))))) + 2.88 + -0.000116*x0 + -4.84e-05*x0^2,9,-3.6374226042004434,62.53013300895691
20290871,1,full,4,6,0.1,(2.88 - (cos(x0) / (x0 + -1.34))),interior-CV,0.0003664426207946886,0.026896906834327862,False,-0.943*(cos(x0) / (x0 - (3.55 / exp(cos((x0 * 0.166)))))) + 2.88 + -0.000116*x0 + -4.84e-05*x0^2,9,-5.160688911776389,62.53013300895691
20290871,1,full,4,6,0.1,(2.88 - (cos(x0) / (x0 + -1.34))),train-MSE,0.0003664426207946886,0.026896906834327862,False,-0.943*(cos(x0) / (x0 - (3.55 / exp(cos((x0 * 0.166)))))) + 2.88 + -0.000116*x0 + -4.84e-05*x0^2,9,,62.53013300895691
20290872,1,full,4,2,0.1,(x0 * ((x0 + x0) + (x0 / 2.76))),extrap-CV,0.02063362198428107,2.9082180356512796e-05,False,-0.00882*x0 + -0.379 + -0.00882*x0 + 2.37*x0^2,2,1.3333923525735665,64.41420888900757
20290872,1,full,4,2,0.1,(x0 * ((x0 + x0) + (x0 / 2.76))),interior-CV,0.02063362198428107,2.9082180356512796e-05,False,-0.00882*x0 + -0.379 + -0.00882*x0 + 2.37*x0^2,2,1.1525773763389788,64.41420888900757
20290872,1,full,4,2,0.1,(x0 * ((x0 + x0) + (x0 / 2.76))),train-MSE,0.4954041708345893,0.0006982503341660495,False,0.654*cos((((log(x0) * x0) + 0.906))^2) + -0.697 + -0.00301*x0 + 2.39*x0^2,7,,64.41420888900757
20290873,1,full,4,4,0.1,sin(((-1.45 + x0) + sin(x0))),extrap-CV,0.011911009963361622,0.028882163770563216,False,-0.999*cos((sin(x0) + x0)) + 0.00153 + -0.00526*x0 + -0.000475*x0^2,5,-4.706531441528611,81.4295129776001
20290873,1,full,4,4,0.1,sin(((-1.45 + x0) + sin(x0))),interior-CV,0.0012935474321262822,0.003136631477480405,False,-0.0996*exp((exp(sin(cos((x0 + 0.0774)))) * 1.33)) + 1.19 + -0.00383*x0 + 0.000602*x0^2,8,-5.359011812630496,81.4295129776001
20290873,1,full,4,4,0.1,sin(((-1.45 + x0) + sin(x0))),train-MSE,0.045403490593659265,0.11009570599932512,False,-9.85*sqrt(exp((-8.82 / exp(cos(((x0 + 0.0711) * -1.02)))))) + 0.965 + -0.00245*x0 + 0.00223*x0^2,9,,81.4295129776001
20290874,1,full,4,2,0.1,cos(((x0 + x0) * (x0 / x0))),extrap-CV,0.002495773528643883,0.005040286733170046,False,4.38*cos(sin(x0)) + -3.35 + -0.000849*x0 + 0.00115*x0^2,4,-4.980237377859542,79.9133448600769
20290874,1,full,4,2,0.1,cos(((x0 + x0) * (x0 / x0))),interior-CV,0.002495773528643883,0.005040286733170046,False,4.38*cos(sin(x0)) + -3.35 + -0.000849*x0 + 0.00115*x0^2,4,-5.29438222725284,79.9133448600769
20290874,1,full,4,2,0.1,cos(((x0 + x0) * (x0 / x0))),train-MSE,0.002495773528643883,0.005040286733170046,False,4.38*cos(sin(x0)) + -3.35 + -0.000849*x0 + 0.00115*x0^2,4,,79.9133448600769
20290875,1,full,4,2,0.1,(((x0 + 0.32) * (x0 / x0)) / x0),extrap-CV,0.085824162921192,33.55440452577492,False,-0.356*(cos(((-2.69 / sin(x0)) * x0)) / x0) + 1.08 + 0.0507*x0 + -0.00217*x0^2,7,-1.584876670075094,90.0223138332367
20290875,1,full,4,2,0.1,(((x0 + 0.32) * (x0 / x0)) / x0),interior-CV,0.085824162921192,33.55440452577492,False,-0.356*(cos(((-2.69 / sin(x0)) * x0)) / x0) + 1.08 + 0.0507*x0 + -0.00217*x0^2,7,-1.574464589088725,90.0223138332367
20290875,1,full,4,2,0.1,(((x0 + 0.32) * (x0 / x0)) / x0),train-MSE,0.085824162921192,33.55440452577492,False,-0.356*(cos(((-2.69 / sin(x0)) * x0)) / x0) + 1.08 + 0.0507*x0 + -0.00217*x0^2,7,,90.0223138332367
20290876,1,full,4,2,0.1,((x0 * (-2.44 / x0)) + (x0)^2),extrap-CV,0.3065439725561041,0.0024890237355681033,False,-0.455*exp(sin((((x0)^2 - (x0 + 1.14)) * 1.07))) + -2.14 + -0.0148*x0 + 1.01*x0^2,8,-0.3547275595351473,82.11284279823303
20290876,1,full,4,2,0.1,((x0 * (-2.44 / x0)) + (x0)^2),interior-CV,0.3065439725561041,0.0024890237355681033,False,-0.455*exp(sin((((x0)^2 - (x0 + 1.14)) * 1.07))) + -2.14 + -0.0148*x0 + 1.01*x0^2,8,-0.594173258322269,82.11284279823303
20290876,1,full,4,2,0.1,((x0 * (-2.44 / x0)) + (x0)^2),train-MSE,0.3065439725561041,0.0024890237355681033,False,-0.455*exp(sin((((x0)^2 - (x0 + 1.14)) * 1.07))) + -2.14 + -0.0148*x0 + 1.01*x0^2,8,,82.11284279823303
20290877,1,full,4,5,0.1,((x0 * cos(x0)) / log(x0)),extrap-CV,0.0013330635611269468,0.00021129009504790712,False,1.01*((cos(x0) / log(x0)) * x0) + 0.0231 + -0.00684*x0 + -9.04e-05*x0^2,6,-2.8431243234386105,80.20499873161316
20290877,1,full,4,5,0.1,((x0 * cos(x0)) / log(x0)),interior-CV,0.0013330635611269468,0.00021129009504790712,False,1.01*((cos(x0) / log(x0)) * x0) + 0.0231 + -0.00684*x0 + -9.04e-05*x0^2,6,-3.118155947459954,80.20499873161316
20290877,1,full,4,5,0.1,((x0 * cos(x0)) / log(x0)),train-MSE,0.0009686272717277578,0.00015352707423518206,False,1.01*(((cos(x0) / log(x0)) * x0) + (-0.00623 / (x0 + 2.54))) + 0.0234 + -0.00618*x0 + -0.000384*x0^2,9,,80.20499873161316
20290878,1,full,4,4,0.1,(((-2.11 * 0.47) - x0) / (0.6 + x0)),extrap-CV,6.367304856838784,1670.333964165969,False,-1.41*((x0 / ((x0 * 0.915) + exp(x0))) * x0) + -1.53 + 0.801*x0 + -0.155*x0^2,7,1.2718926011067313,102.87454390525818
20290878,1,full,4,4,0.1,(((-2.11 * 0.47) - x0) / (0.6 + x0)),interior-CV,15.08756515492114,3957.9183157477414,False,0.0312*x0 + -3.3 + 0.0312*x0 + 0.136*x0^2,2,3.677236844614501,102.87454390525818
20290878,1,full,4,4,0.1,(((-2.11 * 0.47) - x0) / (0.6 + x0)),train-MSE,3.6686549625628624,962.3976116351885,False,0.917*(((0.333 - x0) / ((x0 * 0.915) + exp(x0))) * x0) + -1.49 + 0.55*x0 + -0.107*x0^2,8,,102.87454390525818
20290879,1,full,4,5,0.1,(sin((x0 / log(x0))))^2,extrap-CV,0.0014540073689267878,0.10306522918687569,False,-2.17*cos(sin((x0 / log(x0)))) + 2.16 + -3.42e-05*x0 + 0.00103*x0^2,6,-6.934536232318511,72.0696918964386
20290879,1,full,4,5,0.1,(sin((x0 / log(x0))))^2,interior-CV,0.0014540073689267878,0.10306522918687569,False,-2.17*cos(sin((x0 / log(x0)))) + 2.16 + -3.42e-05*x0 + 0.00103*x0^2,6,-7.467415859940732,72.0696918964386
20290879,1,full,4,5,0.1,(sin((x0 / log(x0))))^2,train-MSE,0.0014662569037406687,0.10393351991222263,False,-2.17*cos((sin(((x0 / log((1 / x0))) * 1)) + 0.00311)) + 2.15 + 0.000342*x0 + 0.000998*x0^2,9,,72.0696918964386
20290880,1,full,4,5,0.1,exp(((x0 - x0) - sqrt(x0))),extrap-CV,5.9670365310085096e-05,0.35887277602579326,False,-0.813*(sin(sqrt(sqrt(x0))))^2 + 0.947 + -0.00049*x0 + -0.0015*x0^2,6,-7.778643059253948,85.9417290687561
20290880,1,full,4,5,0.1,exp(((x0 - x0) - sqrt(x0))),interior-CV,0.0061333866314844275,36.887749479024706,False,-0.63*sin(sqrt(x0)) + 0.911 + -0.000461*x0 + -0.0128*x0^2,4,-7.95583949564154,85.9417290687561
20290880,1,full,4,5,0.1,exp(((x0 - x0) - sqrt(x0))),train-MSE,3.0416156752312222e-05,0.18293051421780204,False,-0.133*log((x0 / (sin((-0.635 / sqrt(x0))) + -0.0541))) + 0.424 + -0.000492*x0 + 0.00144*x0^2,8,,85.9417290687561
20290881,1,full,4,2,0.1,((x0 - ((x0 + 0.87) - x0)))^2,extrap-CV,4.401312275845854,0.0167110813158408,False,-0.0143*(x0 / cos((exp(x0) + x0))) + 0.814 + -1.75*x0 + 0.998*x0^2,6,-0.6216281647311659,78.62675905227661
20290881,1,full,4,2,0.1,((x0 - ((x0 + 0.87) - x0)))^2,interior-CV,4.401312275845854,0.0167110813158408,False,-0.0143*(x0 / cos((exp(x0) + x0))) + 0.814 + -1.75*x0 + 0.998*x0^2,6,-0.48669102918801516,78.62675905227661
20290881,1,full,4,2,0.1,((x0 - ((x0 + 0.87) - x0)))^2,train-MSE,265.00802229565767,1.0061932288323703,False,0.0155*((0.28 / x0) + (x0 / (-0.00281 - cos((exp(x0) + x0))))) + 0.837 + -1.75*x0 + 0.997*x0^2,9,,78.62675905227661
20290882,1,full,4,3,0.1,((x0 + (x0 / x0)) * (x0 * x0)),extrap-CV,1.2077481514367938,1.325327063437662e-05,False,0.988*((x0)^2 * x0) + -0.281 + 0.463*x0 + 1.02*x0^2,4,4.290185425252949,80.6859838962555
20290882,1,full,4,3,0.1,((x0 + (x0 / x0)) * (x0 * x0)),interior-CV,1.2077481514367938,1.325327063437662e-05,False,0.988*((x0)^2 * x0) + -0.281 + 0.463*x0 + 1.02*x0^2,4,3.328214547892126,80.6859838962555
20290882,1,full,4,3,0.1,((x0 + (x0 / x0)) * (x0 * x0)),train-MSE,76980.39970264885,0.8447473668976128,False,-1.95*((-0.32 - x0) / cos(log(((-2.76 / sqrt(x0)) + 5.73)))) + -1.02 + -3.49*x0 + 0.669*x0^2,9,,80.6859838962555
20290883,1,full,4,4,0.1,log(((sqrt(-0.78) + x0) / -0.66)),extrap-CV,0.0022292934494100463,0.054150909290768226,False,0.983*log((sqrt(sin(((0.0891 / x0) + -2.15))) + x0)) + 0.394 + 0.000108*x0 + 0.000147*x0^2,8,-3.50439898442239,69.44603490829468
20290883,1,full,4,4,0.1,log(((sqrt(-0.78) + x0) / -0.66)),interior-CV,0.0022292934494100463,0.054150909290768226,False,0.983*log((sqrt(sin(((0.0891 / x0) + -2.15))) + x0)) + 0.394 + 0.000108*x0 + 0.000147*x0^2,8,-2.6552090890850306,69.44603490829468
20290883,1,full,4,4,0.1,log(((sqrt(-0.78) + x0) / -0.66)),train-MSE,0.0022292934494100463,0.054150909290768226,False,0.983*log((sqrt(sin(((0.0891 / x0) + -2.15))) + x0)) + 0.394 + 0.000108*x0 + 0.000147*x0^2,8,,69.44603490829468
20290884,1,full,4,3,0.1,log((cos((0.5 * 1.67)) / x0)),extrap-CV,0.0019440406227373389,0.10900406940870265,False,-0.116*((cos(sin(x0)) + 7.63) * log(x0)) + -0.417 + 0.00114*x0 + -0.00129*x0^2,7,-4.271979084093663,86.30403208732605
20290884,1,full,4,3,0.1,log((cos((0.5 * 1.67)) / x0)),interior-CV,0.0019941705870668786,0.11181490064716655,False,-1*log(x0) + -0.415 + 0.000594*x0 + 0.00142*x0^2,3,-4.606226050443161,86.30403208732605
20290884,1,full,4,3,0.1,log((cos((0.5 * 1.67)) / x0)),train-MSE,0.002821890347350288,0.15822587639820046,False,-0.502*((-0.00577 / (0.236 - sqrt((2.09 - x0)))) + log((x0)^2)) + -0.417 + 0.000221*x0 + 0.00178*x0^2,9,,86.30403208732605
20290885,1,full,4,2,0.1,((x0 / x0) / (x0 + (x0 / x0))),extrap-CV,0.027076763372849297,1.0458089584730546,False,0.992*(x0 / ((x0)^2 + x0)) + 0.00403 + -0.0135*x0 + -0.00312*x0^2,5,-2.70256759030235,101.96483898162842
20290885,1,full,4,2,0.1,((x0 / x0) / (x0 + (x0 / x0))),interior-CV,0.027076763372849297,1.0458089584730546,False,0.992*(x0 / ((x0)^2 + x0)) + 0.00403 + -0.0135*x0 + -0.00312*x0^2,5,-2.551340560547852,101.96483898162842
20290885,1,full,4,2,0.1,((x0 / x0) / (x0 + (x0 / x0))),train-MSE,0.07294235748585973,2.8173149744828168,False,-0.746*((-0.00784 / (1.05 - x0)) + (x0 / (sqrt(sqrt(x0)) + x0))) + 0.855 + -0.0232*x0 + -0.00716*x0^2,9,,101.96483898162842
20290886,1,full,4,6,0.1,((x0 + sqrt(x0)) / (x0 * x0)),extrap-CV,0.046868580854408856,1.878450240399942,False,0.983*(((sqrt(x0) + x0) / x0) / x0) + -0.00266 + 0.0186*x0 + -0.00411*x0^2,6,1.2448787947261677,76.56150603294373
20290886,1,full,4,6,0.1,((x0 + sqrt(x0)) / (x0 * x0)),interior-CV,0.046868580854408856,1.878450240399942,False,0.983*(((sqrt(x0) + x0) / x0) / x0) + -0.00266 + 0.0186*x0 + -0.00411*x0^2,6,1.3362091967980572,76.56150603294373
20290886,1,full,4,6,0.1,((x0 + sqrt(x0)) / (x0 * x0)),train-MSE,0.046868580854408856,1.878450240399942,False,0.983*(((sqrt(x0) + x0) / x0) / x0) + -0.00266 + 0.0186*x0 + -0.00411*x0^2,6,,76.56150603294373
20290887,1,full,4,3,0.1,(exp(log((x0 * x0))) + x0),extrap-CV,0.3942669336373572,0.002497095327211714,False,0.507*x0 + 0.0378 + 0.507*x0 + 0.986*x0^2,2,0.05029760526040622,61.85014486312866
20290887,1,full,4,3,0.1,(exp(log((x0 * x0))) + x0),interior-CV,0.3942669336373572,0.002497095327211714,False,0.507*x0 + 0.0378 + 0.507*x0 + 0.986*x0^2,2,-0.35885224737896076,61.85014486312866
20290887,1,full,4,3,0.1,(exp(log((x0 * x0))) + x0),train-MSE,0.28585863472234085,0.001810489797921625,False,-1.47*cos((cos((exp(x0) * x0)) + 3.02)) + -1.02 + 0.991*x0 + 0.989*x0^2,7,,61.85014486312866
20290888,1,full,4,7,0.1,log(sqrt((x0 + sqrt(x0)))),extrap-CV,0.0027334291145553087,0.05628863793849313,False,0.503*log((sqrt(x0) + x0)) + 0.0195 + -0.00152*x0 + -0.00171*x0^2,5,-5.000002030532419,56.704428911209106
20290888,1,full,4,7,0.1,log(sqrt((x0 + sqrt(x0)))),interior-CV,0.0027334291145553087,0.05628863793849313,False,0.503*log((sqrt(x0) + x0)) + 0.0195 + -0.00152*x0 + -0.00171*x0^2,5,-5.643533298744447,56.704428911209106
20290888,1,full,4,7,0.1,log(sqrt((x0 + sqrt(x0)))),train-MSE,0.0009055109322556013,0.018646899143523257,False,-0.348*(7.96 / sqrt((-0.276 - sqrt((sqrt((x0 + 0.0127)) + x0))))) + 2.49 + 0.0119*x0 + 0.00203*x0^2,9,,56.704428911209106
20290889,1,full,4,6,0.1,(sin(x0) + (-2.99 / sqrt(x0))),extrap-CV,0.000507744799828423,0.0011137457730633301,False,0.00277*((sin(x0) * 361) - (((log(x0) + -5.17))^2)^2) + -1.03 + 0.000478*x0 + 0.00426*x0^2,9,-3.2657277307590724,93.18334102630615
20290889,1,full,4,6,0.1,(sin(x0) + (-2.99 / sqrt(x0))),interior-CV,0.000507744799828423,0.0011137457730633301,False,0.00277*((sin(x0) * 361) - (((log(x0) + -5.17))^2)^2) + -1.03 + 0.000478*x0 + 0.00426*x0^2,9,-3.179757329656701,93.18334102630615
20290889,1,full,4,6,0.1,(sin(x0) + (-2.99 / sqrt(x0))),train-MSE,0.000507744799828423,0.0011137457730633301,False,0.00277*((sin(x0) * 361) - (((log(x0) + -5.17))^2)^2) + -1.03 + 0.000478*x0 + 0.00426*x0^2,9,,93.18334102630615
20290890,1,full,4,5,0.1,((x0 - log((0.93 / x0))))^2,extrap-CV,0.3631896091675843,0.00044357071614912244,False,0.939*((log(x0) + x0))^2 + -0.106 + 0.321*x0 + 0.0833*x0^2,5,1.0055765422323766,75.23450803756714
20290890,1,full,4,5,0.1,((x0 - log((0.93 / x0))))^2,interior-CV,0.3631896091675843,0.00044357071614912244,False,0.939*((log(x0) + x0))^2 + -0.106 + 0.321*x0 + 0.0833*x0^2,5,0.5407389579259576,75.23450803756714
20290890,1,full,4,5,0.1,((x0 - log((0.93 / x0))))^2,train-MSE,0.2996577446356997,0.0003659779823886867,False,0.965*(((log(sqrt(x0)) * 1.97) + x0))^2 + -0.102 + 0.298*x0 + 0.0584*x0^2,7,,75.23450803756714
20290891,1,full,4,4,0.1,sqrt((((2.17 - 2.25) / x0) / 1.67)),extrap-CV,9.867648155926966e-05,3.014103278743055,False,0.221*sqrt((x0 / (x0)^2)) + -0.00212 + 2.04e-05*x0 + 0.000254*x0^2,5,-8.88046432914846,91.17717790603638
20290891,1,full,4,4,0.1,sqrt((((2.17 - 2.25) / x0) / 1.67)),interior-CV,9.867648155926966e-05,3.014103278743055,False,0.221*sqrt((x0 / (x0)^2)) + -0.00212 + 2.04e-05*x0 + 0.000254*x0^2,5,-8.871496440811967,91.17717790603638
20290891,1,full,4,4,0.1,sqrt((((2.17 - 2.25) / x0) / 1.67)),train-MSE,0.00012453931780533541,3.804091513984693,False,0.221*sqrt((exp((6.56e-08 / sqrt(((0.924 - x0))^2))) / x0)) + -0.00291 + -3.82e-06*x0 + 0.000298*x0^2,9,,91.17717790603638
20290892,1,full,6,6,0.1,sqrt(((x0 - (x0 - sqrt((x0 + x0)))))^2),extrap-CV,0.0001539386270968406,0.0029090019774510303,False,1.44*sqrt(x0) + -0.0202 + -0.00156*x0 + -0.00095*x0^2,3,-4.180838484317362,82.60703301429749
20290892,1,full,6,6,0.1,sqrt(((x0 - (x0 - sqrt((x0 + x0)))))^2),interior-CV,0.0001539386270968406,0.0029090019774510303,False,1.44*sqrt(x0) + -0.0202 + -0.00156*x0 + -0.00095*x0^2,3,-5.169234376864545,82.60703301429749
20290892,1,full,6,6,0.1,sqrt(((x0 - (x0 - sqrt((x0 + x0)))))^2),train-MSE,0.6956430277540224,13.145673581091756,False,-0.187*(cos(((x0 + -0.0633) * 1.1)) - log((x0)^2)) + 1.43 + -0.00225*x0 + 0.0516*x0^2,8,,82.60703301429749
20290893,1,full,6,6,0.1,log((sqrt(x0) * (1.45 + (x0 / (x0 / x0))))),extrap-CV,0.542721896004241,5.3858549163355365,False,0.543*log((((x0 + 4.03) * (sin((x0 * 0.585)))^2) + x0)) + 0.35 + 0.038*x0 + 0.0418*x0^2,9,-2.009143400542067,69.44987511634827
20290893,1,full,6,6,0.1,log((sqrt(x0) * (1.45 + (x0 / (x0 / x0))))),interior-CV,0.542721896004241,5.3858549163355365,False,0.543*log((((x0 + 4.03) * (sin((x0 * 0.585)))^2) + x0)) + 0.35 + 0.038*x0 + 0.0418*x0^2,9,-1.9228190954669226,69.44987511634827
20290893,1,full,6,6,0.1,log((sqrt(x0) * (1.45 + (x0 / (x0 / x0))))),train-MSE,0.542721896004241,5.3858549163355365,False,0.543*log((((x0 + 4.03) * (sin((x0 * 0.585)))^2) + x0)) + 0.35 + 0.038*x0 + 0.0418*x0^2,9,,69.44987511634827
20290894,1,full,6,6,0.1,log(sqrt((log(x0) - (x0 * (x0 / x0))))),extrap-CV,0.0005043250054405577,0.01854776384046266,False,0.494*log((x0 - log(x0))) + 0.00943 + -0.00198*x0 + 0.000465*x0^2,5,-5.738749377205881,79.26713490486145
20290894,1,full,6,6,0.1,log(sqrt((log(x0) - (x0 * (x0 / x0))))),interior-CV,0.0005043250054405577,0.01854776384046266,False,0.494*log((x0 - log(x0))) + 0.00943 + -0.00198*x0 + 0.000465*x0^2,5,-6.197863924361305,79.26713490486145
20290894,1,full,6,6,0.1,log(sqrt((log(x0) - (x0 * (x0 / x0))))),train-MSE,0.0005043250054405577,0.01854776384046266,False,0.494*log((x0 - log(x0))) + 0.00943 + -0.00198*x0 + 0.000465*x0^2,5,,79.26713490486145
20290895,1,full,6,4,0.1,(((x0 / 1.79) - (x0 - -1.48)) * (x0 + (x0 + x0))),extrap-CV,0.10147744624581058,9.953672772648616e-05,False,-2.2*x0 + -0.00735 + -2.2*x0 + -1.33*x0^2,2,1.2773265209466445,72.0283899307251
20290895,1,full,6,4,0.1,(((x0 / 1.79) - (x0 - -1.48)) * (x0 + (x0 + x0))),interior-CV,0.10147744624581058,9.953672772648616e-05,False,-2.2*x0 + -0.00735 + -2.2*x0 + -1.33*x0^2,2,0.8848294332472811,72.0283899307251
20290895,1,full,6,4,0.1,(((x0 / 1.79) - (x0 - -1.48)) * (x0 + (x0 + x0))),train-MSE,0.28789786094564074,0.00028239192114244867,False,-0.555*cos((x0 - exp(sin((((x0 + -1.88))^2 * 1.64))))) + 0.0187 + -4.42*x0 + -1.33*x0^2,9,,72.0283899307251
20290896,1,full,6,4,0.1,sin(((x0 * (x0 + -0.76)) * (x0 / (x0 + x0)))),extrap-CV,1.0319515510424782,2.2777979109804543,False,-0.85*sin((cos(x0) * x0)) + 0.334 + -0.0492*x0 + -0.0204*x0^2,5,-0.1592710483297092,80.15132308006287
20290896,1,full,6,4,0.1,sin(((x0 * (x0 + -0.76)) * (x0 / (x0 + x0)))),interior-CV,1.2591931839834076,2.7793820369772084,False,-0.302*(cos((((sqrt((x0 + -1.19)) + -1.52) * x0) * -2.61)) * x0) + 0.195 + -0.00351*x0 + -0.0103*x0^2,9,-3.120008438432258,80.15132308006287
20290896,1,full,6,4,0.1,sin(((x0 * (x0 + -0.76)) * (x0 / (x0 + x0)))),train-MSE,1.2591931839834076,2.7793820369772084,False,-0.302*(cos((((sqrt((x0 + -1.19)) + -1.52) * x0) * -2.61)) * x0) + 0.195 + -0.00351*x0 + -0.0103*x0^2,9,,80.15132308006287
20290897,1,full,6,4,0.1,sqrt((((x0 + x0) - x0) / (x0 / (-1.38 + x0)))),extrap-CV,0.0007134772920014073,0.0069447502644798586,False,2.48*sqrt(((1.38 - x0) / (cos(cos(log(x0))) + 5.09))) + -0.0307 + 0.00142*x0 + 0.000558*x0^2,9,-5.007975962105908,75.99969601631165
20290897,1,full,6,4,0.1,sqrt((((x0 + x0) - x0) / (x0 / (-1.38 + x0)))),interior-CV,0.015601482759465182,0.15185963552692866,False,0.274*log((-0.6 - (x0 - sqrt(exp(x0))))) + 1.48 + -0.0797*x0 + 0.0111*x0^2,7,-5.296800363865604,75.99969601631165
20290897,1,full,6,4,0.1,sqrt((((x0 + x0) - x0) / (x0 / (-1.38 + x0)))),train-MSE,0.0007134772920014073,0.0069447502644798586,False,2.48*sqrt(((1.38 - x0) / (cos(cos(log(x0))) + 5.09))) + -0.0307 + 0.00142*x0 + 0.000558*x0^2,9,,75.99969601631165
20290898,1,full,6,6,0.1,(2.84 - ((sin(sin(cos(x0))) + x0) + x0)),extrap-CV,2.94766169427883,0.017850567080492,False,-2.87*cos(sqrt(x0)) + 4.18 + -2.01*x0 + -0.131*x0^2,4,-0.6531871119699216,70.73790121078491
20290898,1,full,6,6,0.1,(2.84 - ((sin(sin(cos(x0))) + x0) + x0)),interior-CV,0.7233642888135334,0.004380578268585028,False,2.01*sqrt(x0) + 0.709 + -2.01*x0 + -0.0927*x0^2,3,-0.7512017812667455,70.73790121078491
20290898,1,full,6,6,0.1,(2.84 - ((sin(sin(cos(x0))) + x0) + x0)),train-MSE,1.1457110437286397,0.006938242567196043,False,0.307*log((0.0686 - ((x0 - ((x0)^2)^2) * x0))) + 2.57 + -2*x0 + -0.0904*x0^2,8,,70.73790121078491
20290899,1,full,6,4,0.1,(x0 * ((x0 / (x0 + x0)) - ((x0 * -2.64))^2)),extrap-CV,2772.3098575684817,0.0006277933085988109,False,-6.7*((x0)^2 * x0) + -4.11 + -4.16*x0 + 0.22*x0^2,4,7.201041150125023,87.82225203514099
20290899,1,full,6,4,0.1,(x0 * ((x0 / (x0 + x0)) - ((x0 * -2.64))^2)),interior-CV,2772.3098575684817,0.0006277933085988109,False,-6.7*((x0)^2 * x0) + -4.11 + -4.16*x0 + 0.22*x0^2,4,6.774423908112298,87.82225203514099
20290899,1,full,6,4,0.1,(x0 * ((x0 / (x0 + x0)) - ((x0 * -2.64))^2)),train-MSE,2669.4534240321736,0.0006045013304152944,False,-6.71*(((0.0332 / sin(((0.747 / x0) - x0))) + (x0)^2) * x0) + -5.61 + -3.93*x0 + 0.305*x0^2,9,,87.82225203514099
20290900,1,full,6,4,0.1,sqrt(sqrt((x0 * sqrt(sin(exp(1.92)))))),extrap-CV,0.0003045414232765368,0.12673487828357227,False,0.95*sqrt(sqrt(x0)) + -0.0293 + -0.00042*x0 + -0.000799*x0^2,4,-7.495233655141341,94.21497297286987
20290900,1,full,6,4,0.1,sqrt(sqrt((x0 * sqrt(sin(exp(1.92)))))),interior-CV,0.0003045414232765368,0.12673487828357227,False,0.95*sqrt(sqrt(x0)) + -0.0293 + -0.00042*x0 + -0.000799*x0^2,4,-7.852398869043836,94.21497297286987
20290900,1,full,6,4,0.1,sqrt(sqrt((x0 * sqrt(sin(exp(1.92)))))),train-MSE,0.0005069581256611596,0.21097056570919706,False,0.727*log((((log((x0 + -4.15)) + -28.7) * 0.0201) - sqrt(x0))) + 0.603 + -0.00298*x0 + 0.00066*x0^2,9,,94.21497297286987
20290901,1,full,6,5,0.1,(x0 + ((x0 - (x0 / exp(x0))) / (-2.23 + -1.82))),extrap-CV,4480.844806058172,0.002977433469116153,False,0.234*(x0 / exp(x0)) + 0.539 + 1.26*x0 + -0.148*x0^2,4,5.7575838367610075,99.15386319160461
20290901,1,full,6,5,0.1,(x0 + ((x0 - (x0 / exp(x0))) / (-2.23 + -1.82))),interior-CV,24495.43623600804,0.01627673683120729,False,-0.0141*((13.5 - x0) / sin((exp(x0) / (-0.618 - x0)))) + 0.433 + 1.83*x0 + -0.281*x0^2,8,2.6819028789296104,99.15386319160461
20290901,1,full,6,5,0.1,(x0 + ((x0 - (x0 / exp(x0))) / (-2.23 + -1.82))),train-MSE,24495.43623600804,0.01627673683120729,False,-0.0141*((13.5 - x0) / sin((exp(x0) / (-0.618 - x0)))) + 0.433 + 1.83*x0 + -0.281*x0^2,8,,99.15386319160461
20290902,1,full,6,2,0.1,(((x0 / 1.03) * (-0.81 / (0.62 + (-1.71 / 0.42)))))^2,extrap-CV,0.00010372693772203479,0.0003121904788100652,False,0.0323*sqrt(cos((sqrt(x0) * x0))) + -0.0211 + -0.00106*x0 + 0.0518*x0^2,6,-6.5755696902318,73.20686602592468
20290902,1,full,6,2,0.1,(((x0 / 1.03) * (-0.81 / (0.62 + (-1.71 / 0.42)))))^2,interior-CV,8.393483722701355e-05,0.00025262152337868335,False,-0.000533*x0 + 0.00364 + -0.000533*x0 + 0.0517*x0^2,2,-6.557573537425083,73.20686602592468
20290902,1,full,6,2,0.1,(((x0 / 1.03) * (-0.81 / (0.62 + (-1.71 / 0.42)))))^2,train-MSE,0.0004177306778014102,0.0012572581740140575,False,0.0209*cos((exp(sin(((sin(x0) + -3.26) * x0))) + -2.3)) + -0.00336 + -0.00208*x0 + 0.052*x0^2,9,,73.20686602592468
20290903,1,full,6,7,0.1,sqrt(sqrt(sin(cos((x0 / (1.09 / x0)))))),extrap-CV,0.03561537177870519,1.5594455617196528,False,0.137*cos((exp(sqrt(x0)) * x0)) + 0.834 + 0.00191*x0 + 0.000674*x0^2,6,-4.3086513651205784,81.02333211898804
20290903,1,full,6,7,0.1,sqrt(sqrt(sin(cos((x0 / (1.09 / x0)))))),interior-CV,0.03561537177870519,1.5594455617196528,False,0.137*cos((exp(sqrt(x0)) * x0)) + 0.834 + 0.00191*x0 + 0.000674*x0^2,6,-4.323223973300419,81.02333211898804
20290903,1,full,6,7,0.1,sqrt(sqrt(sin(cos((x0 / (1.09 / x0)))))),train-MSE,0.03561537177870519,1.5594455617196528,False,0.137*cos((exp(sqrt(x0)) * x0)) + 0.834 + 0.00191*x0 + 0.000674*x0^2,6,,81.02333211898804
20290904,1,full,6,7,0.1,(x0 / log(sqrt((x0 * (exp(x0) + -1.28))))),extrap-CV,4.118994685104168,0.27984343373874343,False,1.12*((((x0 + -0.806) / log((-0.0793 - x0))) * 0.956) + sqrt(x0)) + -1.36 + 0.025*x0 + -0.12*x0^2,9,-0.3563982069849672,101.04358410835266
20290904,1,full,6,7,0.1,(x0 / log(sqrt((x0 * (exp(x0) + -1.28))))),interior-CV,4.45814674164321,0.3028853367556787,False,2.15*(cos(cos(sin(x0))) / (x0 + 1.07)) + -0.739 + 0.787*x0 + -0.065*x0^2,7,1.1025117250750662,101.04358410835266
20290904,1,full,6,7,0.1,(x0 / log(sqrt((x0 * (exp(x0) + -1.28))))),train-MSE,4.118994685104168,0.27984343373874343,False,1.12*((((x0 + -0.806) / log((-0.0793 - x0))) * 0.956) + sqrt(x0)) + -1.36 + 0.025*x0 + -0.12*x0^2,9,,101.04358410835266
20290905,1,full,6,6,0.1,(x0 / (((x0 * (x0 + x0)) - (x0 - 0.72)))^2),extrap-CV,0.0013817691457538755,1181.9319257891618,False,0.331*exp((x0 / (exp(((x0 + -0.0984))^2) + -0.807))) + -0.32 + 0.00225*x0 + -0.00104*x0^2,8,-6.8114792198633145,85.416188955307
20290905,1,full,6,6,0.1,(x0 / (((x0 * (x0 + x0)) - (x0 - 0.72)))^2),interior-CV,0.0013817691457538755,1181.9319257891618,False,0.331*exp((x0 / (exp(((x0 + -0.0984))^2) + -0.807))) + -0.32 + 0.00225*x0 + -0.00104*x0^2,8,-7.587062834660621,85.416188955307
20290905,1,full,6,6,0.1,(x0 / (((x0 * (x0 + x0)) - (x0 - 0.72)))^2),train-MSE,0.0008987462641675964,768.7658289864826,False,-1.55*(x0 / ((x0 - (exp(((x0 + -0.182))^2) * 5.09)) + 4.33)) + 0.00727 + 0.00219*x0 + -0.000771*x0^2,9,,85.416188955307
20290906,1,full,6,7,0.1,((x0 + 2.59) - log(((1.93 - x0) - sin(x0)))),extrap-CV,0.44538526909563914,0.00989551531316878,False,1.15*sqrt(((x0 / (x0 - sqrt(sqrt(x0)))) + -0.575)) + 0.857 + 1.06*x0 + -0.00725*x0^2,8,-1.8222058681777265,76.08317685127258
20290906,1,full,6,7,0.1,((x0 + 2.59) - log(((1.93 - x0) - sin(x0)))),interior-CV,0.14033033809171122,0.0031178422499431447,False,1.05*(x0 / sqrt((x0 - (x0)^2))) + 1.61 + 0.87*x0 + -0.0128*x0^2,6,-1.993006783311144,76.08317685127258
20290906,1,full,6,7,0.1,((x0 + 2.59) - log(((1.93 - x0) - sin(x0)))),train-MSE,0.44538526909563914,0.00989551531316878,False,1.15*sqrt(((x0 / (x0 - sqrt(sqrt(x0)))) + -0.575)) + 0.857 + 1.06*x0 + -0.00725*x0^2,8,,76.08317685127258
20290907,1,full,6,5,0.1,((-1.61 + log((x0 / x0))) + (x0 * sqrt(x0))),extrap-CV,0.3351785973543243,0.0011477497770211477,False,1.02*(sqrt(x0) * x0) + -1.51 + -0.0307*x0 + -0.015*x0^2,4,-0.6325533526316909,84.67420983314514
20290907,1,full,6,5,0.1,((-1.61 + log((x0 / x0))) + (x0 * sqrt(x0))),interior-CV,0.3351785973543243,0.0011477497770211477,False,1.02*(sqrt(x0) * x0) + -1.51 + -0.0307*x0 + -0.015*x0^2,4,-1.5104779661973804,84.67420983314514
20290907,1,full,6,5,0.1,((-1.61 + log((x0 / x0))) + (x0 * sqrt(x0))),train-MSE,0.34155733181479886,0.0011695924337792921,False,-0.474*((((0.009 / (x0 + -3.71)) - sqrt((-0.309 - x0))) + x0))^2 + -1.19 + 0.149*x0 + 0.538*x0^2,9,,84.67420983314514
20290908,1,full,6,5,0.1,(((cos((2.58 - 1.18)) / x0) * (0.64 - x0)))^2,extrap-CV,0.0009607919995524752,28.599898785072472,False,0.0374*((((1.32 - x0) - cos(x0)) / x0) / x0) + 0.0124 + -0.000793*x0 + 0.00103*x0^2,7,-7.752339140866413,81.5659110546112
20290908,1,full,6,5,0.1,(((cos((2.58 - 1.18)) / x0) * (0.64 - x0)))^2,interior-CV,0.0009607919995524752,28.599898785072472,False,0.0374*((((1.32 - x0) - cos(x0)) / x0) / x0) + 0.0124 + -0.000793*x0 + 0.00103*x0^2,7,-7.458073712293647,81.5659110546112
20290908,1,full,6,5,0.1,(((cos((2.58 - 1.18)) / x0) * (0.64 - x0)))^2,train-MSE,9.502333162450969e-05,2.8285598422418214,False,-0.012*(((((0.0244 / (x0 + 2.43)) - cos(x0)) / x0) + 3.13) / x0) + 0.0352 + -0.00102*x0,8,,81.5659110546112
20290909,1,full,6,7,0.1,cos(sqrt(exp((sin(sin(x0)) * x0)))),extrap-CV,0.3797111483590349,0.6908592495366089,False,0.938*cos(exp(((sin(sin(x0)) * x0) * 0.53))) + 0.0299 + 0.000334*x0 + 0.00122*x0^2,8,-4.598521489925209,74.58663988113403
20290909,1,full,6,7,0.1,cos(sqrt(exp((sin(sin(x0)) * x0)))),interior-CV,0.3797111483590349,0.6908592495366089,False,0.938*cos(exp(((sin(sin(x0)) * x0) * 0.53))) + 0.0299 + 0.000334*x0 + 0.00122*x0^2,8,-5.520359659975938,74.58663988113403
20290909,1,full,6,7,0.1,cos(sqrt(exp((sin(sin(x0)) * x0)))),train-MSE,0.3797111483590349,0.6908592495366089,False,0.938*cos(exp(((sin(sin(x0)) * x0) * 0.53))) + 0.0299 + 0.000334*x0 + 0.00122*x0^2,8,,74.58663988113403
20290910,1,full,6,2,0.1,(((2.73 * 1.33) * ((x0 * sin(2.3)) + x0)) * x0),extrap-CV,20.98676954974693,0.004116098300522496,False,-0.0735*x0 + 0.234 + -0.0735*x0 + 6.23*x0^2,2,3.4818090289526133,78.72231888771057
20290910,1,full,6,2,0.1,(((2.73 * 1.33) * ((x0 * sin(2.3)) + x0)) * x0),interior-CV,10.333193198944514,0.002026631057453957,False,-2.31*sin((log(cos(x0)) + x0)) + 0.0984 + -0.136*x0 + 6.26*x0^2,6,3.0311060158042715,78.72231888771057
20290910,1,full,6,2,0.1,(((2.73 * 1.33) * ((x0 * sin(2.3)) + x0)) * x0),train-MSE,11.653058357527806,0.0022854938959335006,False,-2.66*((-0.0742 / (x0 + 0.677)) + sin((log(cos(x0)) + x0))) + 0.248 + -0.164*x0 + 6.25*x0^2,9,,78.72231888771057
20290911,1,full,6,6,0.1,cos((log(((0.43 + (x0 - 0.87)) * x0)) / x0)),extrap-CV,0.036492366994523365,81.17072411139894,False,0.712*cos(((log(x0))^2 / x0)) + -0.00364 + 0.00521*x0 + 0.00903*x0^2,6,-4.179468131139895,67.17539119720459
20290911,1,full,6,6,0.1,cos((log(((0.43 + (x0 - 0.87)) * x0)) / x0)),interior-CV,0.8779265043612935,1952.7900200688584,False,1.11*sqrt(x0) + -0.605 + 0.0131*x0 + -0.0506*x0^2,3,-1.9464071530835858,67.17539119720459
20290911,1,full,6,6,0.1,cos((log(((0.43 + (x0 - 0.87)) * x0)) / x0)),train-MSE,0.04575245204056331,101.76812215447472,False,0.814*cos((-0.474 - ((log((1 / x0)))^2 / x0))) + -0.0133 + 0.0482*x0 + 0.0086*x0^2,8,,67.17539119720459
20290912,1,full,6,8,0.1,(sin(((x0 - (x0 * x0)) + x0)) / sqrt(x0)),extrap-CV,0.052550687572291116,0.6419802172803662,False,0.672*(sin(((x0 - (x0)^2) + x0)) + sin((0.38 / x0))) + -0.00458 + -0.018*x0 + 0.00136*x0^2,9,-2.8344052657115664,57.07954406738281
20290912,1,full,6,8,0.1,(sin(((x0 - (x0 * x0)) + x0)) / sqrt(x0)),interior-CV,0.052550687572291116,0.6419802172803662,False,0.672*(sin(((x0 - (x0)^2) + x0)) + sin((0.38 / x0))) + -0.00458 + -0.018*x0 + 0.00136*x0^2,9,-3.908805686065696,57.07954406738281
20290912,1,full,6,8,0.1,(sin(((x0 - (x0 * x0)) + x0)) / sqrt(x0)),train-MSE,0.052550687572291116,0.6419802172803662,False,0.672*(sin(((x0 - (x0)^2) + x0)) + sin((0.38 / x0))) + -0.00458 + -0.018*x0 + 0.00136*x0^2,9,,57.07954406738281
20290913,1,full,6,6,0.1,sin(((x0 / x0) * log(log((x0 - -1.1))))),extrap-CV,0.10120045916247294,9.02391067537041,False,1.22*sqrt((-0.589 - log((sqrt(x0) + x0)))) + -1.59 + -0.0116*x0 + 0.0133*x0^2,7,-3.1596801241725645,65.64192271232605
20290913,1,full,6,6,0.1,sin(((x0 / x0) * log(log((x0 - -1.1))))),interior-CV,0.7647368283995948,68.19056837049415,False,0.843*cos((sqrt(x0) - log(log((x0 + 1.05))))) + -0.375 + 0.00825*x0 + 0.0471*x0^2,8,-2.9580260826678484,65.64192271232605
20290913,1,full,6,6,0.1,sin(((x0 / x0) * log(log((x0 - -1.1))))),train-MSE,0.14419360795373717,12.857552711741159,False,1.25*sqrt((-0.0313 - log((sqrt((sqrt(x0) + 0.223)) + x0)))) + -1.39 + 0.0022*x0 + 0.0138*x0^2,9,,65.64192271232605
20290914,1,full,6,3,0.1,(((x0 - 0.64) - x0) / (((x0 * x0) + x0) / x0)),extrap-CV,0.1315180854201085,12.196482003462888,False,-0.636*(x0 / log(x0)) + -0.246 + 0.37*x0 + 0.00377*x0^2,4,2.285939467963354,74.738352060318
20290914,1,full,6,3,0.1,(((x0 - 0.64) - x0) / (((x0 * x0) + x0) / x0)),interior-CV,0.1315180854201085,12.196482003462888,False,-0.636*(x0 / log(x0)) + -0.246 + 0.37*x0 + 0.00377*x0^2,4,3.2256044494175637,74.738352060318
20290914,1,full,6,3,0.1,(((x0 - 0.64) - x0) / (((x0 * x0) + x0) / x0)),train-MSE,0.34682864294877946,32.163555974055285,False,0.319*(x0 / (sqrt(x0) + x0)) + -0.697 + -0.0796*x0 + 0.00623*x0^2,5,,74.738352060318
20290915,1,full,6,6,0.1,(x0 + ((x0)^2 - (cos((x0)^2) - x0))),extrap-CV,0.07151436806420297,0.00023052463665180345,False,-0.81*cos((x0)^2) + -0.164 + 2.03*x0 + 1*x0^2,4,0.08897243560866766,73.41944718360901
20290915,1,full,6,6,0.1,(x0 + ((x0)^2 - (cos((x0)^2) - x0))),interior-CV,0.07151436806420297,0.00023052463665180345,False,-0.81*cos((x0)^2) + -0.164 + 2.03*x0 + 1*x0^2,4,-0.3273311725982044,73.41944718360901
20290915,1,full,6,6,0.1,(x0 + ((x0)^2 - (cos((x0)^2) - x0))),train-MSE,2.5122309327222085,0.008098108654631272,False,0.837*sqrt((x0 / exp((cos(((x0)^2 * 1.03)) * 1.15)))) + -1.19 + 2.05*x0 + 0.951*x0^2,9,,73.41944718360901
20290916,1,full,6,5,0.1,((cos((1.88 - x0)) - x0) * (x0 / (x0 + x0))),extrap-CV,0.018379515167436074,0.0018461430335339885,False,-0.234*((x0 - (sin(x0) / x0)))^2 + 0.132 + -0.499*x0 + 0.231*x0^2,6,-3.214766893708852,79.92893385887146
20290916,1,full,6,5,0.1,((cos((1.88 - x0)) - x0) * (x0 / (x0 + x0))),interior-CV,0.018379515167436074,0.0018461430335339885,False,-0.234*((x0 - (sin(x0) / x0)))^2 + 0.132 + -0.499*x0 + 0.231*x0^2,6,-3.5907607001445823,79.92893385887146
20290916,1,full,6,5,0.1,((cos((1.88 - x0)) - x0) * (x0 / (x0 + x0))),train-MSE,0.0032131576412598025,0.0003227478277320516,False,0.497*((0.0233 / sqrt(sqrt((x0 + 0.604)))) + sin((x0 + -0.285))) + -0.0075 + -0.498*x0 + 0.00106*x0^2,9,,79.92893385887146
20290917,1,full,6,7,0.1,sin((((log(x0) - x0) / (0.51 * x0)) * x0)),extrap-CV,0.06471560775505882,0.13005229496781978,False,-1.01*sin(((x0 - (log(sqrt(x0)) * 3.93)) + x0)) + -0.0436 + 0.00611*x0 + 0.00358*x0^2,8,-2.381728928519911,78.03275179862976
20290917,1,full,6,7,0.1,sin((((log(x0) - x0) / (0.51 * x0)) * x0)),interior-CV,0.06471560775505882,0.13005229496781978,False,-1.01*sin(((x0 - (log(sqrt(x0)) * 3.93)) + x0)) + -0.0436 + 0.00611*x0 + 0.00358*x0^2,8,-4.443806961517496,78.03275179862976
20290917,1,full,6,7,0.1,sin((((log(x0) - x0) / (0.51 * x0)) * x0)),train-MSE,0.06445681634407699,0.12953222850960877,False,-1.01*sin((-3.14 - ((x0 - (log(sqrt(x0)) * 3.93)) + x0))) + -0.0433 + 0.00614*x0 + 0.00355*x0^2,9,,78.03275179862976
20290918,1,full,6,4,0.1,(x0 * ((x0 - (x0 - 0.56)) / exp((x0 * x0)))),extrap-CV,9.87304942202263e-05,98730494.2202263,False,0.565*(x0 / exp((x0)^2)) + -0.000705 + 0.000751*x0 + 0.0002*x0^2,5,-8.422121655576944,65.4483368396759
20290918,1,full,6,4,0.1,(x0 * ((x0 - (x0 - 0.56)) / exp((x0 * x0)))),interior-CV,9.87304942202263e-05,98730494.2202263,False,0.565*(x0 / exp((x0)^2)) + -0.000705 + 0.000751*x0 + 0.0002*x0^2,5,-8.892134519279336,65.4483368396759
20290918,1,full,6,4,0.1,(x0 * ((x0 - (x0 - 0.56)) / exp((x0 * x0)))),train-MSE,0.00026865548129210136,268655481.2921014,False,-1.65e+03*sin((x0 / ((7.17 / exp((x0)^2)) + -147))) + -0.000952 + -11.2*x0 + 0.000233*x0^2,8,,65.4483368396759
20290919,1,full,6,5,0.1,exp(((x0 * (-1.75 - (1.59 * x0))) - (2.99 * x0))),extrap-CV,4.273620240090867,4273620240090.8677,False,-4.97*(exp((sin((log(x0) - (x0 * 0.659))) * 2.37)) / x0) + 1.26 + 0.0376*x0 + -0.0833*x0^2,9,1.4402844975368971,88.51455020904541
20290919,1,full,6,5,0.1,exp(((x0 * (-1.75 - (1.59 * x0))) - (2.99 * x0))),interior-CV,4.273620240090867,4273620240090.8677,False,-4.97*(exp((sin((log(x0) - (x0 * 0.659))) * 2.37)) / x0) + 1.26 + 0.0376*x0 + -0.0833*x0^2,9,0.4532820285046774,88.51455020904541
20290919,1,full,6,5,0.1,exp(((x0 * (-1.75 - (1.59 * x0))) - (2.99 * x0))),train-MSE,4.273620240090867,4273620240090.8677,False,-4.97*(exp((sin((log(x0) - (x0 * 0.659))) * 2.37)) / x0) + 1.26 + 0.0376*x0 + -0.0833*x0^2,9,,88.51455020904541
20290920,1,full,6,6,0.1,((((-0.53)^2)^2 + sqrt(x0)) * (x0 + x0)),extrap-CV,3.9048058755330923,0.003174825625465657,False,1.7*(log(x0) * x0) + 0.0322 + 1.83*x0 + 0.0105*x0^2,4,0.6231541150287049,85.00558590888977
20290920,1,full,6,6,0.1,((((-0.53)^2)^2 + sqrt(x0)) * (x0 + x0)),interior-CV,3.9048058755330923,0.003174825625465657,False,1.7*(log(x0) * x0) + 0.0322 + 1.83*x0 + 0.0105*x0^2,4,0.6027942788669032,85.00558590888977
20290920,1,full,6,6,0.1,((((-0.53)^2)^2 + sqrt(x0)) * (x0 + x0)),train-MSE,4.439668165827627,0.0036096985895641637,False,-1.67*(sqrt(sin((x0 * 2.23))) - ((x0 + -0.064) * log(x0))) + 1.18 + 1.9*x0 + 0.026*x0^2,9,,85.00558590888977
20290921,1,full,6,4,0.1,(x0 + ((x0 / (x0 / (2.42 * x0))) + log(x0))),extrap-CV,0.16066645568733562,0.00032006459091319745,False,0.973*log(x0) + -0.0821 + 3.38*x0 + 0.00876*x0^2,3,0.3382016519699519,67.41351103782654
20290921,1,full,6,4,0.1,(x0 + ((x0 / (x0 / (2.42 * x0))) + log(x0))),interior-CV,0.16066645568733562,0.00032006459091319745,False,0.973*log(x0) + -0.0821 + 3.38*x0 + 0.00876*x0^2,3,0.0287064647956683,67.41351103782654
20290921,1,full,6,4,0.1,(x0 + ((x0 / (x0 / (2.42 * x0))) + log(x0))),train-MSE,451.8029878063517,0.9000393881035789,False,-0.235*sqrt(((((0.0113 / x0) - exp(x0)) / x0))^2) + 0.0569 + 3.77*x0 + 0.186*x0^2,8,,67.41351103782654
20290922,1,full,6,7,0.1,cos((-2.67 / (sin(1.03) - sin(sqrt(x0))))),extrap-CV,5.530402675448643,12.630196492678847,False,-0.618*cos((sin((cos(x0) * x0)) * x0)) + 0.729 + 0.00856*x0 + -0.0547*x0^2,7,-0.20252725576942102,56.68395280838013
20290922,1,full,6,7,0.1,cos((-2.67 / (sin(1.03) - sin(sqrt(x0))))),interior-CV,5.530402675448643,12.630196492678847,False,-0.618*cos((sin((cos(x0) * x0)) * x0)) + 0.729 + 0.00856*x0 + -0.0547*x0^2,7,-0.7233910717634711,56.68395280838013
20290922,1,full,6,7,0.1,cos((-2.67 / (sin(1.03) - sin(sqrt(x0))))),train-MSE,5.530402675448643,12.630196492678847,False,-0.618*cos((sin((cos(x0) * x0)) * x0)) + 0.729 + 0.00856*x0 + -0.0547*x0^2,7,,56.68395280838013
20290923,1,full,6,8,0.1,(((x0 - sqrt(x0)))^2 - (exp(x0) * -1.54)),extrap-CV,3202.970537678305,0.002646193466329606,False,1.87*exp((x0 - cos(((-0.676 / log(x0)) + 7.92)))) + -1.07 + -1.83*x0 + 1.88*x0^2,8,3.5636744575528616,82.00518298149109
20290923,1,full,6,8,0.1,(((x0 - sqrt(x0)))^2 - (exp(x0) * -1.54)),interior-CV,149123.26063456305,0.12320094528717791,False,0.255*(exp(x0) * x0) + 1.34 + -0.579*x0 + 2.04*x0^2,4,3.140466738036698,82.00518298149109
20290923,1,full,6,8,0.1,(((x0 - sqrt(x0)))^2 - (exp(x0) * -1.54)),train-MSE,2693.4338488163803,0.0022252302882233865,False,1.76*exp((x0 - (cos(((0.678 / log(x0)) + 1.42)) * -1.1))) + -1.04 + -1.69*x0 + 1.92*x0^2,9,,82.00518298149109
20290924,1,full,6,2,0.1,log(((exp((1.02 - -2.93)) * (x0 - x0)) + x0)),extrap-CV,0.0017581686104750378,0.1043347314223748,False,0.988*log(x0) + -0.00191 + -0.00472*x0 + 0.00103*x0^2,3,-4.518621882146057,85.86614799499512
20290924,1,full,6,2,0.1,log(((exp((1.02 - -2.93)) * (x0 - x0)) + x0)),interior-CV,0.0017581686104750378,0.1043347314223748,False,0.988*log(x0) + -0.00191 + -0.00472*x0 + 0.00103*x0^2,3,-4.824116069315106,85.86614799499512
20290924,1,full,6,2,0.1,log(((exp((1.02 - -2.93)) * (x0 - x0)) + x0)),train-MSE,0.001516265080768957,0.08997948719173807,False,0.987*((-0.000707 / sin((-2.26 / (sqrt(x0) + -1.08)))) + log(x0)) + 0.00132 + -0.00485*x0 + 0.000846*x0^2,9,,85.86614799499512
20290925,1,full,6,7,0.1,sqrt(log(cos((((x0 + -1.06) - x0) - x0)))),extrap-CV,0.0005953898980651472,0.0024734920498178793,False,0.984*sqrt(log((sin((x0 + 0.509)) - (cos(x0) * 0.976)))) + 0.0034 + 0.00118*x0 + -0.000311*x0^2,9,-6.31494163776218,66.0955080986023
20290925,1,full,6,7,0.1,sqrt(log(cos((((x0 + -1.06) - x0) - x0)))),interior-CV,0.0005953898980651472,0.0024734920498178793,False,0.984*sqrt(log((sin((x0 + 0.509)) - (cos(x0) * 0.976)))) + 0.0034 + 0.00118*x0 + -0.000311*x0^2,9,-6.2130538091472,66.0955080986023
20290925,1,full,6,7,0.1,sqrt(log(cos((((x0 + -1.06) - x0) - x0)))),train-MSE,0.0005953898980651472,0.0024734920498178793,False,0.984*sqrt(log((sin((x0 + 0.509)) - (cos(x0) * 0.976)))) + 0.0034 + 0.00118*x0 + -0.000311*x0^2,9,,66.0955080986023
20290926,1,full,6,5,0.1,(((-1.3 * sin(-1.21)) + (log(x0) * x0)))^2,extrap-CV,26.158200837478546,0.0055698919313709105,False,2.69*sqrt(((((x0)^2 + x0))^2 * x0)) + 2.06 + -2.09*x0 + -3.46*x0^2,7,2.2069711122183326,83.49721908569336
20290926,1,full,6,5,0.1,(((-1.3 * sin(-1.21)) + (log(x0) * x0)))^2,interior-CV,18.422915116543507,0.003922809787167994,False,2.75*(((x0)^2 + x0) * sqrt(x0)) + 2.32 + -2.2*x0 + -3.59*x0^2,6,1.4702267283108315,83.49721908569336
20290926,1,full,6,5,0.1,(((-1.3 * sin(-1.21)) + (log(x0) * x0)))^2,train-MSE,401.64742858312945,0.08552318967273016,False,-5*(0.00899 - (((x0)^2 + x0) * log(sqrt((x0 + 0.168))))) + 2.19 + -0.521*x0 + -1.55*x0^2,9,,83.49721908569336
20290927,1,full,6,3,0.1,((log((x0 / -1.59)) * (x0 / x0)) - sin(0.42)),extrap-CV,0.006138943570218756,0.36708891630091023,False,1.02*log(x0) + -0.874 + 0.000222*x0 + -0.0025*x0^2,3,-4.742540931343763,93.00684595108032
20290927,1,full,6,3,0.1,((log((x0 / -1.59)) * (x0 / x0)) - sin(0.42)),interior-CV,0.006138943570218756,0.36708891630091023,False,1.02*log(x0) + -0.874 + 0.000222*x0 + -0.0025*x0^2,3,-4.89150571959203,93.00684595108032
20290927,1,full,6,3,0.1,((log((x0 / -1.59)) * (x0 / x0)) - sin(0.42)),train-MSE,0.004444522480160526,0.26576803028978213,False,1.01*(log(x0) - (0.00506 / (0.553 - sqrt(sqrt((x0 + -2.57)))))) + -0.888 + -0.00187*x0 + -0.0018*x0^2,9,,93.00684595108032
20290928,1,full,6,4,0.1,sin(sin((x0 - (((x0 / x0) / x0) + x0)))),extrap-CV,0.00023874819218569336,0.009885290961340899,False,-0.993*sin(sin((x0 / (x0)^2))) + 0.00435 + -0.000655*x0 + -0.000433*x0^2,6,-5.797481404831299,63.65427374839783
20290928,1,full,6,4,0.1,sin(sin((x0 - (((x0 / x0) / x0) + x0)))),interior-CV,0.00023874819218569336,0.009885290961340899,False,-0.993*sin(sin((x0 / (x0)^2))) + 0.00435 + -0.000655*x0 + -0.000433*x0^2,6,-6.130474604121239,63.65427374839783
20290928,1,full,6,4,0.1,sin(sin((x0 - (((x0 / x0) / x0) + x0)))),train-MSE,0.0002825631508897083,0.011699435023681898,False,0.000498*((sin(sin(((x0 / (x0)^2) * 1))) + -999))^2 + -497 + -0.000455*x0 + -0.000478*x0^2,9,,63.65427374839783
20290929,1,full,6,4,0.1,((sqrt(x0) - log(-2.4)) - log((-2.78)^2)),extrap-CV,0.0011257326333680285,0.04014858530432014,False,0.995*sqrt(x0) + -2.91 + -0.0017*x0 + -0.00077*x0^2,3,-5.398495626145246,57.118125915527344
20290929,1,full,6,4,0.1,((sqrt(x0) - log(-2.4)) - log((-2.78)^2)),interior-CV,0.0011257326333680285,0.04014858530432014,False,0.995*sqrt(x0) + -2.91 + -0.0017*x0 + -0.00077*x0^2,3,-5.800734741322494,57.118125915527344
20290929,1,full,6,4,0.1,((sqrt(x0) - log(-2.4)) - log((-2.78)^2)),train-MSE,0.0013445299882754703,0.04795186292769272,False,307*log(((((x0)^2 / x0) + sqrt(x0)) + 308)) + -1.76e+03 + -0.993*x0 + 0.00101*x0^2,8,,57.118125915527344
20290930,1,full,6,6,0.1,(cos(((x0 - sin(x0)) + x0)) + (x0)^2),extrap-CV,2.5789066685640005,0.02157698740630043,False,-2.13*sqrt(sin(x0)) + 1.9 + 0.0706*x0 + 0.97*x0^2,4,1.4332694612378505,52.022531032562256
20290930,1,full,6,6,0.1,(cos(((x0 - sin(x0)) + x0)) + (x0)^2),interior-CV,0.6673074514368003,0.005583173928430574,False,-1.6*sqrt((sin(x0) * x0)) + 1.45 + 0.0644*x0 + 1.05*x0^2,5,-0.5729027162393587,52.022531032562256
20290930,1,full,6,6,0.1,(cos(((x0 - sin(x0)) + x0)) + (x0)^2),train-MSE,2.282025835186521,0.019093068898879312,False,-1.98*sqrt((0.964 - cos((-0.167 - (sin(sin(x0)) * x0))))) + 1.36 + 0.0544*x0 + 1.03*x0^2,9,,52.022531032562256
20290931,1,full,6,4,0.1,(-1.55 * ((sin(x0) / (x0 - 1.9)) * (1.64 + -2.75))),extrap-CV,1.1584852270210981,26.995689301630367,False,0.981*(x0 / sin(log((x0 - (sqrt(sin(x0)) * 0.925))))) + -0.181 + -1.03*x0 + -0.0105*x0^2,9,2.5445415240224363,48.08867383003235
20290931,1,full,6,4,0.1,(-1.55 * ((sin(x0) / (x0 - 1.9)) * (1.64 + -2.75))),interior-CV,4.26569650484379,99.40171425053171,False,0.982*(x0 / log((x0 - (sqrt(sin(x0)) * 0.925)))) + -0.243 + -0.773*x0 + -0.0238*x0^2,8,3.559000992918829,48.08867383003235
20290931,1,full,6,4,0.1,(-1.55 * ((sin(x0) / (x0 - 1.9)) * (1.64 + -2.75))),train-MSE,1.1584852270210981,26.995689301630367,False,0.981*(x0 / sin(log((x0 - (sqrt(sin(x0)) * 0.925))))) + -0.181 + -1.03*x0 + -0.0105*x0^2,9,,48.08867383003235
20290932,1,full,6,8,0.1,((((1.55 + x0) * x0) / -0.84) / (log(x0) - -2.03)),extrap-CV,2.240821237206655,0.11422427654926821,False,-0.773*(x0 / sqrt(x0)) + -0.41 + -0.156*x0 + -0.324*x0^2,4,-1.6701025342934863,64.78889417648315
20290932,1,full,6,8,0.1,((((1.55 + x0) * x0) / -0.84) / (log(x0) - -2.03)),interior-CV,0.6924023508401347,0.03529471976279433,False,-1.77*sqrt(exp((x0 / sqrt(x0)))) + 1.54 + -0.0261*x0 + -0.277*x0^2,6,-2.3867861138811874,64.78889417648315
20290932,1,full,6,8,0.1,((((1.55 + x0) * x0) / -0.84) / (log(x0) - -2.03)),train-MSE,0.25912277363782,0.013208599983243622,False,2.98*sin(sin((1.15 - (x0 / ((sqrt(x0) + -0.293) * 1.91))))) + -2.2 + -0.281*x0 + -0.266*x0^2,9,,64.78889417648315
20290933,1,full,6,6,0.1,(((sin(x0) / (0.43 + x0)) * x0) / exp(x0)),extrap-CV,943.6551843343627,0.0018282038346804452,False,1.1*(sin(x0) / exp(x0)) + -1.18 + 0.251*x0 + 0.071*x0^2,5,4.2200837281045995,62.213046073913574
20290933,1,full,6,6,0.1,(((sin(x0) / (0.43 + x0)) * x0) / exp(x0)),interior-CV,943.6551843343627,0.0018282038346804452,False,1.1*(sin(x0) / exp(x0)) + -1.18 + 0.251*x0 + 0.071*x0^2,5,2.593098918384911,62.213046073913574
20290933,1,full,6,6,0.1,(((sin(x0) / (0.43 + x0)) * x0) / exp(x0)),train-MSE,2877.545775060823,0.005574854361813888,False,1.31*((0.0484 / (0.859 - x0)) + (sin(sin(x0)) / exp(x0))) + -0.907 + 0.388*x0 + 0.0189*x0^2,9,,62.213046073913574
20290934,1,full,6,5,0.1,(sin(sin(cos((log(-1.81) * x0)))) / x0),extrap-CV,0.10062814614217512,10.102642653965804,False,0.743*(sqrt((x0 - exp(x0))) / x0) + -0.0369 + -0.26*x0 + -0.0282*x0^2,6,-2.1309253604265375,60.70360207557678
20290934,1,full,6,5,0.1,(sin(sin(cos((log(-1.81) * x0)))) / x0),interior-CV,0.1687951601720729,16.946324167872753,False,0.744*(x0 / (x0)^2) + -0.0127 + -0.0909*x0 + 0.000522*x0^2,4,-2.113440629379472,60.70360207557678
20290934,1,full,6,5,0.1,(sin(sin(cos((log(-1.81) * x0)))) / x0),train-MSE,0.13882905938737028,13.937853679577707,False,0.91*((sqrt(sin(((x0 * 1.07) - exp(x0)))) + -0.102) / x0) + 0.00485 + -0.0814*x0 + -0.000234*x0^2,9,,60.70360207557678
20290935,1,full,6,6,0.1,(x0 - log(cos((x0 + ((x0 * x0))^2)))),extrap-CV,1.5288604990905255,0.03566576152207855,False,0.681*sqrt(x0) + -0.105 + 1.02*x0 + -0.0414*x0^2,3,-0.05112790479467422,68.43698024749756
20290935,1,full,6,6,0.1,(x0 - log(cos((x0 + ((x0 * x0))^2)))),interior-CV,0.8593889328946441,0.020048108217569353,False,0.507*x0 + 0.598 + 0.507*x0 + -0.0014*x0^2,2,-0.3178383208098507,68.43698024749756
20290935,1,full,6,6,0.1,(x0 - log(cos((x0 + ((x0 * x0))^2)))),train-MSE,3907225375096330.5,91149041082621.6,False,2.37e-06*exp(((0.817 / cos(x0)) / ((0.945 - x0) * sin(x0)))) + 0.434 + 1.03*x0 + 0.00668*x0^2,9,,68.43698024749756
20290936,1,full,6,11,0.1,((x0 + 1.66) - (sqrt(x0) / (-1.47 - (x0 / -1.73)))),extrap-CV,1.0930098095858995,0.03310121721062333,False,-0.758*(x0 / log((x0 - (sqrt(x0) * 0.968)))) + 1.54 + 1.47*x0 + 0.00318*x0^2,7,1.6905988948221045,46.59433317184448
20290936,1,full,6,11,0.1,((x0 + 1.66) - (sqrt(x0) / (-1.47 - (x0 / -1.73)))),interior-CV,1.0930098095858995,0.03310121721062333,False,-0.758*(x0 / log((x0 - (sqrt(x0) * 0.968)))) + 1.54 + 1.47*x0 + 0.00318*x0^2,7,1.9868049496165165,46.59433317184448
20290936,1,full,6,11,0.1,((x0 + 1.66) - (sqrt(x0) / (-1.47 - (x0 / -1.73)))),train-MSE,1.0930098095858995,0.03310121721062333,False,-0.758*(x0 / log((x0 - (sqrt(x0) * 0.968)))) + 1.54 + 1.47*x0 + 0.00318*x0^2,7,,46.59433317184448
20290937,1,full,6,8,0.1,(sin(exp(sqrt((cos(x0) - 2.68)))) + x0),extrap-CV,0.1997586917493061,0.0045922101647190156,False,-0.636*(cos(x0) + (sin(x0))^2) + -0.115 + 1.02*x0 + -0.0078*x0^2,6,0.16191404067404314,67.49758887290955
20290937,1,full,6,8,0.1,(sin(exp(sqrt((cos(x0) - 2.68)))) + x0),interior-CV,0.19095067778931762,0.004389724601343341,False,-0.725*cos((x0 - sin(x0))) + -0.118 + 1.02*x0 + -0.00719*x0^2,5,-2.55910475580821,67.49758887290955
20290937,1,full,6,8,0.1,(sin(exp(sqrt((cos(x0) - 2.68)))) + x0),train-MSE,16.52961960684638,0.37999591663706606,False,1.82*cos(((0.0505 - x0) * sin(sin((1.03 - log(x0)))))) + -2.39 + 1.01*x0 + 0.116*x0^2,9,,67.49758887290955
20290938,1,full,6,3,0.1,(exp(sin(log(2.06))) / (1.59 + (x0 / 2.35))),extrap-CV,230.28480653648762,161.86267989305435,False,0.433*x0 + 2.03 + 0.433*x0 + -0.385*x0^2,2,6.151902024627018,77.00986409187317
20290938,1,full,6,3,0.1,(exp(sin(log(2.06))) / (1.59 + (x0 / 2.35))),interior-CV,1.0272288653257164,0.7220190489587385,False,-0.0281*((x0 / (exp(x0) + -0.0238)) + sin(x0)) + 1.1 + -0.356*x0 + 0.04*x0^2,7,0.8762161020148684,77.00986409187317
20290938,1,full,6,3,0.1,(exp(sin(log(2.06))) / (1.59 + (x0 / 2.35))),train-MSE,1.278363700934863,0.8985368058944632,False,0.0793*((x0 / (exp((8.04 / x0)) + -0.116)) + sin(x0)) + 0.873 + -0.0481*x0 + -0.0265*x0^2,8,,77.00986409187317
20290939,1,full,6,6,0.1,(sqrt((x0 / (-1.05 - -1.99))) - exp((x0 / x0))),extrap-CV,0.0010601766687198771,0.03378205377053873,False,1.04*((-0.00138 / (0.758 - sqrt(sqrt((-2.41 - x0))))) + sqrt(x0)) + -2.72 + 0.00194*x0 + -0.00103*x0^2,9,-5.931570099716161,75.6844642162323
20290939,1,full,6,6,0.1,(sqrt((x0 / (-1.05 - -1.99))) - exp((x0 / x0))),interior-CV,0.001603582917077609,0.05109745000863313,False,1.05*sqrt(x0) + -2.73 + 0.000869*x0 + -0.00163*x0^2,3,-6.1821403708049045,75.6844642162323
20290939,1,full,6,6,0.1,(sqrt((x0 / (-1.05 - -1.99))) - exp((x0 / x0))),train-MSE,0.0010601766687198771,0.03378205377053873,False,1.04*((-0.00138 / (0.758 - sqrt(sqrt((-2.41 - x0))))) + sqrt(x0)) + -2.72 + 0.00194*x0 + -0.00103*x0^2,9,,75.6844642162323
20290940,1,full,6,5,0.1,(sqrt(2.74) - (x0 * sin((1.43 * sin(x0))))),extrap-CV,0.09225533855508125,0.0039813321850293215,False,-1.37*(sin(sin(sin(x0))) * x0) + 1.7 + -0.00616*x0 + -0.00666*x0^2,6,-1.9425371420343756,85.68454194068909
20290940,1,full,6,5,0.1,(sqrt(2.74) - (x0 * sin((1.43 * sin(x0))))),interior-CV,0.09225533855508125,0.0039813321850293215,False,-1.37*(sin(sin(sin(x0))) * x0) + 1.7 + -0.00616*x0 + -0.00666*x0^2,6,-2.9398697870781825,85.68454194068909
20290940,1,full,6,5,0.1,(sqrt(2.74) - (x0 * sin((1.43 * sin(x0))))),train-MSE,0.039599721585971415,0.001708948756112334,False,-2.32*(x0 / exp(exp(((-0.0739 - sin((x0 * 0.997))) * 1.73)))) + 1.66 + 0.966*x0 + 0.000572*x0^2,9,,85.68454194068909
20290941,1,full,6,3,0.1,cos((((x0 / (x0 + (x0 * x0))) / -0.33) * -1.15)),extrap-CV,1.722938583166189,381.6925948112081,False,0.583*sin((sin((x0 / log(x0))) * 3.13)) + -0.227 + -0.0365*x0 + 0.0454*x0^2,7,-2.6655281940099766,100.52397274971008
20290941,1,full,6,3,0.1,cos((((x0 / (x0 + (x0 * x0))) / -0.33) * -1.15)),interior-CV,0.04229420318887285,9.369680566887748,False,0.195*log(((-1.98 - ((-1.12 - x0) / sin(cos(x0)))) * x0)) + -0.118 + 0.0122*x0 + -0.00109*x0^2,9,-2.473411257073906,100.52397274971008
20290941,1,full,6,3,0.1,cos((((x0 / (x0 + (x0 * x0))) / -0.33) * -1.15)),train-MSE,0.04229420318887285,9.369680566887748,False,0.195*log(((-1.98 - ((-1.12 - x0) / sin(cos(x0)))) * x0)) + -0.118 + 0.0122*x0 + -0.00109*x0^2,9,,100.52397274971008
20290942,1,full,6,6,0.1,(exp((x0 - (cos(cos(x0)))^2)) * x0),extrap-CV,877038.3900184431,0.14574767239482472,False,5.55*exp((x0 - cos(cos(x0)))) + -3.89 + -3.01*x0 + -0.476*x0^2,6,5.4780250606671546,95.4224739074707
20290942,1,full,6,6,0.1,(exp((x0 - (cos(cos(x0)))^2)) * x0),interior-CV,877038.3900184431,0.14574767239482472,False,5.55*exp((x0 - cos(cos(x0)))) + -3.89 + -3.01*x0 + -0.476*x0^2,6,3.7890529308643877,95.4224739074707
20290942,1,full,6,6,0.1,(exp((x0 - (cos(cos(x0)))^2)) * x0),train-MSE,287261.26935185987,0.04773754701471614,False,0.727*(exp((x0 * 1.19)) / cos(cos(((0.601 - x0) * 1.13)))) + -1.76 + -0.7*x0 + -0.0135*x0^2,9,,95.4224739074707
20290943,1,full,6,4,0.1,(((-2.48 + -1.58) / exp(2.72)) / cos(sin(x0))),extrap-CV,3.724579270324327e-05,0.0060578781936330515,False,-0.13*exp((sin(x0))^2) + -0.136 + -5.53e-05*x0 + -0.000162*x0^2,5,-9.102074083208832,91.95571899414062
20290943,1,full,6,4,0.1,(((-2.48 + -1.58) / exp(2.72)) / cos(sin(x0))),interior-CV,3.724579270324327e-05,0.0060578781936330515,False,-0.13*exp((sin(x0))^2) + -0.136 + -5.53e-05*x0 + -0.000162*x0^2,5,-9.546665240660916,91.95571899414062
20290943,1,full,6,4,0.1,(((-2.48 + -1.58) / exp(2.72)) / cos(sin(x0))),train-MSE,4.478388064842889e-05,0.007283917841887116,False,0.484*((-7.02e-05 / (x0 + 1.31)) + log(cos(cos(cos(x0))))) + -0.194 + -8.49e-05*x0 + -0.000182*x0^2,9,,91.95571899414062
20290944,1,full,6,4,0.1,log(((x0 / x0) + (-0.38 - (x0 * sqrt(-2.48))))),extrap-CV,0.6821465393158805,31.249853225496356,False,0.5*log((((0.995 - sin((x0 + -5.13))) * 36.1) + (x0)^2)) + -1.02 + -0.0429*x0 + 0.0444*x0^2,9,-3.6893932629821826,113.42204689979553
20290944,1,full,6,4,0.1,log(((x0 / x0) + (-0.38 - (x0 * sqrt(-2.48))))),interior-CV,0.6821465393158805,31.249853225496356,False,0.5*log((((0.995 - sin((x0 + -5.13))) * 36.1) + (x0)^2)) + -1.02 + -0.0429*x0 + 0.0444*x0^2,9,-4.458970505164758,113.42204689979553
20290944,1,full,6,4,0.1,log(((x0 / x0) + (-0.38 - (x0 * sqrt(-2.48))))),train-MSE,0.6821465393158805,31.249853225496356,False,0.5*log((((0.995 - sin((x0 + -5.13))) * 36.1) + (x0)^2)) + -1.02 + -0.0429*x0 + 0.0444*x0^2,9,,113.42204689979553
20290945,1,full,6,4,0.1,(-2.81 * (sin(x0) + sqrt(((x0 + -0.9) - x0)))),extrap-CV,0.005703491862904651,0.0014416655954743879,False,-2.81*sin(x0) + -2.67 + -0.00924*x0 + 0.00117*x0^2,3,-2.8589642385688503,141.33076810836792
20290945,1,full,6,4,0.1,(-2.81 * (sin(x0) + sqrt(((x0 + -0.9) - x0)))),interior-CV,0.005703491862904651,0.0014416655954743879,False,-2.81*sin(x0) + -2.67 + -0.00924*x0 + 0.00117*x0^2,3,-3.1851124832778424,141.33076810836792
20290945,1,full,6,4,0.1,(-2.81 * (sin(x0) + sqrt(((x0 + -0.9) - x0)))),train-MSE,0.011178988058402494,0.0028257009676542653,False,-2.8*((-0.00155 / sin((3.83 / sin(x0)))) + sin((-3.14 - x0))) + -2.67 + -0.00963*x0 + 0.00172*x0^2,9,,141.33076810836792
20290946,1,full,6,5,0.1,(((-1.88 * x0) - cos((x0)^2)) / (x0 / x0)),extrap-CV,0.3070222229340951,0.0019941644884787346,False,-0.972*cos((x0)^2) + 0.0692 + -1.9*x0 + -0.0136*x0^2,4,-1.2067906937361677,111.15517783164978
20290946,1,full,6,5,0.1,(((-1.88 * x0) - cos((x0)^2)) / (x0 / x0)),interior-CV,0.3070222229340951,0.0019941644884787346,False,-0.972*cos((x0)^2) + 0.0692 + -1.9*x0 + -0.0136*x0^2,4,-1.2128362877825625,111.15517783164978
20290946,1,full,6,5,0.1,(((-1.88 * x0) - cos((x0)^2)) / (x0 / x0)),train-MSE,0.2655952600573457,0.0017250889230527298,False,-0.98*((0.000854 / cos(log(x0))) + cos(((x0)^2 * 0.999))) + 0.0685 + -1.9*x0 + -0.0126*x0^2,9,,111.15517783164978
20290947,1,full,6,5,0.1,sin(sin(((exp(x0) - -2.71) / exp(x0)))),extrap-CV,0.4215356502997944,1.293533321587185,False,0.751*cos(exp((cos(exp(x0)) - x0))) + -0.0414 + 0.0189*x0 + -0.000779*x0^2,7,-1.5017104324435973,100.34019899368286
20290947,1,full,6,5,0.1,sin(sin(((exp(x0) - -2.71) / exp(x0)))),interior-CV,0.4455938828108239,1.367358928957229,False,0.854*cos(exp(((cos(exp(x0)) * 0.994) - x0))) + -0.0872 + -0.0156*x0 + 0.00422*x0^2,8,-3.715387132222085,100.34019899368286
20290947,1,full,6,5,0.1,sin(sin(((exp(x0) - -2.71) / exp(x0)))),train-MSE,0.4212189163936949,1.292561385141656,False,0.854*cos((exp(((cos(exp(x0)) * 0.651) - x0)) * 1.41)) + -0.0597 + -0.0137*x0 + 0.00205*x0^2,9,,100.34019899368286
20290948,1,full,6,2,0.1,((x0 * x0) + cos((cos(0.52) * cos(1.46)))),extrap-CV,0.28248859558690154,0.002265138401858282,False,0.0211*x0 + 1.02 + 0.0211*x0 + 0.989*x0^2,2,0.08345284708461168,84.63954091072083
20290948,1,full,6,2,0.1,((x0 * x0) + cos((cos(0.52) * cos(1.46)))),interior-CV,0.28248859558690154,0.002265138401858282,False,0.0211*x0 + 1.02 + 0.0211*x0 + 0.989*x0^2,2,-0.469203485518176,84.63954091072083
20290948,1,full,6,2,0.1,((x0 * x0) + cos((cos(0.52) * cos(1.46)))),train-MSE,0.5334893284807825,0.0042777909756419215,False,0.251*cos(((1.14 / sin((exp((x0)^2) / x0))) + 1.69)) + 1.02 + 0.0503*x0 + 0.986*x0^2,9,,84.63954091072083
20290949,1,full,6,5,0.1,(x0 * (log(sqrt((x0)^2)) / (x0)^2)),extrap-CV,0.4088453344946079,4.983157563639172,False,0.997*(log(sin(x0)) / x0) + -0.111 + 0.15*x0 + -0.00359*x0^2,5,0.6862891422926781,88.787593126297
20290949,1,full,6,5,0.1,(x0 * (log(sqrt((x0)^2)) / (x0)^2)),interior-CV,0.08988308093847563,1.0955281052073835,False,0.997*(log(x0) / x0) + -0.0811 + 0.00808*x0 + -0.00496*x0^2,4,0.4488229281112142,88.787593126297
20290949,1,full,6,5,0.1,(x0 * (log(sqrt((x0)^2)) / (x0)^2)),train-MSE,0.3850346971107861,4.692944742888917,False,0.419*(log((-0.000226 - log(cos(x0)))) / (x0 + 0.00034)) + -0.124 + 0.147*x0 + -0.00254*x0^2,8,,88.787593126297
20290950,1,full,6,4,0.1,((x0 - exp(cos(sqrt((x0 / x0))))) / x0),extrap-CV,3.448647358331251,45.650366733496604,False,-1.7*(sqrt(exp(x0)) / x0) + 1.97 + 0.285*x0 + 0.0462*x0^2,5,-0.15978255949645645,81.83690023422241
20290950,1,full,6,4,0.1,((x0 - exp(cos(sqrt((x0 / x0))))) / x0),interior-CV,0.06399399279127096,0.8471000180998078,False,-1.7*(x0 / (x0)^2) + 1.13 + 0.00157*x0 + 0.0028*x0^2,4,-0.10987715231743385,81.83690023422241
20290950,1,full,6,4,0.1,((x0 - exp(cos(sqrt((x0 / x0))))) / x0),train-MSE,0.08389429987166178,1.1105239701412912,False,-2.25*(sqrt(cos((((0.965 - cos(x0)))^2 + 0.959))) / x0) + 1.13 + -0.0283*x0 + 0.00283*x0^2,9,,81.83690023422241
20290951,1,full,6,4,0.1,((((x0 * 0.88) / x0) * x0) - (sin(x0) / x0)),extrap-CV,1.4371484953829108,0.043351800091464096,False,-0.269*cos(x0) + -0.705 + 0.86*x0 + 0.0439*x0^2,3,-1.8866836942746836,80.69077229499817
20290951,1,full,6,4,0.1,((((x0 * 0.88) / x0) * x0) - (sin(x0) / x0)),interior-CV,1.4371484953829108,0.043351800091464096,False,-0.269*cos(x0) + -0.705 + 0.86*x0 + 0.0439*x0^2,3,-2.6405563003829595,80.69077229499817
20290951,1,full,6,4,0.1,((((x0 * 0.88) / x0) * x0) - (sin(x0) / x0)),train-MSE,1.6921273862158075,0.05104327660794323,False,-0.0187*((-10.3 - log((x0 + 2.07))) / exp(cos(x0))) + -0.974 + 0.852*x0 + 0.0458*x0^2,8,,80.69077229499817
