seed,d,op_set,n_ops,eff_ops,noise,truth,y_test_var,method,mse_test,nmse_test,recovered,model,complexity,config,time_s
20260712,1,poly,2,2,0.0,(-2.75 - (x0 - -0.71)),42.83288126927326,SR (ours),8.612758711299719e-31,2.0107820104733876e-32,True,-0.5*x0 + -3.46 + -0.5*x0,1.0,k_ex=4+dedup,0.0030319690704345703
20260712,1,poly,2,2,0.0,(-2.75 - (x0 - -0.71)),42.83288126927326,polynomial,2.6162771763566633e-11,6.108104565530325e-13,False,"{'degree': 1, 'alpha': 0.0001}",,,0.14644885063171387
20260712,1,poly,2,2,0.0,(-2.75 - (x0 - -0.71)),42.83288126927326,random_forest,3.3606578405711085,0.07845976597847788,False,{'max_depth': 8},,,2.3717103004455566
20260712,1,poly,2,2,0.0,(-2.75 - (x0 - -0.71)),42.83288126927326,mlp,0.24687831841491753,0.005763756980598431,False,"{'hidden': (256,), 'alpha': 0.0001}",,,5.290929794311523
20260713,1,poly,2,1,0.0,((x0 * x0))^2,989351.5092428601,SR (ours),2.6435044478318194e-25,2.6719567546370493e-31,True,1*((x0)^2)^2,2.0,k_ex=4+dedup,0.007436990737915039
20260713,1,poly,2,1,0.0,((x0 * x0))^2,989351.5092428601,polynomial,0.00022049796602746348,2.2287120802616266e-10,False,"{'degree': 4, 'alpha': 0.0001}",,,0.1910560131072998
20260713,1,poly,2,1,0.0,((x0 * x0))^2,989351.5092428601,random_forest,3069903.569319112,3.102945253167376,False,{'max_depth': 8},,,2.478987693786621
20260713,1,poly,2,1,0.0,((x0 * x0))^2,989351.5092428601,mlp,1643306.6126490235,1.660993688589638,False,"{'hidden': (64, 64), 'alpha': 0.01}",,,87.7370879650116
20260714,1,poly,2,1,0.0,(x0 * (x0)^2),91957.46485630477,SR (ours),5.6513995250033286e-27,6.145666949207832e-32,True,1*x0^3,1.0,poly_deg=3,0.009385824203491211
20260714,1,poly,2,1,0.0,(x0 * (x0)^2),91957.46485630477,polynomial,1.5043186511062172e-06,1.63588530138027e-11,False,"{'degree': 3, 'alpha': 0.0001}",,,0.1902472972869873
20260714,1,poly,2,1,0.0,(x0 * (x0)^2),91957.46485630477,random_forest,40308.82385289779,0.4383420521203521,False,{'max_depth': 8},,,2.578284978866577
20260714,1,poly,2,1,0.0,(x0 * (x0)^2),91957.46485630477,mlp,19791.97474996712,0.21522966929215154,False,"{'hidden': (64, 64), 'alpha': 0.01}",,,86.91038489341736
20260715,1,poly,2,1,0.0,((x0)^2)^2,982348.6451883779,SR (ours),0.0,0.0,True,1*((x0)^2)^2,2.0,k_ex=4+dedup,0.006764888763427734
20260715,1,poly,2,1,0.0,((x0)^2)^2,982348.6451883779,polynomial,0.00015776157028610802,1.6059631278450557e-10,False,"{'degree': 4, 'alpha': 0.0001}",,,0.17751812934875488
20260715,1,poly,2,1,0.0,((x0)^2)^2,982348.6451883779,random_forest,3304969.372233186,3.364354792385768,False,{'max_depth': 8},,,2.5802559852600098
20260715,1,poly,2,1,0.0,((x0)^2)^2,982348.6451883779,mlp,1931249.8889904518,1.9659515981926252,False,"{'hidden': (64, 64), 'alpha': 0.01}",,,87.80279898643494
20260716,1,poly,2,2,0.0,(1.59 + (x0)^2),118.51989047149658,SR (ours),8.308184446174544e-28,7.00994948031328e-30,True,1.59 + 1*x0^2,1.0,k_ex=4+dedup,0.003159761428833008
20260716,1,poly,2,2,0.0,(1.59 + (x0)^2),118.51989047149658,polynomial,8.459607006834177e-10,7.137710786923709e-12,False,"{'degree': 2, 'alpha': 0.0001}",,,0.18653273582458496
20260716,1,poly,2,2,0.0,(1.59 + (x0)^2),118.51989047149658,random_forest,495.9996171907437,4.184948325699213,False,{'max_depth': 8},,,2.436185121536255
20260716,1,poly,2,2,0.0,(1.59 + (x0)^2),118.51989047149658,mlp,72.78875210442166,0.6141479865940896,False,"{'hidden': (64, 64), 'alpha': 0.0001}",,,55.2734739780426
20260717,1,poly,2,2,0.0,(x0 + (x0)^2),155.96752149892333,SR (ours),4.638009084633786e-28,2.9737018579639373e-30,True,0.5*x0 + 0.5*x0 + 1*x0^2,2.0,k_ex=4+dedup,0.005120992660522461
20260717,1,poly,2,2,0.0,(x0 + (x0)^2),155.96752149892333,polynomial,8.131916418129836e-10,5.2138524354161594e-12,False,"{'degree': 2, 'alpha': 0.0001}",,,0.18037891387939453
20260717,1,poly,2,2,0.0,(x0 + (x0)^2),155.96752149892333,random_forest,502.22456108229466,3.2200586138426366,False,{'max_depth': 8},,,2.4599621295928955
20260717,1,poly,2,2,0.0,(x0 + (x0)^2),155.96752149892333,mlp,52.648568599289696,0.3375611030637115,False,"{'hidden': (256,), 'alpha': 0.0001}",,,53.36441993713379
20260718,1,poly,2,1,0.0,(x0 * (x0 * x0)),108835.17742963447,SR (ours),6.102627962789747e-27,5.607220116616521e-32,True,1*x0^3,1.0,poly_deg=3,0.00837087631225586
20260718,1,poly,2,1,0.0,(x0 * (x0 * x0)),108835.17742963447,polynomial,1.3541972660628832e-06,1.2442643068583377e-11,False,"{'degree': 3, 'alpha': 0.0001}",,,0.16937804222106934
20260718,1,poly,2,1,0.0,(x0 * (x0 * x0)),108835.17742963447,random_forest,50288.448770470204,0.46206061273693744,False,{'max_depth': 8},,,2.4317610263824463
20260718,1,poly,2,1,0.0,(x0 * (x0 * x0)),108835.17742963447,mlp,38637.212524631235,0.355006657196029,False,"{'hidden': (256,), 'alpha': 0.0001}",,,80.96459293365479
20260719,1,poly,2,1,0.0,((x0)^2 * x0),99569.57812391028,SR (ours),2.1362353313385e-26,2.145469903146564e-31,True,1*x0^3,1.0,poly_deg=3,0.0053441524505615234
20260719,1,poly,2,1,0.0,((x0)^2 * x0),99569.57812391028,polynomial,1.4274865039404807e-06,1.433657278495277e-11,False,"{'degree': 3, 'alpha': 0.0001}",,,0.16602301597595215
20260719,1,poly,2,1,0.0,((x0)^2 * x0),99569.57812391028,random_forest,43652.7591358817,0.4384146238076616,False,{'max_depth': 8},,,2.522427797317505
20260719,1,poly,2,1,0.0,((x0)^2 * x0),99569.57812391028,mlp,41762.46925370571,0.4194300110595429,False,"{'hidden': (256,), 'alpha': 0.0001}",,,86.84822034835815
20260720,1,poly,2,3,0.0,(-2.59 - (x0)^2),133.37194216150755,SR (ours),1.0644691839826028e-27,7.981207791767608e-30,True,-2.59 + -1*x0^2,1.0,k_ex=4+dedup,0.008385181427001953
20260720,1,poly,2,3,0.0,(-2.59 - (x0)^2),133.37194216150755,polynomial,8.525102581032956e-10,6.391976035491357e-12,False,"{'degree': 2, 'alpha': 0.0001}",,,0.375946044921875
20260720,1,poly,2,3,0.0,(-2.59 - (x0)^2),133.37194216150755,random_forest,537.2391861428969,4.028127486456813,False,{'max_depth': 8},,,5.3801798820495605
20260720,1,poly,2,3,0.0,(-2.59 - (x0)^2),133.37194216150755,mlp,58.58881121072922,0.4392888808635684,False,"{'hidden': (256,), 'alpha': 0.0001}",,,69.69328880310059
20260721,1,poly,2,2,0.0,((x0 + x0) + 2.17),166.45490794753323,SR (ours),2.2926270057985656e-29,1.3773261684306744e-31,True,1*x0 + 2.17 + 1*x0,1.0,k_ex=4+dedup,0.014967203140258789
20260721,1,poly,2,2,0.0,((x0 + x0) + 2.17),166.45490794753323,polynomial,1.0289660019837704e-10,6.18165012177413e-13,False,"{'degree': 1, 'alpha': 0.0001}",,,0.8908998966217041
20260721,1,poly,2,2,0.0,((x0 + x0) + 2.17),166.45490794753323,random_forest,13.448430861738746,0.0807932372049835,False,{'max_depth': 8},,,7.410582065582275
20260721,1,poly,2,2,0.0,((x0 + x0) + 2.17),166.45490794753323,mlp,1.469229285896382,0.00882659036019223,False,"{'hidden': (256,), 'alpha': 0.01}",,,17.163779973983765
20260722,1,poly,2,1,0.0,(x0 + (1.14)^2),42.64677348230165,SR (ours),4.979684464207637e-30,1.1676579627469823e-31,True,0.5*x0 + 1.3 + 0.5*x0,1.0,k_ex=4+dedup,0.018682241439819336
20260722,1,poly,2,1,0.0,(x0 + (1.14)^2),42.64677348230165,polynomial,2.6118213533132922e-11,6.124311735792145e-13,False,"{'degree': 1, 'alpha': 0.0001}",,,0.6828429698944092
20260722,1,poly,2,1,0.0,(x0 + (1.14)^2),42.64677348230165,random_forest,3.7144842594949443,0.08709883435933202,False,{'max_depth': 8},,,8.382737874984741
20260722,1,poly,2,1,0.0,(x0 + (1.14)^2),42.64677348230165,mlp,0.3145642093564798,0.007376037708621111,False,"{'hidden': (256,), 'alpha': 0.01}",,,8.607065200805664
20260723,1,poly,2,1,0.0,((x0)^2 * x0),96861.21765325034,SR (ours),5.258546794203265e-27,5.428949709292453e-32,True,1*x0^3,1.0,poly_deg=3,0.018391847610473633
20260723,1,poly,2,1,0.0,((x0)^2 * x0),96861.21765325034,polynomial,1.4420997629293789e-06,1.488830925181939e-11,False,"{'degree': 3, 'alpha': 0.0001}",,,0.6600959300994873
20260723,1,poly,2,1,0.0,((x0)^2 * x0),96861.21765325034,random_forest,42353.65050998349,0.4372611818860636,False,{'max_depth': 8},,,6.958595037460327
20260723,1,poly,2,1,0.0,((x0)^2 * x0),96861.21765325034,mlp,32162.22142727712,0.3320443641583507,False,"{'hidden': (256,), 'alpha': 0.0001}",,,84.38807392120361
20260724,1,poly,2,2,0.0,((x0 + -1.36))^2,465.71989327689784,SR (ours),5.575027928616619e-29,1.1970774727679364e-31,True,-1.36*x0 + 1.85 + -1.36*x0 + 1*x0^2,2.0,k_ex=4+dedup,0.006239891052246094
20260724,1,poly,2,2,0.0,((x0 + -1.36))^2,465.71989327689784,polynomial,7.814239370234536e-10,1.6778839562235558e-12,False,"{'degree': 2, 'alpha': 0.0001}",,,0.6728918552398682
20260724,1,poly,2,2,0.0,((x0 + -1.36))^2,465.71989327689784,random_forest,527.3055696532163,1.13223759015959,False,{'max_depth': None},,,6.730378866195679
20260724,1,poly,2,2,0.0,((x0 + -1.36))^2,465.71989327689784,mlp,87.4065583079805,0.18768053409308022,False,"{'hidden': (64, 64), 'alpha': 0.01}",,,53.41306805610657
20260725,1,poly,2,2,0.0,((-2.5 * x0) - x0),520.6961789732892,SR (ours),8.199223033640891e-29,1.5746654891549526e-31,True,-1.75*x0 + -1.75*x0,1.0,k_ex=4+dedup,0.014214277267456055
20260725,1,poly,2,2,0.0,((-2.5 * x0) - x0),520.6961789732892,polynomial,3.1826614307222407e-10,6.112319543035297e-13,False,"{'degree': 1, 'alpha': 0.0001}",,,0.5871708393096924
20260725,1,poly,2,2,0.0,((-2.5 * x0) - x0),520.6961789732892,random_forest,40.03777587383349,0.07689277834298715,False,{'max_depth': 8},,,6.522663831710815
20260725,1,poly,2,2,0.0,((-2.5 * x0) - x0),520.6961789732892,mlp,4.795396012135627,0.009209585562143375,False,"{'hidden': (64, 64), 'alpha': 0.0001}",,,28.3143310546875
20260726,1,poly,2,2,0.0,(x0 * (x0 - 1.71)),261.2332739351451,SR (ours),3.9975526372074773e-28,1.530261661154209e-30,True,-0.855*x0 + -0.855*x0 + 1*x0^2,2.0,k_ex=4+dedup,0.011431217193603516
20260726,1,poly,2,2,0.0,(x0 * (x0 - 1.71)),261.2332739351451,polynomial,1.235336390298444e-09,4.728863102657948e-12,False,"{'degree': 2, 'alpha': 0.0001}",,,0.6518228054046631
20260726,1,poly,2,2,0.0,(x0 * (x0 - 1.71)),261.2332739351451,random_forest,533.3277481294031,2.0415766341534627,False,{'max_depth': 8},,,6.61675500869751
20260726,1,poly,2,2,0.0,(x0 * (x0 - 1.71)),261.2332739351451,mlp,87.4724797929565,0.3348443269698974,False,"{'hidden': (64, 64), 'alpha': 0.01}",,,40.24517869949341
20260727,1,poly,2,2,0.0,((x0 * 2.33))^2,3741.0045368055353,SR (ours),1.9879294811569497e-27,5.3138921955289955e-31,True,5.43*x0^2,1.0,k_ex=4+dedup,0.0056879520416259766
20260727,1,poly,2,2,0.0,((x0 * 2.33))^2,3741.0045368055353,polynomial,2.6098302318990067e-08,6.976281921666835e-12,False,"{'degree': 2, 'alpha': 0.0001}",,,0.36763691902160645
20260727,1,poly,2,2,0.0,((x0 * 2.33))^2,3741.0045368055353,random_forest,14782.421376114835,3.951457751702602,False,{'max_depth': 8},,,6.969962120056152
20260727,1,poly,2,2,0.0,((x0 * 2.33))^2,3741.0045368055353,mlp,2994.204535752372,0.8003744732983243,False,"{'hidden': (256,), 'alpha': 0.0001}",,,85.95594906806946
20260728,1,poly,2,1,0.0,((0.66)^2 + x0),41.35932797830516,SR (ours),1.7897281787201705e-29,4.327266099823875e-31,True,0.5*x0 + 0.436 + 0.5*x0,1.0,k_ex=4+dedup,0.005656003952026367
20260728,1,poly,2,1,0.0,((0.66)^2 + x0),41.35932797830516,polynomial,2.5821984350364423e-11,6.243327832577266e-13,False,"{'degree': 1, 'alpha': 0.0001}",,,0.5642600059509277
20260728,1,poly,2,1,0.0,((0.66)^2 + x0),41.35932797830516,random_forest,2.812700790137057,0.06800644322877891,False,{'max_depth': 8},,,6.7323901653289795
20260728,1,poly,2,1,0.0,((0.66)^2 + x0),41.35932797830516,mlp,0.20950409143846738,0.005065461690972391,False,"{'hidden': (64, 64), 'alpha': 0.0001}",,,8.617722034454346
20260729,1,poly,2,1,0.0,((x0)^2)^2,1023921.476453715,SR (ours),2.8343456780228866e-25,2.7681279699684173e-31,True,1*((x0)^2)^2,2.0,k_ex=4+dedup,0.023498058319091797
20260729,1,poly,2,1,0.0,((x0)^2)^2,1023921.476453715,polynomial,0.00015322385858181924,1.4964414958117691e-10,False,"{'degree': 4, 'alpha': 0.0001}",,,0.5047988891601562
20260729,1,poly,2,1,0.0,((x0)^2)^2,1023921.476453715,random_forest,3332865.787544919,3.2550013494082393,False,{'max_depth': 8},,,6.853333950042725
20260729,1,poly,2,1,0.0,((x0)^2)^2,1023921.476453715,mlp,1808241.0935077756,1.765995865005684,False,"{'hidden': (64, 64), 'alpha': 0.01}",,,88.97906398773193
20260730,1,poly,2,1,0.0,(x0 * (-0.67)^2),8.682290650631096,SR (ours),1.8565964663892954e-31,2.138371705230052e-32,True,0.224*x0 + 0.224*x0,1.0,k_ex=4+dedup,0.00543665885925293
20260730,1,poly,2,1,0.0,(x0 * (-0.67)^2),8.682290650631096,polynomial,5.299639162329672e-12,6.10396423660898e-13,False,"{'degree': 1, 'alpha': 0.0001}",,,0.5417652130126953
20260730,1,poly,2,1,0.0,(x0 * (-0.67)^2),8.682290650631096,random_forest,0.6586974803959147,0.07586678526455867,False,{'max_depth': 8},,,7.3647990226745605
20260730,1,poly,2,1,0.0,(x0 * (-0.67)^2),8.682290650631096,mlp,0.07062788649146624,0.008134706534655398,False,"{'hidden': (256,), 'alpha': 0.01}",,,1.3968250751495361
20260731,1,poly,2,2,0.0,((x0)^2 + 1.66),126.92139159736271,SR (ours),1.7828256457994867e-28,1.4046691604636739e-30,True,1.66 + 1*x0^2,1.0,k_ex=4+dedup,0.009798049926757812
20260731,1,poly,2,2,0.0,((x0)^2 + 1.66),126.92139159736271,polynomial,8.412635029735492e-10,6.628224701808499e-12,False,"{'degree': 2, 'alpha': 0.0001}",,,0.5908999443054199
20260731,1,poly,2,2,0.0,((x0)^2 + 1.66),126.92139159736271,random_forest,509.83856125823047,4.016963215118296,False,{'max_depth': 8},,,7.212331056594849
20260731,1,poly,2,2,0.0,((x0)^2 + 1.66),126.92139159736271,mlp,56.214756755051496,0.44291002523344203,False,"{'hidden': (256,), 'alpha': 0.0001}",,,65.60720610618591
20260732,1,poly,2,2,0.0,((x0)^2 + 0.26),124.51955527707476,SR (ours),2.9187853493177437e-29,2.3440377238924493e-31,True,0.26 + 1*x0^2,1.0,k_ex=4+dedup,0.007956981658935547
20260732,1,poly,2,2,0.0,((x0)^2 + 0.26),124.51955527707476,polynomial,8.793463107105167e-10,7.06191335773597e-12,False,"{'degree': 2, 'alpha': 0.0001}",,,0.5549860000610352
20260732,1,poly,2,2,0.0,((x0)^2 + 0.26),124.51955527707476,random_forest,530.4115665867556,4.259664800492661,False,{'max_depth': 8},,,6.877523899078369
20260732,1,poly,2,2,0.0,((x0)^2 + 0.26),124.51955527707476,mlp,55.54949895347611,0.44611064366452413,False,"{'hidden': (256,), 'alpha': 0.0001}",,,50.25193476676941
20260733,1,poly,2,1,0.0,((x0)^2 * x0),88889.08263229695,SR (ours),4.070522270940421e-28,4.579327573644502e-33,True,1*x0^3,1.0,poly_deg=3,0.01860976219177246
20260733,1,poly,2,1,0.0,((x0)^2 * x0),88889.08263229695,polynomial,1.0289773057030854e-06,1.1575969458022248e-11,False,"{'degree': 3, 'alpha': 0.0001}",,,0.6076869964599609
20260733,1,poly,2,1,0.0,((x0)^2 * x0),88889.08263229695,random_forest,36979.020997899825,0.4160130794787151,False,{'max_depth': 8},,,7.318323135375977
20260733,1,poly,2,1,0.0,((x0)^2 * x0),88889.08263229695,mlp,33400.18742036866,0.37575128948662406,False,"{'hidden': (256,), 'alpha': 0.0001}",,,87.91397500038147
20260734,1,poly,2,2,0.0,((x0 - -0.98))^2,271.7568289480632,SR (ours),5.14386614010676e-28,1.892819459226848e-30,True,0.98*x0 + 0.96 + 0.98*x0 + 1*x0^2,2.0,k_ex=4+dedup,0.005820274353027344
20260734,1,poly,2,2,0.0,((x0 - -0.98))^2,271.7568289480632,polynomial,8.254255367316219e-10,3.0373681497783933e-12,False,"{'degree': 2, 'alpha': 0.0001}",,,0.429656982421875
20260734,1,poly,2,2,0.0,((x0 - -0.98))^2,271.7568289480632,random_forest,454.7131007959342,1.6732352322334345,False,{'max_depth': 8},,,7.877504110336304
20260734,1,poly,2,2,0.0,((x0 - -0.98))^2,271.7568289480632,mlp,73.38351985611183,0.2700337656285227,False,"{'hidden': (64, 64), 'alpha': 0.01}",,,51.192726850509644
20260735,1,poly,2,1,0.0,(x0 - (x0 + x0)),43.08622087869729,SR (ours),3.1554436208840472e-30,7.323556247292421e-32,True,-0.5*x0 + -0.5*x0,1.0,k_ex=4+dedup,0.021107912063598633
20260735,1,poly,2,1,0.0,(x0 - (x0 + x0)),43.08622087869729,polynomial,2.6298287838157343e-11,6.103642255419935e-13,False,"{'degree': 1, 'alpha': 0.0001}",,,0.7663049697875977
20260735,1,poly,2,1,0.0,(x0 - (x0 + x0)),43.08622087869729,random_forest,3.1848841624889586,0.07391885613397184,False,{'max_depth': 8},,,8.163312673568726
20260735,1,poly,2,1,0.0,(x0 - (x0 + x0)),43.08622087869729,mlp,0.2891004628057224,0.00670981248551923,False,"{'hidden': (64, 64), 'alpha': 0.01}",,,5.702115058898926
20260736,1,poly,2,2,0.0,((x0)^2 - x0),179.8150224774057,SR (ours),1.1453274267677565e-28,6.369475758965969e-31,True,-0.5*x0 + -0.5*x0 + 1*x0^2,2.0,k_ex=4+dedup,0.013767004013061523
20260736,1,poly,2,2,0.0,((x0)^2 - x0),179.8150224774057,polynomial,8.79801267999064e-10,4.89281293563564e-12,False,"{'degree': 2, 'alpha': 0.0001}",,,0.659747838973999
20260736,1,poly,2,2,0.0,((x0)^2 - x0),179.8150224774057,random_forest,463.44033043515435,2.5773170898075937,False,{'max_depth': 8},,,7.097121238708496
20260736,1,poly,2,2,0.0,((x0)^2 - x0),179.8150224774057,mlp,47.19578953038291,0.2624685572992835,False,"{'hidden': (256,), 'alpha': 0.0001}",,,53.278538942337036
20260737,1,poly,4,3,0.0,(((x0 - (-0.81 * 2.33)))^2 - x0),456.7624470657267,SR (ours),4.639734717863957e-28,1.0157872538931192e-30,True,1.39*x0 + 3.56 + 1.39*x0 + 1*x0^2,2.0,k_ex=4+dedup,0.005753040313720703
20260737,1,poly,4,3,0.0,(((x0 - (-0.81 * 2.33)))^2 - x0),456.7624470657267,polynomial,7.270593580674356e-10,1.5917669299175421e-12,False,"{'degree': 2, 'alpha': 0.0001}",,,0.6145780086517334
20260737,1,poly,4,3,0.0,(((x0 - (-0.81 * 2.33)))^2 - x0),456.7624470657267,random_forest,510.2830831750752,1.117173897401524,False,{'max_depth': 8},,,6.880560874938965
20260737,1,poly,4,3,0.0,(((x0 - (-0.81 * 2.33)))^2 - x0),456.7624470657267,mlp,85.69353634423777,0.18761073046774954,False,"{'hidden': (256,), 'alpha': 0.01}",,,65.12111806869507
20260738,1,poly,4,3,0.0,(((x0 * 2.1) * (x0)^2) + 0.43),454097.2744302136,SR (ours),3.698179923676103e-27,8.144025811025751e-33,True,0.43 + 2.1*x0^3,1.0,poly_deg=3,0.01687908172607422
20260738,1,poly,4,3,0.0,(((x0 * 2.1) * (x0)^2) + 0.43),454097.2744302136,polynomial,8.156432308576518e-06,1.796186140692199e-11,False,"{'degree': 3, 'alpha': 0.0001}",,,0.5208718776702881
20260738,1,poly,4,3,0.0,(((x0 * 2.1) * (x0)^2) + 0.43),454097.2744302136,random_forest,196582.9552476502,0.43290934854060964,False,{'max_depth': 8},,,6.783600807189941
20260738,1,poly,4,3,0.0,(((x0 * 2.1) * (x0)^2) + 0.43),454097.2744302136,mlp,109208.93483283214,0.24049678556178064,False,"{'hidden': (64, 64), 'alpha': 0.0001}",,,88.6639301776886
20260739,1,poly,4,3,0.0,((x0 + x0) * (x0 + (2.31 + 2.11))),4136.5191986696755,SR (ours),1.9230518346783436e-27,4.648961463292147e-31,True,4.42*x0 + 4.42*x0 + 2*x0^2,2.0,k_ex=4+dedup,0.031032800674438477
20260739,1,poly,4,3,0.0,((x0 + x0) * (x0 + (2.31 + 2.11))),4136.5191986696755,polynomial,5.818494225638729e-09,1.4066160329945973e-12,False,"{'degree': 2, 'alpha': 0.0001}",,,0.4306502342224121
20260739,1,poly,4,3,0.0,((x0 + x0) * (x0 + (2.31 + 2.11))),4136.5191986696755,random_forest,2552.685353876871,0.6171095143708815,False,{'max_depth': None},,,8.033322811126709
20260739,1,poly,4,3,0.0,((x0 + x0) * (x0 + (2.31 + 2.11))),4136.5191986696755,mlp,960.621336845048,0.2322293915990982,False,"{'hidden': (64, 64), 'alpha': 0.01}",,,79.12672519683838
20260740,1,poly,4,2,0.0,(((-2.85 + x0) - x0) + (x0)^2),134.5189160128667,SR (ours),5.423418723394456e-31,4.031714560408521e-33,True,-2.85 + 1*x0^2,1.0,k_ex=4+dedup,0.005444765090942383
20260740,1,poly,4,2,0.0,(((-2.85 + x0) - x0) + (x0)^2),134.5189160128667,polynomial,8.00048676713703e-10,5.9474808482487214e-12,False,"{'degree': 2, 'alpha': 0.0001}",,,0.7978849411010742
20260740,1,poly,4,2,0.0,(((-2.85 + x0) - x0) + (x0)^2),134.5189160128667,random_forest,477.11586172377315,3.5468310024007117,False,{'max_depth': 8},,,7.202602863311768
20260740,1,poly,4,2,0.0,(((-2.85 + x0) - x0) + (x0)^2),134.5189160128667,mlp,45.63322394338486,0.33923276588862833,False,"{'hidden': (256,), 'alpha': 0.0001}",,,41.085278034210205
20260741,1,poly,4,3,0.0,(((x0 - (-0.28)^2))^2 - x0),160.9292465101392,SR (ours),1.995078533110515e-27,1.2397240255423784e-29,True,-0.578*x0 + 0.00615 + -0.578*x0 + 1*x0^2,2.0,k_ex=4+dedup,0.02573537826538086
20260741,1,poly,4,3,0.0,(((x0 - (-0.28)^2))^2 - x0),160.9292465101392,polynomial,8.559821013167356e-10,5.318996514799473e-12,False,"{'degree': 2, 'alpha': 0.0001}",,,0.5993118286132812
20260741,1,poly,4,3,0.0,(((x0 - (-0.28)^2))^2 - x0),160.9292465101392,random_forest,520.8624913729817,3.2365931157216052,False,{'max_depth': 8},,,6.831480026245117
20260741,1,poly,4,3,0.0,(((x0 - (-0.28)^2))^2 - x0),160.9292465101392,mlp,53.994782569135666,0.33551876827891425,False,"{'hidden': (64, 64), 'alpha': 0.01}",,,46.27724289894104
20260742,1,poly,4,2,0.0,(((x0)^2 * x0) + (1.64)^2),100316.77341769621,SR (ours),4.581388593161548e-26,4.566921798895673e-31,True,2.69 + 1*x0^3,1.0,poly_deg=3,0.007857799530029297
20260742,1,poly,4,2,0.0,(((x0)^2 * x0) + (1.64)^2),100316.77341769621,polynomial,1.3443908222343411e-06,1.3401455972239097e-11,False,"{'degree': 3, 'alpha': 0.0001}",,,0.4506087303161621
20260742,1,poly,4,2,0.0,(((x0)^2 * x0) + (1.64)^2),100316.77341769621,random_forest,47500.498722955446,0.4735050491025482,False,{'max_depth': 8},,,7.8682990074157715
20260742,1,poly,4,2,0.0,(((x0)^2 * x0) + (1.64)^2),100316.77341769621,mlp,31503.891943737362,0.31404411117333614,False,"{'hidden': (256,), 'alpha': 0.0001}",,,87.17286276817322
20260743,1,poly,4,3,0.0,(((x0 + (x0 * -0.72)))^2 - x0),44.063003297205526,SR (ours),1.6570701241507777e-30,3.7606835670592364e-32,True,-0.5*x0 + -0.5*x0 + 0.0784*x0^2,2.0,k_ex=4+dedup,0.013508319854736328
20260743,1,poly,4,3,0.0,(((x0 + (x0 * -0.72)))^2 - x0),44.063003297205526,polynomial,2.7618638190286592e-11,6.267988135987581e-13,False,"{'degree': 2, 'alpha': 0.0001}",,,0.6582849025726318
20260743,1,poly,4,3,0.0,(((x0 + (x0 * -0.72)))^2 - x0),44.063003297205526,random_forest,6.110840147454093,0.13868414974431945,False,{'max_depth': 8},,,6.9699530601501465
20260743,1,poly,4,3,0.0,(((x0 + (x0 * -0.72)))^2 - x0),44.063003297205526,mlp,1.263496398941368,0.028674768045633847,False,"{'hidden': (64, 64), 'alpha': 0.01}",,,12.778940916061401
20260744,1,poly,4,3,0.0,(((x0 + 2.31))^2 + (-2.55)^2),1046.5518200530087,SR (ours),7.392736017568848e-28,7.063898677462908e-31,True,2.31*x0 + 11.8 + 2.31*x0 + 1*x0^2,2.0,k_ex=4+dedup,0.03404092788696289
20260744,1,poly,4,3,0.0,(((x0 + 2.31))^2 + (-2.55)^2),1046.5518200530087,polynomial,1.0946017735156474e-09,1.0459126366625639e-12,False,"{'degree': 2, 'alpha': 0.0001}",,,0.6491777896881104
20260744,1,poly,4,3,0.0,(((x0 + 2.31))^2 + (-2.55)^2),1046.5518200530087,random_forest,588.0194115277941,0.5618636366214627,False,{'max_depth': None},,,7.3009021282196045
20260744,1,poly,4,3,0.0,(((x0 + 2.31))^2 + (-2.55)^2),1046.5518200530087,mlp,104.10958408496411,0.0994786708981987,False,"{'hidden': (256,), 'alpha': 0.01}",,,81.85448884963989
20260745,1,poly,4,1,0.0,((x0 - (x0 * (x0 - x0))) * x0),124.45753060034751,SR (ours),1.0551014607331033e-28,8.477602404961723e-31,True,1*x0^2,1.0,k_ex=4+dedup,0.02892780303955078
20260745,1,poly,4,1,0.0,((x0 - (x0 * (x0 - x0))) * x0),124.45753060034751,polynomial,8.262200048113079e-10,6.638569806309502e-12,False,"{'degree': 2, 'alpha': 0.0001}",,,0.5785260200500488
20260745,1,poly,4,1,0.0,((x0 - (x0 * (x0 - x0))) * x0),124.45753060034751,random_forest,486.44795926050074,3.9085458060594243,False,{'max_depth': 8},,,6.652609825134277
20260745,1,poly,4,1,0.0,((x0 - (x0 * (x0 - x0))) * x0),124.45753060034751,mlp,53.07401975303355,0.42644281544893,False,"{'hidden': (256,), 'alpha': 0.0001}",,,49.84846091270447
20260746,1,poly,4,4,0.0,((x0 * (1.01 * (x0 * -1.99))) - x0),582.5992688405943,SR (ours),1.7201112038344162e-27,2.9524774503365505e-30,True,-0.5*x0 + -0.5*x0 + -2.01*x0^2,2.0,k_ex=4+dedup,0.005893707275390625
20260746,1,poly,4,4,0.0,((x0 * (1.01 * (x0 * -1.99))) - x0),582.5992688405943,polynomial,3.7048388191792287e-09,6.359154597897229e-12,False,"{'degree': 2, 'alpha': 0.0001}",,,0.6499710083007812
20260746,1,poly,4,4,0.0,((x0 * (1.01 * (x0 * -1.99))) - x0),582.5992688405943,random_forest,2078.4105814974146,3.567478870396748,False,{'max_depth': 8},,,6.45251989364624
20260746,1,poly,4,4,0.0,((x0 * (1.01 * (x0 * -1.99))) - x0),582.5992688405943,mlp,264.73521667048436,0.4544036198282956,False,"{'hidden': (256,), 'alpha': 0.0001}",,,66.87202000617981
20260747,1,poly,4,3,0.0,((x0 * x0) * (x0 * (-0.68 * x0))),468169.69700121455,SR (ours),2.765430789342779e-25,5.906898304303546e-31,True,-0.68*((x0)^2)^2,2.0,k_ex=4+dedup,0.025684833526611328
20260747,1,poly,4,3,0.0,((x0 * x0) * (x0 * (-0.68 * x0))),468169.69700121455,polynomial,8.4961053389433e-05,1.8147490949037777e-10,False,"{'degree': 4, 'alpha': 0.0001}",,,0.6029601097106934
20260747,1,poly,4,3,0.0,((x0 * x0) * (x0 * (-0.68 * x0))),468169.69700121455,random_forest,1426384.5766491985,3.046725547991839,False,{'max_depth': 8},,,6.88889217376709
20260747,1,poly,4,3,0.0,((x0 * x0) * (x0 * (-0.68 * x0))),468169.69700121455,mlp,985995.6645207582,2.106064683033512,False,"{'hidden': (256,), 'alpha': 0.0001}",,,91.35421895980835
20260748,1,poly,4,4,0.0,((((x0)^2 - x0) - x0))^2,2518166.970327602,SR (ours),0.0,0.0,True,1*(((x0 - (x0)^2) + x0))^2,4.0,k_ex=4+dedup,0.08257412910461426
20260748,1,poly,4,4,0.0,((((x0)^2 - x0) - x0))^2,2518166.970327602,polynomial,0.00010685309616316894,4.2432887660847944e-11,False,"{'degree': 4, 'alpha': 0.0001}",,,0.6335408687591553
20260748,1,poly,4,4,0.0,((((x0)^2 - x0) - x0))^2,2518166.970327602,random_forest,3398133.5054535624,1.3494472548861527,False,{'max_depth': None},,,7.438175916671753
20260748,1,poly,4,4,0.0,((((x0)^2 - x0) - x0))^2,2518166.970327602,mlp,1778031.249636938,0.7060815547928597,False,"{'hidden': (64, 64), 'alpha': 0.01}",,,90.65540289878845
20260749,1,poly,4,3,0.0,((2.29 - ((x0 + x0) * -1.07)))^2,6919.285569600499,SR (ours),2.7377417715695215e-26,3.9566827297859184e-30,True,4.9*x0 + 5.24 + 4.9*x0 + 4.58*x0^2,2.0,k_ex=4+dedup,0.028535842895507812
20260749,1,poly,4,3,0.0,((2.29 - ((x0 + x0) * -1.07)))^2,6919.285569600499,polynomial,2.2730314081611095e-08,3.2850666232761777e-12,False,"{'degree': 2, 'alpha': 0.0001}",,,0.5833480358123779
20260749,1,poly,4,3,0.0,((2.29 - ((x0 + x0) * -1.07)))^2,6919.285569600499,random_forest,12000.652557115249,1.734377405933274,False,{'max_depth': 8},,,7.750653982162476
20260749,1,poly,4,3,0.0,((2.29 - ((x0 + x0) * -1.07)))^2,6919.285569600499,mlp,2023.3936021162529,0.292428110064704,False,"{'hidden': (64, 64), 'alpha': 0.01}",,,87.97132086753845
20260750,1,poly,4,2,0.0,((x0)^2 + ((x0 + x0) - x0)),165.54142904844528,SR (ours),4.607933762622235e-28,2.7835532102805125e-30,True,0.5*x0 + 0.5*x0 + 1*x0^2,2.0,k_ex=4+dedup,0.006699085235595703
20260750,1,poly,4,2,0.0,((x0)^2 + ((x0 + x0) - x0)),165.54142904844528,polynomial,7.80933373741453e-10,4.7174497540003405e-12,False,"{'degree': 2, 'alpha': 0.0001}",,,0.6433999538421631
20260750,1,poly,4,2,0.0,((x0)^2 + ((x0 + x0) - x0)),165.54142904844528,random_forest,541.7968059730347,3.2728774246263104,False,{'max_depth': 8},,,8.015130043029785
20260750,1,poly,4,2,0.0,((x0)^2 + ((x0 + x0) - x0)),165.54142904844528,mlp,80.4655336060971,0.4860749002145503,False,"{'hidden': (64, 64), 'alpha': 0.01}",,,45.064815044403076
20260751,1,poly,4,2,0.0,((x0 + (x0 * x0)) + (x0 + x0)),538.5757053157768,SR (ours),6.801460117202411e-29,1.2628605505357117e-31,True,1.5*x0 + 1.5*x0 + 1*x0^2,2.0,k_ex=4+dedup,0.012351274490356445
20260751,1,poly,4,2,0.0,((x0 + (x0 * x0)) + (x0 + x0)),538.5757053157768,polynomial,1.5410450787356244e-09,2.861334188537304e-12,False,"{'degree': 2, 'alpha': 0.0001}",,,0.7414360046386719
20260751,1,poly,4,2,0.0,((x0 + (x0 * x0)) + (x0 + x0)),538.5757053157768,random_forest,555.0477708623623,1.0305844942205993,False,{'max_depth': 8},,,6.492498159408569
20260751,1,poly,4,2,0.0,((x0 + (x0 * x0)) + (x0 + x0)),538.5757053157768,mlp,122.98774442184359,0.22835739378502717,False,"{'hidden': (256,), 'alpha': 0.0001}",,,59.7579448223114
20260752,1,poly,4,2,0.0,((x0 + (2.07 - (1.43 * 1.97))))^2,241.9814268972126,SR (ours),6.59191893925308e-29,2.724142519439376e-31,True,-0.747*x0 + 0.558 + -0.747*x0 + 1*x0^2,2.0,k_ex=4+dedup,0.008360147476196289
20260752,1,poly,4,2,0.0,((x0 + (2.07 - (1.43 * 1.97))))^2,241.9814268972126,polynomial,7.299296514908513e-10,3.0164697384023044e-12,False,"{'degree': 2, 'alpha': 0.0001}",,,0.6454153060913086
20260752,1,poly,4,2,0.0,((x0 + (2.07 - (1.43 * 1.97))))^2,241.9814268972126,random_forest,542.6084412005699,2.2423557384470496,False,{'max_depth': 8},,,7.40360689163208
20260752,1,poly,4,2,0.0,((x0 + (2.07 - (1.43 * 1.97))))^2,241.9814268972126,mlp,76.51855927328646,0.3162166628011064,False,"{'hidden': (64, 64), 'alpha': 0.01}",,,56.8243989944458
20260753,1,poly,4,3,0.0,(((x0 * (1.31)^2))^2 - x0),1099.7897080461871,SR (ours),7.54703228024942e-27,6.862250323888712e-30,True,-0.5*x0 + -0.5*x0 + 2.94*x0^2,2.0,k_ex=4+dedup,0.018023014068603516
20260753,1,poly,4,3,0.0,(((x0 * (1.31)^2))^2 - x0),1099.7897080461871,polynomial,7.28384487320193e-09,6.622943295352274e-12,False,"{'degree': 2, 'alpha': 0.0001}",,,0.7227540016174316
20260753,1,poly,4,3,0.0,(((x0 * (1.31)^2))^2 - x0),1099.7897080461871,random_forest,4390.32865056972,3.991971027233274,False,{'max_depth': 8},,,8.059086084365845
20260753,1,poly,4,3,0.0,(((x0 * (1.31)^2))^2 - x0),1099.7897080461871,mlp,610.7782031130849,0.5553590824178131,False,"{'hidden': (256,), 'alpha': 0.0001}",,,80.2636022567749
20260754,1,poly,4,2,0.0,((((-0.71)^2 - -0.67) - x0))^2,387.6084836708899,SR (ours),3.1682626105938887e-28,8.173873235664245e-31,True,-1.17*x0 + 1.38 + -1.17*x0 + 1*x0^2,2.0,k_ex=4+dedup,0.03001570701599121
20260754,1,poly,4,2,0.0,((((-0.71)^2 - -0.67) - x0))^2,387.6084836708899,polynomial,1.1722622124301123e-09,3.0243461168034062e-12,False,"{'degree': 2, 'alpha': 0.0001}",,,0.6373059749603271
20260754,1,poly,4,2,0.0,((((-0.71)^2 - -0.67) - x0))^2,387.6084836708899,random_forest,552.6595526513346,1.4258190311453194,False,{'max_depth': 8},,,7.4364519119262695
20260754,1,poly,4,2,0.0,((((-0.71)^2 - -0.67) - x0))^2,387.6084836708899,mlp,86.56258772148257,0.22332480161858642,False,"{'hidden': (64, 64), 'alpha': 0.01}",,,55.4756441116333
20260755,1,poly,4,3,0.0,(((2.9 - (1.43 + x0)) - x0))^2,3231.5233808722073,SR (ours),2.6347954234381794e-27,8.153415936996974e-31,True,-2.94*x0 + 2.16 + -2.94*x0 + 4*x0^2,2.0,k_ex=4+dedup,0.018015146255493164
20260755,1,poly,4,3,0.0,(((2.9 - (1.43 + x0)) - x0))^2,3231.5233808722073,polynomial,1.1800600808352504e-08,3.651714506601358e-12,False,"{'degree': 2, 'alpha': 0.0001}",,,0.6015617847442627
20260755,1,poly,4,3,0.0,(((2.9 - (1.43 + x0)) - x0))^2,3231.5233808722073,random_forest,7799.789645805244,2.413657190900483,False,{'max_depth': 8},,,7.575946092605591
20260755,1,poly,4,3,0.0,(((2.9 - (1.43 + x0)) - x0))^2,3231.5233808722073,mlp,1301.8225767334552,0.40285104679703276,False,"{'hidden': (256,), 'alpha': 0.01}",,,88.3916289806366
20260756,1,poly,4,3,0.0,((((x0)^2)^2 - 0.57) + x0),932510.8863711536,SR (ours),8.885729236409477e-26,9.528820913810566e-32,True,1*((x0)^2)^2 + -0.57 + 1*x0,3.0,k_ex=4+dedup,0.03827691078186035
20260756,1,poly,4,3,0.0,((((x0)^2)^2 - 0.57) + x0),932510.8863711536,polynomial,0.00018006070091843598,1.930923311996264e-10,False,"{'degree': 4, 'alpha': 0.0001}",,,0.6936967372894287
20260756,1,poly,4,3,0.0,((((x0)^2)^2 - 0.57) + x0),932510.8863711536,random_forest,2704331.7927321503,2.9000538570182277,False,{'max_depth': 8},,,7.353208065032959
20260756,1,poly,4,3,0.0,((((x0)^2)^2 - 0.57) + x0),932510.8863711536,mlp,1501400.812228947,1.6100625034755534,False,"{'hidden': (64, 64), 'alpha': 0.01}",,,93.26479315757751
20260757,1,poly,4,2,0.0,((x0 + (x0)^2) + (x0 - x0)),171.27744534096445,SR (ours),5.650216233645497e-29,3.2988676485672305e-31,True,0.5*x0 + 0.5*x0 + 1*x0^2,2.0,k_ex=4+dedup,0.011910676956176758
20260757,1,poly,4,2,0.0,((x0 + (x0)^2) + (x0 - x0)),171.27744534096445,polynomial,7.883310443771625e-10,4.602655316395108e-12,False,"{'degree': 2, 'alpha': 0.0001}",,,0.44041013717651367
20260757,1,poly,4,2,0.0,((x0 + (x0)^2) + (x0 - x0)),171.27744534096445,random_forest,449.9601514641597,2.627083505177332,False,{'max_depth': 8},,,7.389689207077026
20260757,1,poly,4,2,0.0,((x0 + (x0)^2) + (x0 - x0)),171.27744534096445,mlp,73.87400214431298,0.43131191031750243,False,"{'hidden': (64, 64), 'alpha': 0.0001}",,,57.18939805030823
20260758,1,poly,4,3,0.0,((((-2.17)^2 * x0) + -2.02))^2,74280.70557047916,SR (ours),7.248937521384504e-25,9.758843115062435e-30,True,-9.51*x0 + 4.08 + -9.51*x0 + 22.2*x0^2,2.0,k_ex=4+dedup,0.016861915588378906
20260758,1,poly,4,3,0.0,((((-2.17)^2 * x0) + -2.02))^2,74280.70557047916,polynomial,4.6933255330894937e-07,6.318364233409662e-12,False,"{'degree': 2, 'alpha': 0.0001}",,,0.5999927520751953
20260758,1,poly,4,3,0.0,((((-2.17)^2 * x0) + -2.02))^2,74280.70557047916,random_forest,246500.82045102693,3.318504025478616,False,{'max_depth': 8},,,7.661847114562988
20260758,1,poly,4,3,0.0,((((-2.17)^2 * x0) + -2.02))^2,74280.70557047916,mlp,38008.5502388195,0.5116880614812707,False,"{'hidden': (64, 64), 'alpha': 0.01}",,,90.89915609359741
20260759,1,poly,4,3,0.0,((x0 * (-2.71 + x0)) * (x0)^2),1646459.4667631118,SR (ours),1.1504495006253565e-24,6.98741465459277e-31,True,0.126*((((x0 - (x0)^2) * 2.82) + x0))^2 + -1.84*x0^2,6.0,k_ex=4+dedup,5.499152660369873
20260759,1,poly,4,3,0.0,((x0 * (-2.71 + x0)) * (x0)^2),1646459.4667631118,polynomial,0.0002089202581129799,1.2689061730970557e-10,False,"{'degree': 4, 'alpha': 0.0001}",,,0.4782118797302246
20260759,1,poly,4,3,0.0,((x0 * (-2.71 + x0)) * (x0)^2),1646459.4667631118,random_forest,3472839.17417807,2.1092770543605086,False,{'max_depth': 8},,,6.611773252487183
20260759,1,poly,4,3,0.0,((x0 * (-2.71 + x0)) * (x0)^2),1646459.4667631118,mlp,1676654.902091474,1.0183396165760008,False,"{'hidden': (64, 64), 'alpha': 0.01}",,,84.14641690254211
20260760,1,poly,4,2,0.0,((x0 - ((-2.17)^2 - -1.48)))^2,6504.046174628493,SR (ours),2.686734028675143e-26,4.1308655512867844e-30,True,-6.19*x0 + 38.3 + -6.19*x0 + 1*x0^2,2.0,k_ex=4+dedup,0.0077817440032958984
20260760,1,poly,4,2,0.0,((x0 - ((-2.17)^2 - -1.48)))^2,6504.046174628493,polynomial,5.234593124735047e-09,8.048210274328263e-13,False,"{'degree': 2, 'alpha': 0.0001}",,,0.5147137641906738
20260760,1,poly,4,2,0.0,((x0 - ((-2.17)^2 - -1.48)))^2,6504.046174628493,random_forest,931.5998909966564,0.14323389871226874,False,{'max_depth': None},,,7.580655097961426
20260760,1,poly,4,2,0.0,((x0 - ((-2.17)^2 - -1.48)))^2,6504.046174628493,mlp,64.18774937095131,0.00986889509200289,False,"{'hidden': (64, 64), 'alpha': 0.01}",,,87.2097749710083
20260761,1,poly,4,3,0.0,((x0 + x0) + ((-2.06 * x0) * x0)),726.3245504550289,SR (ours),1.826015780360337e-27,2.514049372579203e-30,True,1*x0 + 1*x0 + -2.06*x0^2,2.0,k_ex=4+dedup,0.009501934051513672
20260761,1,poly,4,3,0.0,((x0 + x0) + ((-2.06 * x0) * x0)),726.3245504550289,polynomial,4.037307808905338e-09,5.558545152268417e-12,False,"{'degree': 2, 'alpha': 0.0001}",,,0.5473020076751709
20260761,1,poly,4,3,0.0,((x0 + x0) + ((-2.06 * x0) * x0)),726.3245504550289,random_forest,2069.356474432764,2.8490796203107145,False,{'max_depth': 8},,,8.482103109359741
20260761,1,poly,4,3,0.0,((x0 + x0) + ((-2.06 * x0) * x0)),726.3245504550289,mlp,258.4054112599219,0.3557712748357958,False,"{'hidden': (256,), 'alpha': 0.0001}",,,68.33789610862732
20260762,1,poly,6,4,0.0,(x0 + ((((x0 - 2.05) + (x0 - 0.21)) + x0))^2),18527.51319036128,SR (ours),3.49907143119832e-26,1.8885812657354743e-30,True,-6.28*x0 + 5.11 + -6.28*x0 + 9*x0^2,2.0,poly_deg=3,0.03233194351196289
20260762,1,poly,6,4,0.0,(x0 + ((((x0 - 2.05) + (x0 - 0.21)) + x0))^2),18527.51319036128,polynomial,7.013750303381194e-08,3.785586457998052e-12,False,"{'degree': 2, 'alpha': 0.0001}",,,0.6855039596557617
20260762,1,poly,6,4,0.0,(x0 + ((((x0 - 2.05) + (x0 - 0.21)) + x0))^2),18527.51319036128,random_forest,43289.379273089755,2.336491618076977,False,{'max_depth': 8},,,7.561910152435303
20260762,1,poly,6,4,0.0,(x0 + ((((x0 - 2.05) + (x0 - 0.21)) + x0))^2),18527.51319036128,mlp,7576.489851794831,0.4089318287861973,False,"{'hidden': (64, 64), 'alpha': 0.01}",,,73.60376310348511
20260763,1,poly,6,2,0.0,(((x0 + x0) - ((x0)^2 - (x0)^2)))^2,2003.1300867963091,SR (ours),1.6124316902717481e-27,8.049560539777917e-31,True,4*x0^2,1.0,k_ex=4+dedup,0.02548503875732422
20260763,1,poly,6,2,0.0,(((x0 + x0) - ((x0)^2 - (x0)^2)))^2,2003.1300867963091,polynomial,1.3802812061389925e-08,6.890621908368091e-12,False,"{'degree': 2, 'alpha': 0.0001}",,,0.6022219657897949
20260763,1,poly,6,2,0.0,(((x0 + x0) - ((x0)^2 - (x0)^2)))^2,2003.1300867963091,random_forest,7692.048921600819,3.8400146711904464,False,{'max_depth': 8},,,7.500064849853516
20260763,1,poly,6,2,0.0,(((x0 + x0) - ((x0)^2 - (x0)^2)))^2,2003.1300867963091,mlp,1186.6750014814038,0.5924103528290084,False,"{'hidden': (256,), 'alpha': 0.0001}",,,66.40676498413086
20260764,1,poly,6,3,0.0,((x0 - (x0 + 0.4)) * (((x0)^2 * x0) - 0.59)),14273.597608176464,SR (ours),1.2391032668759043e-27,8.681085882413404e-32,True,0.236 + -0.4*x0^3,1.0,poly_deg=3,0.015299081802368164
20260764,1,poly,6,3,0.0,((x0 - (x0 + 0.4)) * (((x0)^2 * x0) - 0.59)),14273.597608176464,polynomial,2.1824608016828438e-07,1.5290194256510684e-11,False,"{'degree': 3, 'alpha': 0.0001}",,,0.575035810470581
20260764,1,poly,6,3,0.0,((x0 - (x0 + 0.4)) * (((x0)^2 * x0) - 0.59)),14273.597608176464,random_forest,6226.4959865578,0.4362247106497541,False,{'max_depth': 8},,,7.882597923278809
20260764,1,poly,6,3,0.0,((x0 - (x0 + 0.4)) * (((x0)^2 * x0) - 0.59)),14273.597608176464,mlp,2173.7442285461107,0.15229126448828195,False,"{'hidden': (256,), 'alpha': 0.0001}",,,55.30201697349548
20260765,1,poly,6,4,0.0,((((x0 * x0))^2 + -1.78) + (-2.1 - (x0)^2)),889216.0513395818,SR (ours),1.3333137693428288e-24,1.499426115097928e-30,True,1*((x0)^2)^2 + -3.88 + -1*x0^2,3.0,k_ex=4+dedup,0.019616127014160156
20260765,1,poly,6,4,0.0,((((x0 * x0))^2 + -1.78) + (-2.1 - (x0)^2)),889216.0513395818,polynomial,0.00018331274388592878,2.0615096141120339e-10,False,"{'degree': 4, 'alpha': 0.0001}",,,1.0452938079833984
20260765,1,poly,6,4,0.0,((((x0 * x0))^2 + -1.78) + (-2.1 - (x0)^2)),889216.0513395818,random_forest,2641067.803436054,2.970108107537365,False,{'max_depth': 8},,,6.802534103393555
20260765,1,poly,6,4,0.0,((((x0 * x0))^2 + -1.78) + (-2.1 - (x0)^2)),889216.0513395818,mlp,2038097.4201047667,2.292016003348594,False,"{'hidden': (256,), 'alpha': 0.0001}",,,59.19583010673523
20260766,1,poly,6,5,0.0,((1.65 - -2.29) - (x0 + (((x0 * x0) - x0) * x0))),96359.607513842,SR (ours),3.9780677728485183e-26,4.12835613955471e-31,True,-0.5*x0 + 3.94 + -0.5*x0 + 1*x0^2 + -1*x0^3,3.0,poly_deg=3,0.013857126235961914
20260766,1,poly,6,5,0.0,((1.65 - -2.29) - (x0 + (((x0 * x0) - x0) * x0))),96359.607513842,polynomial,1.1835569088040974e-06,1.2282707862151475e-11,False,"{'degree': 3, 'alpha': 0.0001}",,,0.41066908836364746
20260766,1,poly,6,5,0.0,((1.65 - -2.29) - (x0 + (((x0 * x0) - x0) * x0))),96359.607513842,random_forest,41967.93305960995,0.4355344956503822,False,{'max_depth': 8},,,4.274959087371826
20260766,1,poly,6,5,0.0,((1.65 - -2.29) - (x0 + (((x0 * x0) - x0) * x0))),96359.607513842,mlp,25020.956818567538,0.25966229485703635,False,"{'hidden': (256,), 'alpha': 0.0001}",,,56.28282904624939
20260767,1,poly,6,4,0.0,((x0 + x0) - (((x0 - x0) - (x0 - -1.62)))^2),167.09786886470238,SR (ours),1.9829991004993184e-28,1.1867291390202797e-30,True,-0.62*x0 + -2.62 + -0.62*x0 + -1*x0^2,2.0,k_ex=4+dedup,0.008396148681640625
20260767,1,poly,6,4,0.0,((x0 + x0) - (((x0 - x0) - (x0 - -1.62)))^2),167.09786886470238,polynomial,8.872127943673897e-10,5.309539854668989e-12,False,"{'degree': 2, 'alpha': 0.0001}",,,0.4776010513305664
20260767,1,poly,6,4,0.0,((x0 + x0) - (((x0 - x0) - (x0 - -1.62)))^2),167.09786886470238,random_forest,502.1599232183395,3.0051844863738735,False,{'max_depth': 8},,,4.748044013977051
20260767,1,poly,6,4,0.0,((x0 + x0) - (((x0 - x0) - (x0 - -1.62)))^2),167.09786886470238,mlp,58.00221088613128,0.34711520428243847,False,"{'hidden': (256,), 'alpha': 0.0001}",,,44.921587228775024
20260768,1,poly,6,3,0.0,(((x0)^2 + (x0 - (x0 * x0))) * (-1.83 * x0)),420.9607859426145,SR (ours),9.83906764036907e-28,2.3372884052222227e-30,True,-1.83*x0^2,1.0,k_ex=4+dedup,0.005353212356567383
20260768,1,poly,6,3,0.0,(((x0)^2 + (x0 - (x0 * x0))) * (-1.83 * x0)),420.9607859426145,polynomial,2.5588307092031595e-09,6.078548868805989e-12,False,"{'degree': 2, 'alpha': 0.0001}",,,0.24779105186462402
20260768,1,poly,6,3,0.0,(((x0)^2 + (x0 - (x0 * x0))) * (-1.83 * x0)),420.9607859426145,random_forest,1460.878600355703,3.4703436736619224,False,{'max_depth': 8},,,4.627456903457642
20260768,1,poly,6,3,0.0,(((x0)^2 + (x0 - (x0 * x0))) * (-1.83 * x0)),420.9607859426145,mlp,177.00197401901065,0.42047140714702963,False,"{'hidden': (256,), 'alpha': 0.0001}",,,47.38168811798096
20260769,1,poly,6,6,0.0,((x0 * (x0 + 0.7)) - ((x0 + (x0)^2))^2),1520099.2205246282,SR (ours),1.9185097214975007e-26,1.2620950630021176e-32,True,-1*(((x0)^2 + x0))^2 + 0.7*x0 + 1*x0^2,5.0,k_ex=4+dedup,0.04907107353210449
20260769,1,poly,6,6,0.0,((x0 * (x0 + 0.7)) - ((x0 + (x0)^2))^2),1520099.2205246282,polynomial,0.0001990475451611407,1.3094378476981515e-10,False,"{'degree': 4, 'alpha': 0.0001}",,,0.293410062789917
20260769,1,poly,6,6,0.0,((x0 * (x0 + 0.7)) - ((x0 + (x0)^2))^2),1520099.2205246282,random_forest,3519290.061928025,2.3151712825123485,False,{'max_depth': 8},,,4.558470249176025
20260769,1,poly,6,6,0.0,((x0 * (x0 + 0.7)) - ((x0 + (x0)^2))^2),1520099.2205246282,mlp,2678191.7659166334,1.7618532591525937,False,"{'hidden': (256,), 'alpha': 0.0001}",,,53.85360836982727
20260770,1,poly,6,4,0.0,(((-1.21)^2 + x0) + ((x0 + (x0 * x0)) - -0.21)),296.2727247390794,SR (ours),2.3250689105257797e-27,7.847731891531408e-30,True,1*x0 + 1.67 + 1*x0 + 1*x0^2,2.0,k_ex=4+dedup,0.013324975967407227
20260770,1,poly,6,4,0.0,(((-1.21)^2 + x0) + ((x0 + (x0 * x0)) - -0.21)),296.2727247390794,polynomial,8.006186211964845e-10,2.702302825552271e-12,False,"{'degree': 2, 'alpha': 0.0001}",,,0.3330819606781006
20260770,1,poly,6,4,0.0,(((-1.21)^2 + x0) + ((x0 + (x0 * x0)) - -0.21)),296.2727247390794,random_forest,476.98302828951444,1.6099457981141614,False,{'max_depth': 8},,,4.2481372356414795
20260770,1,poly,6,4,0.0,(((-1.21)^2 + x0) + ((x0 + (x0 * x0)) - -0.21)),296.2727247390794,mlp,72.19626524816417,0.24368178107433197,False,"{'hidden': (64, 64), 'alpha': 0.01}",,,35.296401023864746
20260771,1,poly,6,4,0.0,(((((x0 * -0.32))^2 + x0) + x0) + (-0.54 - x0)),42.81583633332046,SR (ours),1.8391783559722572e-28,4.295556302238941e-30,True,0.5*x0 + -0.54 + 0.5*x0 + 0.102*x0^2,2.0,k_ex=4+dedup,0.005822420120239258
20260771,1,poly,6,4,0.0,(((((x0 * -0.32))^2 + x0) + x0) + (-0.54 - x0)),42.81583633332046,polynomial,2.7624207398243724e-11,6.451866824039078e-13,False,"{'degree': 2, 'alpha': 0.0001}",,,0.3683288097381592
20260771,1,poly,6,4,0.0,(((((x0 * -0.32))^2 + x0) + x0) + (-0.54 - x0)),42.81583633332046,random_forest,6.837457744913829,0.1596945973841163,False,{'max_depth': 8},,,4.207705020904541
20260771,1,poly,6,4,0.0,(((((x0 * -0.32))^2 + x0) + x0) + (-0.54 - x0)),42.81583633332046,mlp,1.3880001198706384,0.03241791446195478,False,"{'hidden': (256,), 'alpha': 0.0001}",,,11.403503179550171
20260772,1,poly,6,5,0.0,(((x0 - 1.6) - x0) - ((x0)^2 + (x0 + x0))),294.2076528276683,SR (ours),1.6728781571343082e-28,5.6860456927481555e-31,True,-1*x0 + -1.6 + -1*x0 + -1*x0^2,2.0,k_ex=4+dedup,0.0061190128326416016
20260772,1,poly,6,5,0.0,(((x0 - 1.6) - x0) - ((x0)^2 + (x0 + x0))),294.2076528276683,polynomial,1.3589864298767004e-09,4.6191403140445314e-12,False,"{'degree': 2, 'alpha': 0.0001}",,,0.3018617630004883
20260772,1,poly,6,5,0.0,(((x0 - 1.6) - x0) - ((x0)^2 + (x0 + x0))),294.2076528276683,random_forest,554.3997081647536,1.8843823498007117,False,{'max_depth': 8},,,4.066377878189087
20260772,1,poly,6,5,0.0,(((x0 - 1.6) - x0) - ((x0)^2 + (x0 + x0))),294.2076528276683,mlp,93.07698455206967,0.31636493360214996,False,"{'hidden': (64, 64), 'alpha': 0.0001}",,,38.54529905319214
20260773,1,poly,6,4,0.0,((((x0)^2 + x0) + ((-0.53 - -2.77))^2))^2,1846105.6111308832,SR (ours),9.297703955552098e-25,5.036387896495549e-31,True,1*((x0)^2)^2 + 25.2 + 10*x0 + 11*x0^2 + 2*x0^3,5.0,poly_deg=3,0.014438152313232422
20260773,1,poly,6,4,0.0,((((x0)^2 + x0) + ((-0.53 - -2.77))^2))^2,1846105.6111308832,polynomial,7.839561432445785e-05,4.2465400598850055e-11,False,"{'degree': 4, 'alpha': 0.0001}",,,0.31889891624450684
20260773,1,poly,6,4,0.0,((((x0)^2 + x0) + ((-0.53 - -2.77))^2))^2,1846105.6111308832,random_forest,4177111.0133195184,2.262660916111247,False,{'max_depth': 8},,,4.542068958282471
20260773,1,poly,6,4,0.0,((((x0)^2 + x0) + ((-0.53 - -2.77))^2))^2,1846105.6111308832,mlp,2167923.9998392574,1.1743228484697772,False,"{'hidden': (64, 64), 'alpha': 0.01}",,,58.7034056186676
20260774,1,poly,6,2,0.0,((((-2.18)^2)^2 + (x0)^2) + (2.14 - 1.01)),121.79361605327247,SR (ours),2.104286464677049e-28,1.7277477530157533e-30,True,23.7 + 1*x0^2,1.0,k_ex=4+dedup,0.00589299201965332
20260774,1,poly,6,2,0.0,((((-2.18)^2)^2 + (x0)^2) + (2.14 - 1.01)),121.79361605327247,polynomial,9.218386066863128e-10,7.568858176302944e-12,False,"{'degree': 2, 'alpha': 0.0001}",,,0.3890669345855713
20260774,1,poly,6,2,0.0,((((-2.18)^2)^2 + (x0)^2) + (2.14 - 1.01)),121.79361605327247,random_forest,470.3367843255276,3.861752360811773,False,{'max_depth': 8},,,4.509558200836182
20260774,1,poly,6,2,0.0,((((-2.18)^2)^2 + (x0)^2) + (2.14 - 1.01)),121.79361605327247,mlp,104.93411537994837,0.8615731988288305,False,"{'hidden': (256,), 'alpha': 0.0001}",,,42.103657960891724
20260775,1,poly,6,2,0.0,((((x0 * x0) + ((x0 - x0))^2))^2 * 1.46),2158453.5105113965,SR (ours),0.0,0.0,True,1.46*((x0)^2)^2,2.0,k_ex=4+dedup,0.01236104965209961
20260775,1,poly,6,2,0.0,((((x0 * x0) + ((x0 - x0))^2))^2 * 1.46),2158453.5105113965,polynomial,0.00030885395117440605,1.4309038840555343e-10,False,"{'degree': 4, 'alpha': 0.0001}",,,0.4406430721282959
20260775,1,poly,6,2,0.0,((((x0 * x0) + ((x0 - x0))^2))^2 * 1.46),2158453.5105113965,random_forest,6342199.254782282,2.9383070906538276,False,{'max_depth': 8},,,4.813282012939453
20260775,1,poly,6,2,0.0,((((x0 * x0) + ((x0 - x0))^2))^2 * 1.46),2158453.5105113965,mlp,3197687.3387028486,1.481471490180592,False,"{'hidden': (64, 64), 'alpha': 0.01}",,,59.02993083000183
20260776,1,poly,6,5,0.0,(((-1.23 * 2.9) - x0) * ((x0)^2 - (0.63)^2)),94665.7009174111,SR (ours),5.208848557174341e-27,5.502360946673474e-32,True,0.198*x0 + 1.42 + 0.198*x0 + -3.57*x0^2 + -1*x0^3,3.0,poly_deg=3,0.008392095565795898
20260776,1,poly,6,5,0.0,(((-1.23 * 2.9) - x0) * ((x0)^2 - (0.63)^2)),94665.7009174111,polynomial,1.4997191715177294e-06,1.5842265540569173e-11,False,"{'degree': 3, 'alpha': 0.0001}",,,0.4005560874938965
20260776,1,poly,6,5,0.0,(((-1.23 * 2.9) - x0) * ((x0)^2 - (0.63)^2)),94665.7009174111,random_forest,46256.67614885009,0.4886318455425124,False,{'max_depth': None},,,5.03806209564209
20260776,1,poly,6,5,0.0,(((-1.23 * 2.9) - x0) * ((x0)^2 - (0.63)^2)),94665.7009174111,mlp,19059.473221431785,0.20133451753618536,False,"{'hidden': (256,), 'alpha': 0.0001}",,,53.75711417198181
20260777,1,poly,6,2,0.0,((x0 + x0) - (x0 + (((x0)^2)^2 + x0))),1005901.0054465942,SR (ours),2.9762144232178333e-25,2.958754795057065e-31,True,-1*((x0)^2)^2,2.0,k_ex=4+dedup,0.01797199249267578
20260777,1,poly,6,2,0.0,((x0 + x0) - (x0 + (((x0)^2)^2 + x0))),1005901.0054465942,polynomial,0.00017968335299841504,1.786292607577624e-10,False,"{'degree': 4, 'alpha': 0.0001}",,,0.37975215911865234
20260777,1,poly,6,2,0.0,((x0 + x0) - (x0 + (((x0)^2)^2 + x0))),1005901.0054465942,random_forest,3104893.684109418,3.086679173494737,False,{'max_depth': 8},,,4.73911714553833
20260777,1,poly,6,2,0.0,((x0 + x0) - (x0 + (((x0)^2)^2 + x0))),1005901.0054465942,mlp,2454276.883862529,2.439879143746251,False,"{'hidden': (256,), 'alpha': 0.0001}",,,60.147818088531494
20260778,1,poly,6,4,0.0,(((0.32 - x0) + ((1.97 - x0) * 0.79)) + (x0 * x0)),281.90965871305593,SR (ours),1.0846837446788912e-27,3.8476288809350286e-30,True,-0.895*x0 + 1.88 + -0.895*x0 + 1*x0^2,2.0,k_ex=4+dedup,0.006609201431274414
20260778,1,poly,6,4,0.0,(((0.32 - x0) + ((1.97 - x0) * 0.79)) + (x0 * x0)),281.90965871305593,polynomial,9.071678164966033e-10,3.217938046670375e-12,False,"{'degree': 2, 'alpha': 0.0001}",,,0.42425012588500977
20260778,1,poly,6,4,0.0,(((0.32 - x0) + ((1.97 - x0) * 0.79)) + (x0 * x0)),281.90965871305593,random_forest,538.6769874833101,1.9108142301417452,False,{'max_depth': 8},,,4.31508207321167
20260778,1,poly,6,4,0.0,(((0.32 - x0) + ((1.97 - x0) * 0.79)) + (x0 * x0)),281.90965871305593,mlp,59.72804890941903,0.21186946620446842,False,"{'hidden': (64, 64), 'alpha': 0.0001}",,,36.6777229309082
20260779,1,poly,6,1,0.0,(((((x0 - x0))^2)^2)^2 + (x0)^2),127.70102149672178,SR (ours),3.907326671172824e-28,3.0597458229988626e-30,True,1*x0^2,1.0,k_ex=4+dedup,0.02406597137451172
20260779,1,poly,6,1,0.0,(((((x0 - x0))^2)^2)^2 + (x0)^2),127.70102149672178,polynomial,7.53858900343451e-10,5.903311434065571e-12,False,"{'degree': 2, 'alpha': 0.0001}",,,0.492279052734375
20260779,1,poly,6,1,0.0,(((((x0 - x0))^2)^2)^2 + (x0)^2),127.70102149672178,random_forest,456.99673157551723,3.5786458574824227,False,{'max_depth': 8},,,4.584192991256714
20260779,1,poly,6,1,0.0,(((((x0 - x0))^2)^2)^2 + (x0)^2),127.70102149672178,mlp,47.73319420662378,0.373788663921135,False,"{'hidden': (256,), 'alpha': 0.0001}",,,40.03188419342041
20260780,1,poly,6,5,0.0,(((-2.11 - x0))^2 + ((x0)^2 - (0.88)^2)),1145.4211021245312,SR (ours),3.556579391188932e-27,3.105040918656183e-30,True,2.11*x0 + 3.68 + 2.11*x0 + 2*x0^2,2.0,k_ex=4+dedup,0.0060422420501708984
20260780,1,poly,6,5,0.0,(((-2.11 - x0))^2 + ((x0)^2 - (0.88)^2)),1145.4211021245312,polynomial,2.838004960139364e-09,2.4776957180860575e-12,False,"{'degree': 2, 'alpha': 0.0001}",,,0.36444902420043945
20260780,1,poly,6,5,0.0,(((-2.11 - x0))^2 + ((x0)^2 - (0.88)^2)),1145.4211021245312,random_forest,1849.6189255988738,1.614793827499942,False,{'max_depth': 8},,,4.333536148071289
20260780,1,poly,6,5,0.0,(((-2.11 - x0))^2 + ((x0)^2 - (0.88)^2)),1145.4211021245312,mlp,324.5196934963532,0.28331911547153527,False,"{'hidden': (64, 64), 'alpha': 0.01}",,,49.78010821342468
20260781,1,poly,6,5,0.0,(((x0 + x0) * x0) + ((2.71 - x0) - (-2.17 + x0))),709.9405525637535,SR (ours),9.65960178443129e-28,1.36062121674108e-30,True,-1*x0 + 4.88 + -1*x0 + 2*x0^2,2.0,k_ex=4+dedup,0.005407094955444336
20260781,1,poly,6,5,0.0,(((x0 + x0) * x0) + ((2.71 - x0) - (-2.17 + x0))),709.9405525637535,polynomial,3.2298415234636383e-09,4.549453488464578e-12,False,"{'degree': 2, 'alpha': 0.0001}",,,0.41796016693115234
20260781,1,poly,6,5,0.0,(((x0 + x0) * x0) + ((2.71 - x0) - (-2.17 + x0))),709.9405525637535,random_forest,1953.5059865711673,2.751647274573374,False,{'max_depth': 8},,,5.169456243515015
20260781,1,poly,6,5,0.0,(((x0 + x0) * x0) + ((2.71 - x0) - (-2.17 + x0))),709.9405525637535,mlp,250.2984893734698,0.352562603262465,False,"{'hidden': (64, 64), 'alpha': 0.0001}",,,51.84540271759033
20260782,1,poly,6,4,0.0,((x0 - ((x0 - x0) - (x0 + (x0)^2))))^2,3149590.547280697,SR (ours),2.3702272530451565e-24,7.525509165283628e-31,True,1*(((x0 - ((x0)^2 * -1)) + x0))^2,5.0,k_ex=4+dedup,3.5152859687805176
20260782,1,poly,6,4,0.0,((x0 - ((x0 - x0) - (x0 + (x0)^2))))^2,3149590.547280697,polynomial,0.00017247149454255163,5.475997338494065e-11,False,"{'degree': 4, 'alpha': 0.0001}",,,0.3593571186065674
20260782,1,poly,6,4,0.0,((x0 - ((x0 - x0) - (x0 + (x0)^2))))^2,3149590.547280697,random_forest,4455666.407402045,1.4146811595078579,False,{'max_depth': None},,,4.605497121810913
20260782,1,poly,6,4,0.0,((x0 - ((x0 - x0) - (x0 + (x0)^2))))^2,3149590.547280697,mlp,2336590.590355209,0.74187122271261,False,"{'hidden': (64, 64), 'alpha': 0.01}",,,58.04125499725342
20260783,1,poly,6,5,0.0,(((((2.81 - x0) + -1.83) + (x0 * x0)))^2 * 0.7),787380.371975846,SR (ours),1.9739950421271258e-24,2.5070412120810156e-30,True,0.7*((x0)^2)^2 + 0.672 + -1.37*x0 + 2.07*x0^2 + -1.4*x0^3,5.0,poly_deg=3,0.025993824005126953
20260783,1,poly,6,5,0.0,(((((2.81 - x0) + -1.83) + (x0 * x0)))^2 * 0.7),787380.371975846,polynomial,7.610516413540715e-05,9.665616116951132e-11,False,"{'degree': 4, 'alpha': 0.0001}",,,0.3142688274383545
20260783,1,poly,6,5,0.0,(((((2.81 - x0) + -1.83) + (x0 * x0)))^2 * 0.7),787380.371975846,random_forest,1683869.59363508,2.1385719705072037,False,{'max_depth': 8},,,4.562715768814087
20260783,1,poly,6,5,0.0,(((((2.81 - x0) + -1.83) + (x0 * x0)))^2 * 0.7),787380.371975846,mlp,915124.6356525068,1.1622395835904575,False,"{'hidden': (64, 64), 'alpha': 0.01}",,,60.21375584602356
20260784,1,poly,6,4,0.0,((2.26 + x0) - (((x0 - x0) + (0.43 + x0)))^2),128.3688267184823,SR (ours),5.469764301576191e-28,4.260975535416859e-30,True,0.07*x0 + 2.08 + 0.07*x0 + -1*x0^2,2.0,k_ex=4+dedup,0.013161897659301758
20260784,1,poly,6,4,0.0,((2.26 + x0) - (((x0 - x0) + (0.43 + x0)))^2),128.3688267184823,polynomial,8.210031752309817e-10,6.395658480477296e-12,False,"{'degree': 2, 'alpha': 0.0001}",,,0.3954610824584961
20260784,1,poly,6,4,0.0,((2.26 + x0) - (((x0 - x0) + (0.43 + x0)))^2),128.3688267184823,random_forest,450.94237826281903,3.512865154183833,False,{'max_depth': 8},,,4.962000131607056
20260784,1,poly,6,4,0.0,((2.26 + x0) - (((x0 - x0) + (0.43 + x0)))^2),128.3688267184823,mlp,42.94844625291877,0.33457068472789225,False,"{'hidden': (256,), 'alpha': 0.0001}",,,31.122426748275757
20260785,1,poly,6,6,0.0,(1.61 + ((1.23 * (x0 - (x0 * x0))) * (1.08 - x0))),141598.6828158124,SR (ours),2.202957186702093e-25,1.5557751971235763e-30,True,1.23*((x0)^2 * x0) + 1.61 + 1.33*x0 + -2.56*x0^2,4.0,k_ex=4+dedup,0.01901984214782715
20260785,1,poly,6,6,0.0,(1.61 + ((1.23 * (x0 - (x0 * x0))) * (1.08 - x0))),141598.6828158124,polynomial,1.2681163013147815e-06,8.955706904168816e-12,False,"{'degree': 3, 'alpha': 0.0001}",,,0.46248507499694824
20260785,1,poly,6,6,0.0,(1.61 + ((1.23 * (x0 - (x0 * x0))) * (1.08 - x0))),141598.6828158124,random_forest,58940.09730466082,0.4162474970288279,False,{'max_depth': 8},,,4.804811239242554
20260785,1,poly,6,6,0.0,(1.61 + ((1.23 * (x0 - (x0 * x0))) * (1.08 - x0))),141598.6828158124,mlp,43614.82500169892,0.30801716608078805,False,"{'hidden': (256,), 'alpha': 0.0001}",,,55.82519602775574
20260786,1,poly,6,4,0.0,(((x0 + (x0)^2) * (x0 + x0)) + (x0)^2),372501.70695117046,SR (ours),2.6682431258195503e-26,7.16303597011253e-32,True,2*((x0)^2 * x0) + 3*x0^2,3.0,k_ex=4+dedup,0.015536308288574219
20260786,1,poly,6,4,0.0,(((x0 + (x0)^2) * (x0 + x0)) + (x0)^2),372501.70695117046,polynomial,4.125371472963684e-06,1.1074771996962848e-11,False,"{'degree': 3, 'alpha': 0.0001}",,,0.38381385803222656
20260786,1,poly,6,4,0.0,(((x0 + (x0)^2) * (x0 + x0)) + (x0)^2),372501.70695117046,random_forest,159571.94024079296,0.42837908461372637,False,{'max_depth': 8},,,5.49782395362854
20260786,1,poly,6,4,0.0,(((x0 + (x0)^2) * (x0 + x0)) + (x0)^2),372501.70695117046,mlp,136746.74885999487,0.3671036838441129,False,"{'hidden': (256,), 'alpha': 0.0001}",,,51.55953884124756
20260787,1,poly,8,4,0.0,((x0)^2 - ((2.74 + x0) * ((x0 * x0) - ((x0)^2 + 2.74)))),463.6290785468634,SR (ours),6.182204306603917e-28,1.3334375673718711e-30,True,1.37*x0 + 7.51 + 1.37*x0 + 1*x0^2,2.0,k_ex=4+dedup,0.017518043518066406
20260787,1,poly,8,4,0.0,((x0)^2 - ((2.74 + x0) * ((x0 * x0) - ((x0)^2 + 2.74)))),463.6290785468634,polynomial,1.271984207572424e-09,2.7435384587160927e-12,False,"{'degree': 2, 'alpha': 0.0001}",,,0.38244080543518066
20260787,1,poly,8,4,0.0,((x0)^2 - ((2.74 + x0) * ((x0 * x0) - ((x0)^2 + 2.74)))),463.6290785468634,random_forest,547.252090431878,1.180366193050512,False,{'max_depth': 8},,,5.189227819442749
20260787,1,poly,8,4,0.0,((x0)^2 - ((2.74 + x0) * ((x0 * x0) - ((x0)^2 + 2.74)))),463.6290785468634,mlp,83.4686928152442,0.18003334276801022,False,"{'hidden': (64, 64), 'alpha': 0.0001}",,,45.38286375999451
20260788,1,poly,8,6,0.0,((((x0)^2 + (1.45 + x0)) * (x0 + (x0 - x0))) + (x0 + -0.87)),104419.19114287794,SR (ours),6.889911146200317e-27,6.598318825102538e-32,True,1.22*x0 + -0.87 + 1.23*x0 + 1*x0^2 + 1*x0^3,3.0,poly_deg=3,0.009645223617553711
20260788,1,poly,8,6,0.0,((((x0)^2 + (1.45 + x0)) * (x0 + (x0 - x0))) + (x0 + -0.87)),104419.19114287794,polynomial,9.242478961292442e-07,8.851322118216617e-12,False,"{'degree': 3, 'alpha': 0.0001}",,,0.38350892066955566
20260788,1,poly,8,6,0.0,((((x0)^2 + (1.45 + x0)) * (x0 + (x0 - x0))) + (x0 + -0.87)),104419.19114287794,random_forest,43863.770981120644,0.4200738437161552,False,{'max_depth': 8},,,5.270349025726318
20260788,1,poly,8,6,0.0,((((x0)^2 + (1.45 + x0)) * (x0 + (x0 - x0))) + (x0 + -0.87)),104419.19114287794,mlp,39270.81827313178,0.3760881294262956,False,"{'hidden': (256,), 'alpha': 0.0001}",,,54.65379190444946
20260789,1,poly,8,5,0.0,(x0 + ((x0 * (((-1.01)^2)^2 - (-2.12 * (x0 * x0)))) + -2.32)),437387.8187884711,SR (ours),8.292505835683276e-27,1.8959160450907952e-32,True,2.12*((x0)^2 * x0) + -2.32 + 2.04*x0,3.0,k_ex=4+dedup,0.0074307918548583984
20260789,1,poly,8,5,0.0,(x0 + ((x0 * (((-1.01)^2)^2 - (-2.12 * (x0 * x0)))) + -2.32)),437387.8187884711,polynomial,4.371420848424379e-06,9.994381783500193e-12,False,"{'degree': 3, 'alpha': 0.0001}",,,0.3531928062438965
20260789,1,poly,8,5,0.0,(x0 + ((x0 * (((-1.01)^2)^2 - (-2.12 * (x0 * x0)))) + -2.32)),437387.8187884711,random_forest,181722.8959110899,0.41547315244043065,False,{'max_depth': 8},,,4.674489736557007
20260789,1,poly,8,5,0.0,(x0 + ((x0 * (((-1.01)^2)^2 - (-2.12 * (x0 * x0)))) + -2.32)),437387.8187884711,mlp,83387.1355299303,0.1906480517928138,False,"{'hidden': (64, 64), 'alpha': 0.01}",,,55.545005083084106
20260790,1,poly,8,3,0.0,((1.4)^2 + ((x0)^2 - (((-2.98)^2 + x0) + (-1.73)^2))),162.89710318288544,SR (ours),2.4380732351986896e-28,1.4966952680929211e-30,True,-0.5*x0 + -9.91 + -0.5*x0 + 1*x0^2,2.0,k_ex=4+dedup,0.005131721496582031
20260790,1,poly,8,3,0.0,((1.4)^2 + ((x0)^2 - (((-2.98)^2 + x0) + (-1.73)^2))),162.89710318288544,polynomial,7.166733655668118e-10,4.399546410363104e-12,False,"{'degree': 2, 'alpha': 0.0001}",,,0.37465977668762207
20260790,1,poly,8,3,0.0,((1.4)^2 + ((x0)^2 - (((-2.98)^2 + x0) + (-1.73)^2))),162.89710318288544,random_forest,448.4787391639225,2.7531412799920267,False,{'max_depth': 8},,,4.726180076599121
20260790,1,poly,8,3,0.0,((1.4)^2 + ((x0)^2 - (((-2.98)^2 + x0) + (-1.73)^2))),162.89710318288544,mlp,38.3159378067837,0.23521558737460294,False,"{'hidden': (256,), 'alpha': 0.0001}",,,33.78125214576721
20260791,1,poly,8,7,0.0,((x0 - x0) - ((((x0)^2 - 1.48) - x0) * (x0 * (-1.85 * x0)))),3575206.377514654,SR (ours),1.1275889426807758e-23,3.153912875554424e-30,True,-1.85*((x0 - (x0)^2) * (x0)^2) + -2.74*x0^2,5.0,k_ex=4+dedup,0.04724001884460449
20260791,1,poly,8,7,0.0,((x0 - x0) - ((((x0)^2 - 1.48) - x0) * (x0 * (-1.85 * x0)))),3575206.377514654,polynomial,0.0008992753131064402,2.5153102175085676e-10,False,"{'degree': 4, 'alpha': 0.0001}",,,0.3923041820526123
20260791,1,poly,8,7,0.0,((x0 - x0) - ((((x0)^2 - 1.48) - x0) * (x0 * (-1.85 * x0)))),3575206.377514654,random_forest,10178841.299638413,2.8470639803217046,False,{'max_depth': 8},,,4.349716901779175
20260791,1,poly,8,7,0.0,((x0 - x0) - ((((x0)^2 - 1.48) - x0) * (x0 * (-1.85 * x0)))),3575206.377514654,mlp,5960903.411838675,1.667289320506993,False,"{'hidden': (64, 64), 'alpha': 0.01}",,,55.06381416320801
20260792,1,poly,8,2,0.0,((x0 + ((x0 + x0) * (-2.15 + (((1.08)^2 * 1.68))^2))))^2,46497.42557099023,SR (ours),1.5301377206390922e-25,3.2908009461791496e-30,True,19.2*x0^2,1.0,k_ex=4+dedup,0.005866050720214844
20260792,1,poly,8,2,0.0,((x0 + ((x0 + x0) * (-2.15 + (((1.08)^2 * 1.68))^2))))^2,46497.42557099023,polynomial,3.133019029352736e-07,6.738048377687879e-12,False,"{'degree': 2, 'alpha': 0.0001}",,,0.3436720371246338
20260792,1,poly,8,2,0.0,((x0 + ((x0 + x0) * (-2.15 + (((1.08)^2 * 1.68))^2))))^2,46497.42557099023,random_forest,172853.02967863498,3.717475269995982,False,{'max_depth': 8},,,4.338673830032349
20260792,1,poly,8,2,0.0,((x0 + ((x0 + x0) * (-2.15 + (((1.08)^2 * 1.68))^2))))^2,46497.42557099023,mlp,28903.022092435007,0.6216047821466404,False,"{'hidden': (64, 64), 'alpha': 0.0001}",,,59.4940071105957
20260793,1,poly,8,2,0.0,((2.75 + (-1.51 + 2.72)) + (((x0 + ((x0 - x0) * 1.54)))^2)^2),987066.1246366262,SR (ours),1.008631242528344e-24,1.0218476932329702e-30,True,1*((x0)^2)^2 + 3.96,2.0,k_ex=4+dedup,0.017277956008911133
20260793,1,poly,8,2,0.0,((2.75 + (-1.51 + 2.72)) + (((x0 + ((x0 - x0) * 1.54)))^2)^2),987066.1246366262,polynomial,0.00012483367502849635,1.2646941467518402e-10,False,"{'degree': 4, 'alpha': 0.0001}",,,0.39259791374206543
20260793,1,poly,8,2,0.0,((2.75 + (-1.51 + 2.72)) + (((x0 + ((x0 - x0) * 1.54)))^2)^2),987066.1246366262,random_forest,3066116.612039379,3.1062930187864812,False,{'max_depth': 8},,,4.355147838592529
20260793,1,poly,8,2,0.0,((2.75 + (-1.51 + 2.72)) + (((x0 + ((x0 - x0) * 1.54)))^2)^2),987066.1246366262,mlp,1652087.9248344554,1.6737358152602462,False,"{'hidden': (64, 64), 'alpha': 0.01}",,,59.91543912887573
20260794,1,poly,8,5,0.0,((-2.86 + x0) + (x0 + (((-1.25 - (x0 - x0)) * (x0 + -1.24)))^2)),430.65798219018984,SR (ours),1.0355771533288832e-27,2.4046394033201625e-30,True,-0.938*x0 + -0.457 + -0.938*x0 + 1.56*x0^2,2.0,k_ex=4+dedup,0.016080856323242188
20260794,1,poly,8,5,0.0,((-2.86 + x0) + (x0 + (((-1.25 - (x0 - x0)) * (x0 + -1.24)))^2)),430.65798219018984,polynomial,2.2480989551660165e-09,5.22014927886138e-12,False,"{'degree': 2, 'alpha': 0.0001}",,,0.3770601749420166
20260794,1,poly,8,5,0.0,((-2.86 + x0) + (x0 + (((-1.25 - (x0 - x0)) * (x0 + -1.24)))^2)),430.65798219018984,random_forest,1278.3848112318758,2.9684456438736286,False,{'max_depth': 8},,,4.769297122955322
20260794,1,poly,8,5,0.0,((-2.86 + x0) + (x0 + (((-1.25 - (x0 - x0)) * (x0 + -1.24)))^2)),430.65798219018984,mlp,144.11024533679335,0.3346280605409759,False,"{'hidden': (256,), 'alpha': 0.0001}",,,46.39337420463562
20260795,1,poly,8,5,0.0,(((x0 * x0) - (x0 + (((-0.45)^2 - (x0 + x0)) - x0))))^2,2995691.09433038,SR (ours),8.432740061082605e-24,2.814956481007784e-30,True,1*((x0)^2)^2 + 0.041 + -0.81*x0 + 3.6*x0^2 + 4*x0^3,5.0,poly_deg=3,3.2901391983032227
20260795,1,poly,8,5,0.0,(((x0 * x0) - (x0 + (((-0.45)^2 - (x0 + x0)) - x0))))^2,2995691.09433038,polynomial,0.00022153513565812986,7.395126155610817e-11,False,"{'degree': 4, 'alpha': 0.0001}",,,0.3446509838104248
20260795,1,poly,8,5,0.0,(((x0 * x0) - (x0 + (((-0.45)^2 - (x0 + x0)) - x0))))^2,2995691.09433038,random_forest,4956339.038403485,1.6544893589942604,False,{'max_depth': 8},,,4.552328109741211
20260795,1,poly,8,5,0.0,(((x0 * x0) - (x0 + (((-0.45)^2 - (x0 + x0)) - x0))))^2,2995691.09433038,mlp,2672062.6701473584,0.8919686930353006,False,"{'hidden': (64, 64), 'alpha': 0.01}",,,59.28015923500061
20260796,1,poly,8,1,0.0,(((x0)^2 + (((x0 + 0.78) * ((x0 - x0))^2))^2))^2,1004577.5493602315,SR (ours),2.605639124381211e-25,2.593766032339286e-31,True,1*((x0)^2)^2,2.0,k_ex=4+dedup,0.015839099884033203
20260796,1,poly,8,1,0.0,(((x0)^2 + (((x0 + 0.78) * ((x0 - x0))^2))^2))^2,1004577.5493602315,polynomial,0.0003073017889080745,3.0590150964829015e-10,False,"{'degree': 4, 'alpha': 0.0001}",,,0.3831291198730469
20260796,1,poly,8,1,0.0,(((x0)^2 + (((x0 + 0.78) * ((x0 - x0))^2))^2))^2,1004577.5493602315,random_forest,3088348.515479972,3.0742758659565874,False,{'max_depth': 8},,,5.778118848800659
20260796,1,poly,8,1,0.0,(((x0)^2 + (((x0 + 0.78) * ((x0 - x0))^2))^2))^2,1004577.5493602315,mlp,1852954.8828858759,1.8445115402647971,False,"{'hidden': (64, 64), 'alpha': 0.0001}",,,59.82928776741028
20260797,1,poly,8,3,0.0,(((x0)^2 * x0) + (((((x0 - x0))^2 + x0))^2)^2),1126122.2044217996,SR (ours),3.35347926253073e-24,2.9778999555847964e-30,True,1*(((x0)^2 + x0) * (x0)^2),4.0,k_ex=4+dedup,0.04656505584716797
20260797,1,poly,8,3,0.0,(((x0)^2 * x0) + (((((x0 - x0))^2 + x0))^2)^2),1126122.2044217996,polynomial,0.00019745238317922027,1.753383268742143e-10,False,"{'degree': 4, 'alpha': 0.0001}",,,0.3464210033416748
20260797,1,poly,8,3,0.0,(((x0)^2 * x0) + (((((x0 - x0))^2 + x0))^2)^2),1126122.2044217996,random_forest,3119304.674111985,2.769952196896404,False,{'max_depth': 8},,,4.787392854690552
20260797,1,poly,8,3,0.0,(((x0)^2 * x0) + (((((x0 - x0))^2 + x0))^2)^2),1126122.2044217996,mlp,1722999.5897113648,1.5300289639489244,False,"{'hidden': (64, 64), 'alpha': 0.01}",,,59.761549949645996
20260798,1,poly,8,8,0.0,(((x0 + x0))^2 + (x0 - ((((x0)^2 - -1.95))^2 - -2.74))),1021290.3134628438,SR (ours),1.0713867052604859e-24,1.0490520581045976e-30,True,-1*((x0)^2)^2 + -6.54 + 1*x0 + 0.1*x0^2,4.0,k_ex=4+dedup,0.029873132705688477
20260798,1,poly,8,8,0.0,(((x0 + x0))^2 + (x0 - ((((x0)^2 - -1.95))^2 - -2.74))),1021290.3134628438,polynomial,0.00018208306981958532,1.7828727778902e-10,False,"{'degree': 4, 'alpha': 0.0001}",,,0.38254570960998535
20260798,1,poly,8,8,0.0,(((x0 + x0))^2 + (x0 - ((((x0)^2 - -1.95))^2 - -2.74))),1021290.3134628438,random_forest,2951801.234677615,2.8902665537569563,False,{'max_depth': 8},,,4.685091972351074
20260798,1,poly,8,8,0.0,(((x0 + x0))^2 + (x0 - ((((x0)^2 - -1.95))^2 - -2.74))),1021290.3134628438,mlp,1658306.4215177593,1.6237365611498,False,"{'hidden': (64, 64), 'alpha': 0.01}",,,59.29052424430847
20260799,1,poly,8,5,0.0,((-2.28 + ((x0 + (x0)^2) - ((x0 - x0) - (x0 + x0)))))^2,3707251.0632189214,SR (ours),4.716246139846117e-24,1.2721679917062612e-30,True,2.25*(((x0 - ((x0)^2 * -0.667)) + x0))^2 + 5.2 + -13.7*x0 + -4.56*x0^2,7.0,k_ex=4+dedup,3.2955050468444824
20260799,1,poly,8,5,0.0,((-2.28 + ((x0 + (x0)^2) - ((x0 - x0) - (x0 + x0)))))^2,3707251.0632189214,polynomial,0.00021540095525564193,5.8102607992406693e-11,False,"{'degree': 4, 'alpha': 0.0001}",,,0.23638701438903809
20260799,1,poly,8,5,0.0,((-2.28 + ((x0 + (x0)^2) - ((x0 - x0) - (x0 + x0)))))^2,3707251.0632189214,random_forest,4024231.7787096025,1.0855028996108653,False,{'max_depth': None},,,4.916121244430542
20260799,1,poly,8,5,0.0,((-2.28 + ((x0 + (x0)^2) - ((x0 - x0) - (x0 + x0)))))^2,3707251.0632189214,mlp,2153288.1106109433,0.5808314769869652,False,"{'hidden': (64, 64), 'alpha': 0.0001}",,,60.419740200042725
20260800,1,poly,8,3,0.0,(((x0 - x0) - (-2.56 * 1.46)) + ((((x0 + x0) + x0) - x0))^2),1771.7681007048986,SR (ours),1.0878391882997753e-27,6.139850852190973e-31,True,3.74 + 4*x0^2,1.0,k_ex=4+dedup,0.12525582313537598
20260800,1,poly,8,3,0.0,(((x0 - x0) - (-2.56 * 1.46)) + ((((x0 + x0) + x0) - x0))^2),1771.7681007048986,polynomial,1.2667914807258537e-08,7.149871815740786e-12,False,"{'degree': 2, 'alpha': 0.0001}",,,0.4290592670440674
20260800,1,poly,8,3,0.0,(((x0 - x0) - (-2.56 * 1.46)) + ((((x0 + x0) + x0) - x0))^2),1771.7681007048986,random_forest,7506.94662287055,4.236980347419004,False,{'max_depth': 8},,,4.242599964141846
20260800,1,poly,8,3,0.0,(((x0 - x0) - (-2.56 * 1.46)) + ((((x0 + x0) + x0) - x0))^2),1771.7681007048986,mlp,1116.1363758193781,0.62995624279234,False,"{'hidden': (64, 64), 'alpha': 0.0001}",,,57.06702899932861
20260801,1,poly,8,5,0.0,((2.49 * (x0 - 0.95)) + ((-0.73 * ((1.75)^2 + x0)) * (-2.5 + x0))),244.56636056812886,SR (ours),8.440441907315504e-28,3.4511867812516474e-30,True,1.04*x0 + 3.22 + 1.04*x0 + -0.73*x0^2,2.0,k_ex=4+dedup,0.01799488067626953
20260801,1,poly,8,5,0.0,((2.49 * (x0 - 0.95)) + ((-0.73 * ((1.75)^2 + x0)) * (-2.5 + x0))),244.56636056812886,polynomial,4.234415284270967e-10,1.7313972675695871e-12,False,"{'degree': 2, 'alpha': 0.0001}",,,0.7029409408569336
20260801,1,poly,8,5,0.0,((2.49 * (x0 - 0.95)) + ((-0.73 * ((1.75)^2 + x0)) * (-2.5 + x0))),244.56636056812886,random_forest,272.57420122692804,1.1145204131661315,False,{'max_depth': 8},,,5.302605152130127
20260801,1,poly,8,5,0.0,((2.49 * (x0 - 0.95)) + ((-0.73 * ((1.75)^2 + x0)) * (-2.5 + x0))),244.56636056812886,mlp,64.64259343771513,0.26431514656206223,False,"{'hidden': (256,), 'alpha': 0.0001}",,,34.626091957092285
20260802,1,poly,8,7,0.0,((1.85 + (x0 * x0)) + ((0.86 - (((2.49 + x0))^2 - 0.92)) * x0)),114016.07019659872,SR (ours),7.361728853613004e-26,6.456746703266586e-31,True,-2.21*x0 + 1.85 + -2.21*x0 + -3.98*x0^2 + -1*x0^3,3.0,poly_deg=3,0.007086753845214844
20260802,1,poly,8,7,0.0,((1.85 + (x0 * x0)) + ((0.86 - (((2.49 + x0))^2 - 0.92)) * x0)),114016.07019659872,polynomial,9.628613290272242e-07,8.444961551182702e-12,False,"{'degree': 3, 'alpha': 0.0001}",,,0.4120368957519531
20260802,1,poly,8,7,0.0,((1.85 + (x0 * x0)) + ((0.86 - (((2.49 + x0))^2 - 0.92)) * x0)),114016.07019659872,random_forest,51942.09149839428,0.4555681616532666,False,{'max_depth': 8},,,5.3601460456848145
20260802,1,poly,8,7,0.0,((1.85 + (x0 * x0)) + ((0.86 - (((2.49 + x0))^2 - 0.92)) * x0)),114016.07019659872,mlp,28865.781392258912,0.25317291976898904,False,"{'hidden': (256,), 'alpha': 0.0001}",,,55.77821683883667
20260803,1,poly,8,3,0.0,(((0.34 - x0) + ((x0)^2)^2) - (((x0 - x0))^2 * x0)),955167.8210190302,SR (ours),2.2637909842691167e-24,2.3700452783825662e-30,True,1*((x0)^2)^2 + 0.34 + -1*x0,3.0,k_ex=4+dedup,0.010861396789550781
20260803,1,poly,8,3,0.0,(((0.34 - x0) + ((x0)^2)^2) - (((x0 - x0))^2 * x0)),955167.8210190302,polynomial,0.00022892065382719884,2.3966537480604464e-10,False,"{'degree': 4, 'alpha': 0.0001}",,,0.3953588008880615
20260803,1,poly,8,3,0.0,(((0.34 - x0) + ((x0)^2)^2) - (((x0 - x0))^2 * x0)),955167.8210190302,random_forest,3126650.62635493,3.273404481967611,False,{'max_depth': 8},,,4.684386968612671
20260803,1,poly,8,3,0.0,(((0.34 - x0) + ((x0)^2)^2) - (((x0 - x0))^2 * x0)),955167.8210190302,mlp,1784726.9006463191,1.8684956312098806,False,"{'hidden': (64, 64), 'alpha': 0.01}",,,59.30921411514282
20260804,1,poly,8,3,0.0,(((x0)^2 + (0.8 * ((x0 - x0))^2)) + ((x0)^2 - x0)),532.3580808588745,SR (ours),1.0280829747292836e-27,1.931186942951324e-30,True,-0.5*x0 + -0.5*x0 + 2*x0^2,2.0,k_ex=4+dedup,0.005815029144287109
20260804,1,poly,8,3,0.0,(((x0)^2 + (0.8 * ((x0 - x0))^2)) + ((x0)^2 - x0)),532.3580808588745,polynomial,3.486799464828855e-09,6.549725814631127e-12,False,"{'degree': 2, 'alpha': 0.0001}",,,0.29804086685180664
20260804,1,poly,8,3,0.0,(((x0)^2 + (0.8 * ((x0 - x0))^2)) + ((x0)^2 - x0)),532.3580808588745,random_forest,1949.087654897183,3.661234280040687,False,{'max_depth': 8},,,4.413141965866089
20260804,1,poly,8,3,0.0,(((x0)^2 + (0.8 * ((x0 - x0))^2)) + ((x0)^2 - x0)),532.3580808588745,mlp,235.0712706881946,0.44156607956235916,False,"{'hidden': (256,), 'alpha': 0.0001}",,,49.815353870391846
20260805,1,poly,8,2,0.0,(((x0 + (-0.23 * ((x0 - x0) + x0))) - ((x0 + x0) - x0)))^2,0.34602478517821533,SR (ours),7.202977992008262e-31,2.081636431996762e-30,True,0.0529*x0^2,1.0,k_ex=4+dedup,0.00548100471496582
20260805,1,poly,8,2,0.0,(((x0 + (-0.23 * ((x0 - x0) + x0))) - ((x0 + x0) - x0)))^2,0.34602478517821533,polynomial,2.3651597377011586e-12,6.835232153913528e-12,False,"{'degree': 2, 'alpha': 0.0001}",,,0.3009531497955322
20260805,1,poly,8,2,0.0,(((x0 + (-0.23 * ((x0 - x0) + x0))) - ((x0 + x0) - x0)))^2,0.34602478517821533,random_forest,1.4046240458800983,4.059316286134433,False,{'max_depth': 8},,,4.549178123474121
20260805,1,poly,8,2,0.0,(((x0 + (-0.23 * ((x0 - x0) + x0))) - ((x0 + x0) - x0)))^2,0.34602478517821533,mlp,0.34724913141136493,1.0035383194661014,False,"{'hidden': (64, 64), 'alpha': 0.01}",,,4.353204965591431
20260806,1,poly,8,2,0.0,((-2.64 * (((((x0 - x0))^2)^2)^2)^2) - (x0)^2),115.3012840607218,SR (ours),1.0432685471547881e-28,9.048195392215801e-31,True,-1*x0^2,1.0,k_ex=4+dedup,0.006452083587646484
20260806,1,poly,8,2,0.0,((-2.64 * (((((x0 - x0))^2)^2)^2)^2) - (x0)^2),115.3012840607218,polynomial,8.376653056397385e-10,7.2650128093854864e-12,False,"{'degree': 2, 'alpha': 0.0001}",,,0.3735530376434326
20260806,1,poly,8,2,0.0,((-2.64 * (((((x0 - x0))^2)^2)^2)^2) - (x0)^2),115.3012840607218,random_forest,544.6457583975886,4.723674700021195,False,{'max_depth': 8},,,5.324927806854248
20260806,1,poly,8,2,0.0,((-2.64 * (((((x0 - x0))^2)^2)^2)^2) - (x0)^2),115.3012840607218,mlp,56.29193278500074,0.48821600941890103,False,"{'hidden': (256,), 'alpha': 0.0001}",,,38.0858998298645
20260807,1,poly,8,4,0.0,(((x0 - x0) + x0) - ((((x0)^2 + -2.37) - x0) - (-2.76)^2)),290.4664341106037,SR (ours),1.7957124282433706e-27,6.1821684620523135e-30,True,1*x0 + 9.99 + 1*x0 + -1*x0^2,2.0,k_ex=4+dedup,0.007905006408691406
20260807,1,poly,8,4,0.0,(((x0 - x0) + x0) - ((((x0)^2 + -2.37) - x0) - (-2.76)^2)),290.4664341106037,polynomial,1.2318222851620825e-09,4.240842109463944e-12,False,"{'degree': 2, 'alpha': 0.0001}",,,0.5894870758056641
20260807,1,poly,8,4,0.0,(((x0 - x0) + x0) - ((((x0)^2 + -2.37) - x0) - (-2.76)^2)),290.4664341106037,random_forest,432.7511278173106,1.4898490049026725,False,{'max_depth': 8},,,5.0340588092803955
20260807,1,poly,8,4,0.0,(((x0 - x0) + x0) - ((((x0)^2 + -2.37) - x0) - (-2.76)^2)),290.4664341106037,mlp,33.35542084767443,0.11483399432986933,False,"{'hidden': (256,), 'alpha': 0.0001}",,,36.954509019851685
20260808,1,poly,8,5,0.0,(x0 * ((1.16 - (x0)^2) - (((0.69 * -2.45))^2 + (x0)^2))),394346.202061964,SR (ours),1.4072016371694497e-25,3.568442221102803e-31,True,-0.849*x0 + -0.849*x0 + -2*x0^3,2.0,poly_deg=3,0.023576974868774414
20260808,1,poly,8,5,0.0,(x0 * ((1.16 - (x0)^2) - (((0.69 * -2.45))^2 + (x0)^2))),394346.202061964,polynomial,5.12723194445585e-06,1.3001854506640342e-11,False,"{'degree': 3, 'alpha': 0.0001}",,,0.5508038997650146
20260808,1,poly,8,5,0.0,(x0 * ((1.16 - (x0)^2) - (((0.69 * -2.45))^2 + (x0)^2))),394346.202061964,random_forest,169072.91908299184,0.42874235430426494,False,{'max_depth': 8},,,5.069102764129639
20260808,1,poly,8,5,0.0,(x0 * ((1.16 - (x0)^2) - (((0.69 * -2.45))^2 + (x0)^2))),394346.202061964,mlp,180347.5868530371,0.4573331400430196,False,"{'hidden': (256,), 'alpha': 0.0001}",,,58.90689492225647
20260809,1,poly,8,5,0.0,((x0)^2 - ((x0 + 2.83) - ((((-0.66 * x0))^2 - x0) - x0))),619.7047781471629,SR (ours),1.1820587626671099e-27,1.9074546531677755e-30,True,-1.5*x0 + -2.83 + -1.5*x0 + 1.44*x0^2,2.0,k_ex=4+dedup,0.014969348907470703
20260809,1,poly,8,5,0.0,((x0)^2 - ((x0 + 2.83) - ((((-0.66 * x0))^2 - x0) - x0))),619.7047781471629,polynomial,2.6233059381639136e-09,4.233154286799691e-12,False,"{'degree': 2, 'alpha': 0.0001}",,,0.3561081886291504
20260809,1,poly,8,5,0.0,((x0)^2 - ((x0 + 2.83) - ((((-0.66 * x0))^2 - x0) - x0))),619.7047781471629,random_forest,999.0624352739195,1.6121586770090541,False,{'max_depth': 8},,,3.8573827743530273
20260809,1,poly,8,5,0.0,((x0)^2 - ((x0 + 2.83) - ((((-0.66 * x0))^2 - x0) - x0))),619.7047781471629,mlp,125.74450992155462,0.20291034433769325,False,"{'hidden': (256,), 'alpha': 0.0001}",,,40.4627320766449
20260810,1,poly,8,3,0.0,(((0.26 - -0.54) - (x0)^2) + (((x0)^2 + (x0)^2) + x0)),169.52802910245398,SR (ours),2.9744986507489776e-28,1.7545763178496837e-30,True,0.5*x0 + 0.8 + 0.5*x0 + 1*x0^2,2.0,k_ex=4+dedup,0.005026102066040039
20260810,1,poly,8,3,0.0,(((0.26 - -0.54) - (x0)^2) + (((x0)^2 + (x0)^2) + x0)),169.52802910245398,polynomial,8.320073909811167e-10,4.907786608421516e-12,False,"{'degree': 2, 'alpha': 0.0001}",,,0.4035649299621582
20260810,1,poly,8,3,0.0,(((0.26 - -0.54) - (x0)^2) + (((x0)^2 + (x0)^2) + x0)),169.52802910245398,random_forest,448.7525322983498,2.647069836617678,False,{'max_depth': 8},,,5.009466171264648
20260810,1,poly,8,3,0.0,(((0.26 - -0.54) - (x0)^2) + (((x0)^2 + (x0)^2) + x0)),169.52802910245398,mlp,45.5540839284496,0.26871122238387535,False,"{'hidden': (256,), 'alpha': 0.0001}",,,40.36982607841492
20260811,1,poly,8,4,0.0,(((((x0 + x0) + x0) + 0.8) + (x0)^2) - ((x0 + x0) - x0)),289.29272344504136,SR (ours),5.258250971363807e-28,1.817622962909659e-30,True,1*x0 + 0.8 + 1*x0 + 1*x0^2,2.0,k_ex=4+dedup,0.008888006210327148
20260811,1,poly,8,4,0.0,(((((x0 + x0) + x0) + 0.8) + (x0)^2) - ((x0 + x0) - x0)),289.29272344504136,polynomial,9.443745802350258e-10,3.264425627402392e-12,False,"{'degree': 2, 'alpha': 0.0001}",,,0.35851407051086426
20260811,1,poly,8,4,0.0,(((((x0 + x0) + x0) + 0.8) + (x0)^2) - ((x0 + x0) - x0)),289.29272344504136,random_forest,503.49937491073695,1.7404494966718016,False,{'max_depth': 8},,,4.876746892929077
20260811,1,poly,8,4,0.0,(((((x0 + x0) + x0) + 0.8) + (x0)^2) - ((x0 + x0) - x0)),289.29272344504136,mlp,85.66920350714692,0.29613328149756246,False,"{'hidden': (64, 64), 'alpha': 0.01}",,,31.909904718399048
20260812,1,trig,2,2,0.0,(x0 + (x0)^2),177.9358524067066,SR (ours),9.334196661027622e-28,5.245821196108652e-30,True,0.5*x0 + 0.5*x0 + 1*x0^2,2.0,k_ex=4+dedup,0.005388021469116211
20260812,1,trig,2,2,0.0,(x0 + (x0)^2),177.9358524067066,polynomial,7.769694934482695e-10,4.366570777834904e-12,False,"{'degree': 2, 'alpha': 0.0001}",,,0.3766050338745117
20260812,1,trig,2,2,0.0,(x0 + (x0)^2),177.9358524067066,random_forest,528.9576000873234,2.9727432270270584,False,{'max_depth': 8},,,5.4355340003967285
20260812,1,trig,2,2,0.0,(x0 + (x0)^2),177.9358524067066,mlp,90.9436302331339,0.5111034623042958,False,"{'hidden': (64, 64), 'alpha': 0.0001}",,,36.900774240493774
20260813,1,trig,2,1,0.0,(x0 - (x0 + x0)),42.53094791294194,SR (ours),0.0,0.0,True,-0.5*x0 + -0.5*x0,1.0,k_ex=4+dedup,0.009381532669067383
20260813,1,trig,2,1,0.0,(x0 - (x0 + x0)),42.53094791294194,polynomial,2.6007791635999525e-11,6.115027506378595e-13,False,"{'degree': 1, 'alpha': 0.0001}",,,0.4195139408111572
20260813,1,trig,2,1,0.0,(x0 - (x0 + x0)),42.53094791294194,random_forest,3.3111336985012465,0.07785233720346228,False,{'max_depth': 8},,,5.328660011291504
20260813,1,trig,2,1,0.0,(x0 - (x0 + x0)),42.53094791294194,mlp,0.3156767091809457,0.0074222824712751575,False,"{'hidden': (64, 64), 'alpha': 0.0001}",,,3.8641300201416016
20260814,1,trig,2,2,0.0,((-2.94 + x0) + x0),171.92745647774996,SR (ours),1.0782126200657501e-29,6.271323046096988e-32,True,1*x0 + -2.94 + 1*x0,1.0,k_ex=4+dedup,0.013686180114746094
20260814,1,trig,2,2,0.0,((-2.94 + x0) + x0),171.92745647774996,polynomial,1.0537938170119966e-10,6.129293357796948e-13,False,"{'degree': 1, 'alpha': 0.0001}",,,0.21740198135375977
20260814,1,trig,2,2,0.0,((-2.94 + x0) + x0),171.92745647774996,random_forest,15.377608120284815,0.08944242202684428,False,{'max_depth': None},,,4.67014217376709
20260814,1,trig,2,2,0.0,((-2.94 + x0) + x0),171.92745647774996,mlp,1.6192460100666062,0.00941819324987316,False,"{'hidden': (256,), 'alpha': 0.01}",,,11.563925981521606
20260815,1,trig,2,2,0.0,(sin(x0) - 0.65),0.47561073474857785,SR (ours),1.073705943995884e-31,2.257530929287114e-31,True,1*sin(x0) + -0.65,1.0,k_ex=4+dedup,0.012732505798339844
20260815,1,trig,2,2,0.0,(sin(x0) - 0.65),0.47561073474857785,polynomial,262.5425168275759,552.011335417742,False,"{'degree': 7, 'alpha': 0.0001}",,,0.3770020008087158
20260815,1,trig,2,2,0.0,(sin(x0) - 0.65),0.47561073474857785,random_forest,1.6715011737821368,3.514431133825738,False,{'max_depth': 8},,,5.807605981826782
20260815,1,trig,2,2,0.0,(sin(x0) - 0.65),0.47561073474857785,mlp,3.3160842703276834,6.972265401201816,False,"{'hidden': (64, 64), 'alpha': 0.01}",,,11.462966918945312
20260816,1,trig,2,2,0.0,((1.51 * x0))^2,657.2668084703248,SR (ours),6.123532776778104e-28,9.316662119344762e-31,True,2.28*x0^2,1.0,k_ex=4+dedup,0.005200862884521484
20260816,1,trig,2,2,0.0,((1.51 * x0))^2,657.2668084703248,polynomial,4.269006457383181e-09,6.495089060283689e-12,False,"{'degree': 2, 'alpha': 0.0001}",,,0.5568802356719971
20260816,1,trig,2,2,0.0,((1.51 * x0))^2,657.2668084703248,random_forest,2641.308554481599,4.018624583567196,False,{'max_depth': 8},,,4.810817003250122
20260816,1,trig,2,2,0.0,((1.51 * x0))^2,657.2668084703248,mlp,375.94669207190964,0.5719849035840723,False,"{'hidden': (256,), 'alpha': 0.0001}",,,50.88196611404419
20260817,1,trig,2,2,0.0,sin((x0 * x0)),0.47811868967010085,SR (ours),8.623029828288899e-33,1.803533309739207e-32,True,1*sin((x0)^2),2.0,k_ex=4+dedup,0.04480767250061035
20260817,1,trig,2,2,0.0,sin((x0 * x0)),0.47811868967010085,polynomial,0.520397942359051,1.0884283622506423,False,"{'degree': 1, 'alpha': 1.0}",,,0.32402992248535156
20260817,1,trig,2,2,0.0,sin((x0 * x0)),0.47811868967010085,random_forest,0.9677781012652199,2.024137776193148,False,{'max_depth': 4},,,5.008025169372559
20260817,1,trig,2,2,0.0,sin((x0 * x0)),0.47811868967010085,mlp,28.133397968668945,58.84187039013436,False,"{'hidden': (256,), 'alpha': 0.01}",,,35.64398503303528
20260818,1,trig,2,0,0.0,(x0 - (x0 - x0)),41.711180350724945,SR (ours),4.0798899941899204e-30,9.781286359878837e-32,True,0.5*x0 + 0.5*x0,1.0,k_ex=4+dedup,0.005279541015625
20260818,1,trig,2,0,0.0,(x0 - (x0 - x0)),41.711180350724945,polynomial,2.5539027235707646e-11,6.122825348255525e-13,False,"{'degree': 1, 'alpha': 0.0001}",,,0.35336899757385254
20260818,1,trig,2,0,0.0,(x0 - (x0 - x0)),41.711180350724945,random_forest,2.9911758558282973,0.07171160899013759,False,{'max_depth': 8},,,4.831183195114136
20260818,1,trig,2,0,0.0,(x0 - (x0 - x0)),41.711180350724945,mlp,0.10736526932139993,0.002574016568666437,False,"{'hidden': (64, 64), 'alpha': 0.01}",,,3.9872782230377197
20260819,1,trig,2,2,0.0,sin((x0)^2),0.496354658432835,SR (ours),2.7027965284304233e-32,5.445292962423473e-32,True,1*sin((x0)^2),2.0,k_ex=4+dedup,0.025297164916992188
20260819,1,trig,2,2,0.0,sin((x0)^2),0.496354658432835,polynomial,0.5052766908685192,1.017975115744565,False,"{'degree': 1, 'alpha': 1.0}",,,0.27219390869140625
20260819,1,trig,2,2,0.0,sin((x0)^2),0.496354658432835,random_forest,0.7569956702837398,1.5251104375122408,False,{'max_depth': 4},,,4.706071138381958
20260819,1,trig,2,2,0.0,sin((x0)^2),0.496354658432835,mlp,5.894588475737285,11.875759349874059,False,"{'hidden': (64, 64), 'alpha': 0.01}",,,19.6866397857666
20260820,1,trig,2,2,0.0,((x0 + x0))^2,1911.3508426930205,SR (ours),0.0,0.0,True,4*x0^2,1.0,k_ex=4+dedup,0.006921052932739258
20260820,1,trig,2,2,0.0,((x0 + x0))^2,1911.3508426930205,polynomial,1.2064666830739609e-08,6.3121152648987e-12,False,"{'degree': 2, 'alpha': 0.0001}",,,0.3578031063079834
20260820,1,trig,2,2,0.0,((x0 + x0))^2,1911.3508426930205,random_forest,6929.677971312219,3.625539496217537,False,{'max_depth': 8},,,4.611897706985474
20260820,1,trig,2,2,0.0,((x0 + x0))^2,1911.3508426930205,mlp,1134.5377614000952,0.5935790206896682,False,"{'hidden': (256,), 'alpha': 0.0001}",,,57.410385847091675
20260821,1,trig,2,1,0.0,((x0 * x0))^2,878686.627160238,SR (ours),2.2375881804412956e-25,2.5465144356103274e-31,True,1*((x0)^2)^2,2.0,k_ex=4+dedup,0.021575212478637695
20260821,1,trig,2,1,0.0,((x0 * x0))^2,878686.627160238,polynomial,0.00014618306448600728,1.6636541397977736e-10,False,"{'degree': 4, 'alpha': 0.0001}",,,0.5276820659637451
20260821,1,trig,2,1,0.0,((x0 * x0))^2,878686.627160238,random_forest,2500324.145089073,2.8455242947871926,False,{'max_depth': 8},,,4.692641019821167
20260821,1,trig,2,1,0.0,((x0 * x0))^2,878686.627160238,mlp,1886135.13653637,2.1465390256729298,False,"{'hidden': (256,), 'alpha': 0.0001}",,,58.264737129211426
20260822,1,trig,2,0,0.0,((x0 - x0) + x0),43.06205975608369,SR (ours),0.0,0.0,True,0.5*x0 + 0.5*x0,1.0,k_ex=4+dedup,0.01087498664855957
20260822,1,trig,2,0,0.0,((x0 - x0) + x0),43.06205975608369,polynomial,2.6496518136019805e-11,6.153100498699774e-13,False,"{'degree': 1, 'alpha': 0.0001}",,,0.37746500968933105
20260822,1,trig,2,0,0.0,((x0 - x0) + x0),43.06205975608369,random_forest,3.267423830382306,0.07587709108412291,False,{'max_depth': 8},,,5.650881052017212
20260822,1,trig,2,0,0.0,((x0 - x0) + x0),43.06205975608369,mlp,0.19311167084207997,0.004484496838653838,False,"{'hidden': (64, 64), 'alpha': 0.01}",,,4.155110120773315
20260823,1,trig,2,1,0.0,((x0)^2)^2,991312.7445739729,SR (ours),0.0,0.0,True,1*((x0)^2)^2,2.0,k_ex=4+dedup,0.024756193161010742
20260823,1,trig,2,1,0.0,((x0)^2)^2,991312.7445739729,polynomial,0.0001250832784502747,1.261794314003605e-10,False,"{'degree': 4, 'alpha': 0.0001}",,,0.3010549545288086
20260823,1,trig,2,1,0.0,((x0)^2)^2,991312.7445739729,random_forest,2969165.098980559,2.9951850364403305,False,{'max_depth': 8},,,4.649289846420288
20260823,1,trig,2,1,0.0,((x0)^2)^2,991312.7445739729,mlp,1646554.569457856,1.6609839613889763,False,"{'hidden': (64, 64), 'alpha': 0.0001}",,,59.505533933639526
20260824,1,trig,2,1,0.0,((x0 + x0) + x0),397.22232134099625,SR (ours),3.9184200276524946e-29,9.864551454269157e-32,True,1.5*x0 + 1.5*x0,1.0,k_ex=4+dedup,0.012931108474731445
20260824,1,trig,2,1,0.0,((x0 + x0) + x0),397.22232134099625,polynomial,2.4274246542109154e-10,6.110997604606132e-13,False,"{'degree': 1, 'alpha': 0.0001}",,,0.3009951114654541
20260824,1,trig,2,1,0.0,((x0 + x0) + x0),397.22232134099625,random_forest,34.557858325430715,0.08699878246712238,False,{'max_depth': 8},,,5.303614139556885
20260824,1,trig,2,1,0.0,((x0 + x0) + x0),397.22232134099625,mlp,2.787783455843419,0.007018194361364303,False,"{'hidden': (64, 64), 'alpha': 0.0001}",,,20.31389307975769
20260825,1,trig,2,1,0.0,((x0 + x0) + x0),383.18699866201894,SR (ours),2.4553295675003992e-29,6.407653641886908e-32,True,1.5*x0 + 1.5*x0,1.0,k_ex=4+dedup,0.005212068557739258
20260825,1,trig,2,1,0.0,((x0 + x0) + x0),383.18699866201894,polynomial,2.3388974475173395e-10,6.103801683470761e-13,False,"{'degree': 1, 'alpha': 0.0001}",,,0.4005239009857178
20260825,1,trig,2,1,0.0,((x0 + x0) + x0),383.18699866201894,random_forest,32.55288433172154,0.0849529980019861,False,{'max_depth': 8},,,5.55640721321106
20260825,1,trig,2,1,0.0,((x0 + x0) + x0),383.18699866201894,mlp,3.068176645135831,0.008006995685785374,False,"{'hidden': (64, 64), 'alpha': 0.0001}",,,19.935792922973633
20260826,1,trig,2,2,0.0,cos((x0 * x0)),0.48783886532424037,SR (ours),2.6010739538794407e-32,5.331830115976196e-32,True,1*cos((x0)^2),2.0,k_ex=4+dedup,0.035468101501464844
20260826,1,trig,2,2,0.0,cos((x0 * x0)),0.48783886532424037,polynomial,0.5231570145531546,1.072397161725604,False,"{'degree': 1, 'alpha': 1.0}",,,0.2376267910003662
20260826,1,trig,2,2,0.0,cos((x0 * x0)),0.48783886532424037,random_forest,0.5116361169207264,1.0487809670118622,False,{'max_depth': 4},,,5.6612138748168945
20260826,1,trig,2,2,0.0,cos((x0 * x0)),0.48783886532424037,mlp,8.091553499649343,16.586529025872757,False,"{'hidden': (64, 64), 'alpha': 0.01}",,,31.53592801094055
20260827,1,trig,2,2,0.0,((x0 - 2.19))^2,1006.5597563559288,SR (ours),4.642535790375074e-27,4.61228035500103e-30,True,-2.19*x0 + 4.8 + -2.19*x0 + 1*x0^2,2.0,k_ex=4+dedup,0.008160829544067383
20260827,1,trig,2,2,0.0,((x0 - 2.19))^2,1006.5597563559288,polynomial,9.455394076256009e-10,9.39377321271773e-13,False,"{'degree': 2, 'alpha': 0.0001}",,,0.3750288486480713
20260827,1,trig,2,2,0.0,((x0 - 2.19))^2,1006.5597563559288,random_forest,609.0551448765975,0.6050859286105116,False,{'max_depth': None},,,4.850430011749268
20260827,1,trig,2,2,0.0,((x0 - 2.19))^2,1006.5597563559288,mlp,124.3883230643473,0.12357768356910391,False,"{'hidden': (64, 64), 'alpha': 0.01}",,,39.953298807144165
20260828,1,trig,2,2,0.0,((-0.24 * x0) - x0),66.85654991499558,SR (ours),5.6606932925429636e-30,8.466924033232679e-32,True,-0.62*x0 + -0.62*x0,1.0,k_ex=4+dedup,0.005561113357543945
20260828,1,trig,2,2,0.0,((-0.24 * x0) - x0),66.85654991499558,polynomial,4.0958771783869676e-11,6.126366352428669e-13,False,"{'degree': 1, 'alpha': 0.0001}",,,0.3656959533691406
20260828,1,trig,2,2,0.0,((-0.24 * x0) - x0),66.85654991499558,random_forest,6.178343763016642,0.09241194424289116,False,{'max_depth': 8},,,4.566983222961426
20260828,1,trig,2,2,0.0,((-0.24 * x0) - x0),66.85654991499558,mlp,0.6924720621618055,0.010357579968488436,False,"{'hidden': (64, 64), 'alpha': 0.01}",,,4.862459897994995
20260829,1,trig,2,2,0.0,(cos(x0) * 0.59),0.03691592598813537,SR (ours),2.4536349989419055e-32,6.646548700228986e-31,True,0.59*cos(x0),1.0,k_ex=4+dedup,0.022324800491333008
20260829,1,trig,2,2,0.0,(cos(x0) * 0.59),0.03691592598813537,polynomial,56.288920253229406,1524.7868974306764,False,"{'degree': 8, 'alpha': 0.0001}",,,0.4145081043243408
20260829,1,trig,2,2,0.0,(cos(x0) * 0.59),0.03691592598813537,random_forest,0.1041176350384315,2.820398845525221,False,{'max_depth': None},,,4.422206878662109
20260829,1,trig,2,2,0.0,(cos(x0) * 0.59),0.03691592598813537,mlp,0.41146566987945343,11.146020555239406,False,"{'hidden': (64, 64), 'alpha': 0.01}",,,7.813539981842041
20260830,1,trig,2,2,0.0,(x0 * cos(x0)),20.032501247074975,SR (ours),2.0902004838976992e-30,1.0434046443416035e-31,True,1*(cos(x0) * x0),2.0,k_ex=4+dedup,0.0183260440826416
20260830,1,trig,2,2,0.0,(x0 * cos(x0)),20.032501247074975,polynomial,55.163703546156746,2.7537102264856426,False,"{'degree': 1, 'alpha': 1.0}",,,0.3481881618499756
20260830,1,trig,2,2,0.0,(x0 * cos(x0)),20.032501247074975,random_forest,16.919477780322758,0.8446013591434688,False,{'max_depth': 8},,,4.591400861740112
20260830,1,trig,2,2,0.0,(x0 * cos(x0)),20.032501247074975,mlp,13.824209649544185,0.6900890447498518,False,"{'hidden': (64, 64), 'alpha': 0.01}",,,15.651160717010498
20260831,1,trig,2,3,0.0,sin((-2.95 - x0)),0.4386232966948476,SR (ours),1.6575265054243807e-31,3.7789294775592597e-31,True,1*((sin((-2.95 - x0)) - x0) + x0),4.0,poly_deg=3,26.143221616744995
20260831,1,trig,2,3,0.0,sin((-2.95 - x0)),0.4386232966948476,polynomial,221.60162869016028,505.22083610239616,False,"{'degree': 8, 'alpha': 0.0001}",,,0.35985279083251953
20260831,1,trig,2,3,0.0,sin((-2.95 - x0)),0.4386232966948476,random_forest,1.6992357189435503,3.8740206727453352,False,{'max_depth': 8},,,4.741250991821289
20260831,1,trig,2,3,0.0,sin((-2.95 - x0)),0.4386232966948476,mlp,3.9229243495744033,8.943720908430455,False,"{'hidden': (64, 64), 'alpha': 0.0001}",,,9.18125295639038
20260832,1,trig,2,2,0.0,(sin(x0) - x0),40.049447647900294,SR (ours),2.6291254856819034e-29,6.564698491715011e-31,True,1*sin(x0) + -1*x0,2.0,k_ex=4+dedup,0.022018909454345703
20260832,1,trig,2,2,0.0,(sin(x0) - x0),40.049447647900294,polynomial,268.11860192514325,6.694689132353118,False,"{'degree': 7, 'alpha': 0.0001}",,,0.40447115898132324
20260832,1,trig,2,2,0.0,(sin(x0) - x0),40.049447647900294,random_forest,0.4106281317415277,0.010253028589847632,False,{'max_depth': 8},,,5.530141830444336
20260832,1,trig,2,2,0.0,(sin(x0) - x0),40.049447647900294,mlp,8.352086063088967,0.20854435088636855,False,"{'hidden': (256,), 'alpha': 0.0001}",,,16.17646622657776
20260833,1,trig,2,2,0.0,cos(cos(x0)),0.02671810826238763,SR (ours),3.009265538105056e-32,1.1263018730788452e-30,True,1*cos(cos(x0)),2.0,k_ex=4+dedup,0.017798900604248047
20260833,1,trig,2,2,0.0,cos(cos(x0)),0.02671810826238763,polynomial,0.026829951839757858,1.004186058993094,False,"{'degree': 1, 'alpha': 1.0}",,,0.27776408195495605
20260833,1,trig,2,2,0.0,cos(cos(x0)),0.02671810826238763,random_forest,0.06017740886268722,2.252307995450481,False,{'max_depth': 4},,,4.793687105178833
20260833,1,trig,2,2,0.0,cos(cos(x0)),0.02671810826238763,mlp,0.3501119046505621,13.10391818209044,False,"{'hidden': (64, 64), 'alpha': 0.01}",,,7.596423149108887
20260834,1,trig,2,1,0.0,((x0)^2)^2,1050956.9756053672,SR (ours),0.0,0.0,True,1*((x0)^2)^2,2.0,k_ex=4+dedup,0.03717613220214844
20260834,1,trig,2,1,0.0,((x0)^2)^2,1050956.9756053672,polynomial,0.00020101281300145775,1.9126645302075406e-10,False,"{'degree': 4, 'alpha': 0.0001}",,,0.4049680233001709
20260834,1,trig,2,1,0.0,((x0)^2)^2,1050956.9756053672,random_forest,3135240.749497392,2.983224644083499,False,{'max_depth': 8},,,4.136325836181641
20260834,1,trig,2,1,0.0,((x0)^2)^2,1050956.9756053672,mlp,1809072.9728937577,1.7213577861755036,False,"{'hidden': (64, 64), 'alpha': 0.01}",,,57.818995237350464
20260835,1,trig,2,2,0.0,((x0 * x0) - x0),173.89292914778173,SR (ours),1.2873223897075386e-28,7.402959947920116e-31,True,-0.5*x0 + -0.5*x0 + 1*x0^2,2.0,k_ex=4+dedup,0.01644301414489746
20260835,1,trig,2,2,0.0,((x0 * x0) - x0),173.89292914778173,polynomial,8.573750463461471e-10,4.930476762614727e-12,False,"{'degree': 2, 'alpha': 0.0001}",,,0.3639853000640869
20260835,1,trig,2,2,0.0,((x0 * x0) - x0),173.89292914778173,random_forest,525.8875132137466,3.024202972432678,False,{'max_depth': 8},,,4.504151821136475
20260835,1,trig,2,2,0.0,((x0 * x0) - x0),173.89292914778173,mlp,54.10837875082756,0.31115916567742624,False,"{'hidden': (256,), 'alpha': 0.0001}",,,34.49108004570007
20260836,1,trig,2,1,0.0,((2.82 * x0) + x0),631.7370282231973,SR (ours),5.748823846798124e-29,9.100026735755977e-32,True,1.91*x0 + 1.91*x0,1.0,k_ex=4+dedup,0.0050907135009765625
20260836,1,trig,2,1,0.0,((2.82 * x0) + x0),631.7370282231973,polynomial,3.86725008698813e-10,6.121613763665287e-13,False,"{'degree': 1, 'alpha': 0.0001}",,,0.3488590717315674
20260836,1,trig,2,1,0.0,((2.82 * x0) + x0),631.7370282231973,random_forest,50.77566463786833,0.08037468498669184,False,{'max_depth': 8},,,4.84053897857666
20260836,1,trig,2,1,0.0,((2.82 * x0) + x0),631.7370282231973,mlp,3.197144112691433,0.005060878134187598,False,"{'hidden': (64, 64), 'alpha': 0.01}",,,21.8144371509552
20260837,1,trig,4,4,0.0,(sin(((x0 * x0) - x0)) - x0),43.51809607947431,SR (ours),3.461743519239393e-29,7.954721899867662e-31,True,-1*sin((x0 - (x0)^2)) + -1*x0,4.0,k_ex=4+dedup,0.1072845458984375
20260837,1,trig,4,4,0.0,(sin(((x0 * x0) - x0)) - x0),43.51809607947431,polynomial,0.5165194589690137,0.011869072994961162,False,"{'degree': 1, 'alpha': 0.0001}",,,0.3716142177581787
20260837,1,trig,4,4,0.0,(sin(((x0 * x0) - x0)) - x0),43.51809607947431,random_forest,6.522164590728293,0.1498724709559279,False,{'max_depth': 8},,,5.021417856216431
20260837,1,trig,4,4,0.0,(sin(((x0 * x0) - x0)) - x0),43.51809607947431,mlp,2.1532811541479853,0.04948013236184749,False,"{'hidden': (64, 64), 'alpha': 0.01}",,,45.27660012245178
20260838,1,trig,4,2,0.0,((x0)^2 * ((x0 * x0) * 1.31)),1605559.5060219725,SR (ours),8.734267942607043e-26,5.440015091217374e-32,True,1.31*((x0)^2)^2,2.0,k_ex=4+dedup,0.041461944580078125
20260838,1,trig,4,2,0.0,((x0)^2 * ((x0 * x0) * 1.31)),1605559.5060219725,polynomial,0.00028821961358899194,1.7951350448735568e-10,False,"{'degree': 4, 'alpha': 0.0001}",,,0.3988988399505615
20260838,1,trig,4,2,0.0,((x0)^2 * ((x0 * x0) * 1.31)),1605559.5060219725,random_forest,5193509.373049762,3.234703761256101,False,{'max_depth': 8},,,4.533875942230225
20260838,1,trig,4,2,0.0,((x0)^2 * ((x0 * x0) * 1.31)),1605559.5060219725,mlp,2887866.1692576073,1.7986665448562242,False,"{'hidden': (64, 64), 'alpha': 0.0001}",,,57.701438903808594
20260839,1,trig,4,4,0.0,cos((x0 + (-0.71 + cos(x0)))),0.12693967402114478,SR (ours),1.0631434219571352e-31,8.375186324962862e-31,True,1*cos((0.71 - (cos(x0) + x0))),4.0,poly_deg=3,68.94599461555481
20260839,1,trig,4,4,0.0,cos((x0 + (-0.71 + cos(x0)))),0.12693967402114478,polynomial,0.4442223657119927,3.499476181402491,False,"{'degree': 1, 'alpha': 1.0}",,,0.3263828754425049
20260839,1,trig,4,4,0.0,cos((x0 + (-0.71 + cos(x0)))),0.12693967402114478,random_forest,0.6878761182400066,5.41892141715619,False,{'max_depth': None},,,4.598325967788696
20260839,1,trig,4,4,0.0,cos((x0 + (-0.71 + cos(x0)))),0.12693967402114478,mlp,0.3460055082784477,2.72574757219569,False,"{'hidden': (64, 64), 'alpha': 0.01}",,,12.569701910018921
20260840,1,trig,4,2,0.0,((x0 - x0) + (x0 * sin(x0))),20.127209479632594,SR (ours),1.0524590246640932e-30,5.229035976045821e-32,True,1*(sin(x0) * x0),2.0,k_ex=4+dedup,0.03851509094238281
20260840,1,trig,4,2,0.0,((x0 - x0) + (x0 * sin(x0))),20.127209479632594,polynomial,8444.801426591399,419.57139836682177,False,"{'degree': 8, 'alpha': 0.0001}",,,0.3383638858795166
20260840,1,trig,4,2,0.0,((x0 - x0) + (x0 * sin(x0))),20.127209479632594,random_forest,52.152533946126596,2.5911457819774526,False,{'max_depth': 8},,,4.62774920463562
20260840,1,trig,4,2,0.0,((x0 - x0) + (x0 * sin(x0))),20.127209479632594,mlp,157.9158284361926,7.845887856237249,False,"{'hidden': (256,), 'alpha': 0.0001}",,,17.747634887695312
20260841,1,trig,4,4,0.0,sin((sin((0.52 + x0)) - -1.54)),0.02404443231582057,SR (ours),1.01544656317817e-31,4.223208723917489e-30,True,1*(cos((0.0308 - cos((1.05 - x0)))) + x0) + -1*x0,6.0,poly_deg=3,61.06405425071716
20260841,1,trig,4,4,0.0,sin((sin((0.52 + x0)) - -1.54)),0.02404443231582057,polynomial,0.026923824679046596,1.1197529775461352,False,"{'degree': 1, 'alpha': 1.0}",,,0.43036484718322754
20260841,1,trig,4,4,0.0,sin((sin((0.52 + x0)) - -1.54)),0.02404443231582057,random_forest,0.04286585897938662,1.7827769196772458,False,{'max_depth': 4},,,4.676576137542725
20260841,1,trig,4,4,0.0,sin((sin((0.52 + x0)) - -1.54)),0.02404443231582057,mlp,0.2542949275591752,10.576042063253713,False,"{'hidden': (64, 64), 'alpha': 0.01}",,,8.373494863510132
20260842,1,trig,4,3,0.0,(x0 + ((cos(1.41) + x0))^2),180.87639747273738,SR (ours),6.96662786923306e-29,3.8515958779437246e-31,True,0.66*x0 + 0.0256 + 0.66*x0 + 1*x0^2,2.0,k_ex=4+dedup,0.013194084167480469
20260842,1,trig,4,3,0.0,(x0 + ((cos(1.41) + x0))^2),180.87639747273738,polynomial,8.239023120992936e-10,4.5550570644435595e-12,False,"{'degree': 2, 'alpha': 0.0001}",,,0.441694974899292
20260842,1,trig,4,3,0.0,(x0 + ((cos(1.41) + x0))^2),180.87639747273738,random_forest,516.6758507157155,2.8565133866821486,False,{'max_depth': 8},,,5.1498870849609375
20260842,1,trig,4,3,0.0,(x0 + ((cos(1.41) + x0))^2),180.87639747273738,mlp,89.7842824596492,0.49638473407334394,False,"{'hidden': (64, 64), 'alpha': 0.01}",,,29.68020009994507
20260843,1,trig,4,4,0.0,(2.54 + (cos((1.65 * x0)))^2),0.10884885256394838,SR (ours),5.700752635386218e-32,5.237310730526114e-31,True,-0.5*(-2.34 - cos(((sin(x0) * 8.99e-16) + (x0 * -3.3)))) + 1.87,6.0,poly_deg=3,115.00696086883545
20260843,1,trig,4,4,0.0,(2.54 + (cos((1.65 * x0)))^2),0.10884885256394838,polynomial,0.15375998005109082,1.4126008352798876,False,"{'degree': 1, 'alpha': 1.0}",,,0.2848079204559326
20260843,1,trig,4,4,0.0,(2.54 + (cos((1.65 * x0)))^2),0.10884885256394838,random_forest,0.3606816109547164,3.3136004878215597,False,{'max_depth': 4},,,4.113240003585815
20260843,1,trig,4,4,0.0,(2.54 + (cos((1.65 * x0)))^2),0.10884885256394838,mlp,0.24924521507594471,2.289828594467855,False,"{'hidden': (256,), 'alpha': 0.01}",,,40.18773818016052
20260844,1,trig,4,6,0.0,(((cos(x0) - -0.69) * -1.17) - x0),44.92709419726201,SR (ours),6.933347799794049e-31,1.5432442101311302e-32,True,-1.17*cos(x0) + -0.807 + -1*x0,2.0,k_ex=4+dedup,0.01133108139038086
20260844,1,trig,4,6,0.0,(((cos(x0) - -0.69) * -1.17) - x0),44.92709419726201,polynomial,280.5360956838977,6.2442519530006555,False,"{'degree': 8, 'alpha': 0.0001}",,,0.34366798400878906
20260844,1,trig,4,6,0.0,(((cos(x0) - -0.69) * -1.17) - x0),44.92709419726201,random_forest,5.51143324850252,0.12267504380103895,False,{'max_depth': 8},,,5.092498779296875
20260844,1,trig,4,6,0.0,(((cos(x0) - -0.69) * -1.17) - x0),44.92709419726201,mlp,2.3339471176738753,0.05194965664652563,False,"{'hidden': (64, 64), 'alpha': 0.0001}",,,18.46406078338623
20260845,1,trig,4,4,0.0,sin(((sin(x0) + x0) + 1.03)),0.4362591543824187,SR (ours),9.542165318117757e-32,2.187269933997357e-31,True,1*sin((2.11 - (sin(x0) + x0))),4.0,poly_deg=3,64.4616448879242
20260845,1,trig,4,4,0.0,sin(((sin(x0) + x0) + 1.03)),0.4362591543824187,polynomial,0.9460632790787036,2.1685809216266847,False,"{'degree': 1, 'alpha': 1.0}",,,0.33884096145629883
20260845,1,trig,4,4,0.0,sin(((sin(x0) + x0) + 1.03)),0.4362591543824187,random_forest,1.2579044836832445,2.883388167439079,False,{'max_depth': None},,,4.520751237869263
20260845,1,trig,4,4,0.0,sin(((sin(x0) + x0) + 1.03)),0.4362591543824187,mlp,1.4547642768256628,3.3346332385507647,False,"{'hidden': (64, 64), 'alpha': 0.01}",,,12.196197986602783
20260846,1,trig,4,2,0.0,(((x0 * (x0)^2) * x0) - 2.32),1045389.4508697541,SR (ours),3.137268265627755e-25,3.0010521562252017e-31,True,1*((x0)^2)^2 + -2.32,2.0,k_ex=4+dedup,0.032143592834472656
20260846,1,trig,4,2,0.0,(((x0 * (x0)^2) * x0) - 2.32),1045389.4508697541,polynomial,0.00017992050045605336,1.721085862367955e-10,False,"{'degree': 4, 'alpha': 0.0001}",,,0.3511779308319092
20260846,1,trig,4,2,0.0,(((x0 * (x0)^2) * x0) - 2.32),1045389.4508697541,random_forest,3341292.0132923415,3.196217458012818,False,{'max_depth': 8},,,4.592026948928833
20260846,1,trig,4,2,0.0,(((x0 * (x0)^2) * x0) - 2.32),1045389.4508697541,mlp,1965450.2669423986,1.880112971588878,False,"{'hidden': (64, 64), 'alpha': 0.01}",,,55.16769623756409
20260847,1,trig,4,4,0.0,((cos((x0)^2) + 1.55))^2,4.8349139496559586,SR (ours),1.6215323351862097e-26,3.353797714024661e-27,True,1*((cos((x0)^2) + 3.1) * cos((x0)^2)) + 2.4,6.0,k_ex=4+dedup,37.76029300689697
20260847,1,trig,4,4,0.0,((cos((x0)^2) + 1.55))^2,4.8349139496559586,polynomial,5.232927829793555,1.082320778463062,False,"{'degree': 1, 'alpha': 1.0}",,,0.3756861686706543
20260847,1,trig,4,4,0.0,((cos((x0)^2) + 1.55))^2,4.8349139496559586,random_forest,10.82733857180101,2.239406674977423,False,{'max_depth': None},,,4.896574974060059
20260847,1,trig,4,4,0.0,((cos((x0)^2) + 1.55))^2,4.8349139496559586,mlp,476.59984386700773,98.57462797262845,False,"{'hidden': (64, 64), 'alpha': 0.01}",,,47.22896695137024
20260848,1,trig,4,4,0.0,((-0.5 + x0) * (x0 - cos(x0))),199.03064978352063,SR (ours),3.547852617424924e-27,1.7825659622192922e-29,True,-1*(x0 - ((0.5 - x0) * cos(x0))) + 0.5*x0 + 1*x0^2,6.0,poly_deg=3,8.47677230834961
20260848,1,trig,4,4,0.0,((-0.5 + x0) * (x0 - cos(x0))),199.03064978352063,polynomial,47.92080170016664,0.24077096543818044,False,"{'degree': 2, 'alpha': 0.0001}",,,0.20705485343933105
20260848,1,trig,4,4,0.0,((-0.5 + x0) * (x0 - cos(x0))),199.03064978352063,random_forest,530.5214822469161,2.665526554949942,False,{'max_depth': 8},,,4.429304122924805
20260848,1,trig,4,4,0.0,((-0.5 + x0) * (x0 - cos(x0))),199.03064978352063,mlp,67.79557867926461,0.34062883657870646,False,"{'hidden': (64, 64), 'alpha': 0.01}",,,37.61760210990906
20260849,1,trig,4,2,0.0,(x0 - ((x0 + (x0 - x0)) * x0)),149.26497887348626,SR (ours),9.219811829770575e-30,6.17680845122089e-32,True,0.5*x0 + 0.5*x0 + -1*x0^2,2.0,k_ex=4+dedup,0.005975246429443359
20260849,1,trig,4,2,0.0,(x0 - ((x0 + (x0 - x0)) * x0)),149.26497887348626,polynomial,9.269979981320221e-10,6.210418579951868e-12,False,"{'degree': 2, 'alpha': 0.0001}",,,0.3740842342376709
20260849,1,trig,4,2,0.0,(x0 - ((x0 + (x0 - x0)) * x0)),149.26497887348626,random_forest,517.8374887835556,3.469249737558757,False,{'max_depth': 8},,,4.579799175262451
20260849,1,trig,4,2,0.0,(x0 - ((x0 + (x0 - x0)) * x0)),149.26497887348626,mlp,50.7648188882859,0.3400986572430567,False,"{'hidden': (256,), 'alpha': 0.0001}",,,34.521158933639526
20260850,1,trig,4,4,0.0,sin((-1.49 * (x0 - (-2.33)^2))),0.3205166861776727,SR (ours),1.0581631609599683e-30,3.30142924407185e-30,True,1*cos(((x0 * 1.49) + sin((x0 - (x0 + 0.237))))),6.0,poly_deg=3,112.84908270835876
20260850,1,trig,4,4,0.0,sin((-1.49 * (x0 - (-2.33)^2))),0.3205166861776727,polynomial,0.6210779546504248,1.9377398476725212,False,"{'degree': 1, 'alpha': 0.0001}",,,0.2828981876373291
20260850,1,trig,4,4,0.0,sin((-1.49 * (x0 - (-2.33)^2))),0.3205166861776727,random_forest,1.1910377918198596,3.715993092352231,False,{'max_depth': 8},,,3.5425851345062256
20260850,1,trig,4,4,0.0,sin((-1.49 * (x0 - (-2.33)^2))),0.3205166861776727,mlp,1.3362514181786516,4.169054142279271,False,"{'hidden': (64, 64), 'alpha': 0.0001}",,,10.439570903778076
20260851,1,trig,4,3,0.0,sin(((-1.63 + x0) * (-0.45 * -2.06))),0.09433409037970897,SR (ours),1.0380998292576053e-30,1.1004503515951621e-29,True,-1*((cos(((-0.0645 - x0) * 0.927)) - x0) + x0),5.0,poly_deg=3,95.9478087425232
20260851,1,trig,4,3,0.0,sin(((-1.63 + x0) * (-0.45 * -2.06))),0.09433409037970897,polynomial,36.28091744473022,384.60027863409766,False,"{'degree': 8, 'alpha': 0.0001}",,,0.32833194732666016
20260851,1,trig,4,3,0.0,sin(((-1.63 + x0) * (-0.45 * -2.06))),0.09433409037970897,random_forest,0.9216884636770265,9.770470674674353,False,{'max_depth': 8},,,4.099308967590332
20260851,1,trig,4,3,0.0,sin(((-1.63 + x0) * (-0.45 * -2.06))),0.09433409037970897,mlp,0.18774781147521144,1.9902435134477698,False,"{'hidden': (64, 64), 'alpha': 0.01}",,,10.260573148727417
20260852,1,trig,4,4,0.0,(sin(((x0 + x0) + 1.51)))^2,0.12752620245686794,SR (ours),3.4464810051057926e-31,2.7025669538552014e-30,True,4*((0.499 - (cos((1.63 - x0)) * sin(x0))))^2,6.0,k_ex=4+dedup,48.662052154541016
20260852,1,trig,4,4,0.0,(sin(((x0 + x0) + 1.51)))^2,0.12752620245686794,polynomial,0.13204299808598402,1.0354185692202649,False,"{'degree': 1, 'alpha': 1.0}",,,0.355396032333374
20260852,1,trig,4,4,0.0,(sin(((x0 + x0) + 1.51)))^2,0.12752620245686794,random_forest,0.20827098155938029,1.6331622642791543,False,{'max_depth': 4},,,4.308863162994385
20260852,1,trig,4,4,0.0,(sin(((x0 + x0) + 1.51)))^2,0.12752620245686794,mlp,0.3215095434298898,2.5211253627554004,False,"{'hidden': (64, 64), 'alpha': 0.01}",,,14.113754034042358
20260853,1,trig,4,4,0.0,(x0 * (sin((x0)^2))^2),16.910015937918466,SR (ours),0.0,0.0,True,1*((sin((x0)^2))^2 * x0),4.0,k_ex=4+dedup,3.830082893371582
20260853,1,trig,4,4,0.0,(x0 * (sin((x0)^2))^2),16.910015937918466,polynomial,6.0767167278064775,0.35935606152684024,False,"{'degree': 1, 'alpha': 0.0001}",,,0.34017181396484375
20260853,1,trig,4,4,0.0,(x0 * (sin((x0)^2))^2),16.910015937918466,random_forest,7.521032146087718,0.4447678922184101,False,{'max_depth': 4},,,4.291895151138306
20260853,1,trig,4,4,0.0,(x0 * (sin((x0)^2))^2),16.910015937918466,mlp,9.130150551155602,0.5399256029488684,False,"{'hidden': (256,), 'alpha': 0.01}",,,27.83832287788391
20260854,1,trig,4,4,0.0,(((x0)^2 - (x0 - 0.76)))^2,1434505.7375458085,SR (ours),1.896027816787426e-23,1.3217289880145073e-29,True,1*((x0 - (x0)^2))^2 + 0.578 + -1.52*x0 + 1.52*x0^2,5.0,k_ex=4+dedup,0.07369875907897949
20260854,1,trig,4,4,0.0,(((x0)^2 - (x0 - 0.76)))^2,1434505.7375458085,polynomial,0.00015440873400793516,1.0763897973116637e-10,False,"{'degree': 4, 'alpha': 0.0001}",,,0.45911121368408203
20260854,1,trig,4,4,0.0,(((x0)^2 - (x0 - 0.76)))^2,1434505.7375458085,random_forest,3236223.7221719995,2.255985206241572,False,{'max_depth': 8},,,4.5205371379852295
20260854,1,trig,4,4,0.0,(((x0)^2 - (x0 - 0.76)))^2,1434505.7375458085,mlp,1898166.3073754455,1.32321973882299,False,"{'hidden': (64, 64), 'alpha': 0.0001}",,,51.325480937957764
20260855,1,trig,4,3,0.0,(x0 - (x0 - ((-2.42 * x0) * x0))),787.1695504416678,SR (ours),5.3760870690811955e-28,6.829643075071644e-31,True,-2.42*x0^2,1.0,k_ex=4+dedup,0.005181789398193359
20260855,1,trig,4,3,0.0,(x0 - (x0 - ((-2.42 * x0) * x0))),787.1695504416678,polynomial,5.7130899144695695e-09,7.257762843168984e-12,False,"{'degree': 2, 'alpha': 0.0001}",,,0.2789769172668457
20260855,1,trig,4,3,0.0,(x0 - (x0 - ((-2.42 * x0) * x0))),787.1695504416678,random_forest,3478.3440632705588,4.4187990520198825,False,{'max_depth': 8},,,4.139204025268555
20260855,1,trig,4,3,0.0,(x0 - (x0 - ((-2.42 * x0) * x0))),787.1695504416678,mlp,526.2767583833835,0.6685684908519369,False,"{'hidden': (256,), 'alpha': 0.0001}",,,45.34503769874573
20260856,1,trig,4,3,0.0,(x0 * ((x0)^2 + (x0 * 0.87))),95098.75530350802,SR (ours),2.0955301086290958e-26,2.203530531962489e-31,True,0.87*x0^2 + 1*x0^3,2.0,poly_deg=3,0.024142980575561523
20260856,1,trig,4,3,0.0,(x0 * ((x0)^2 + (x0 * 0.87))),95098.75530350802,polynomial,1.785717027774013e-06,1.8777501577963777e-11,False,"{'degree': 3, 'alpha': 0.0001}",,,0.2866790294647217
20260856,1,trig,4,3,0.0,(x0 * ((x0)^2 + (x0 * 0.87))),95098.75530350802,random_forest,41591.875618318176,0.43735457404860406,False,{'max_depth': 8},,,4.118083715438843
20260856,1,trig,4,3,0.0,(x0 * ((x0)^2 + (x0 * 0.87))),95098.75530350802,mlp,37569.19201231169,0.3950545082573318,False,"{'hidden': (256,), 'alpha': 0.0001}",,,51.7551109790802
20260857,1,trig,4,4,0.0,sin((1.59 + (x0 + (x0 * x0)))),0.5201672717382839,SR (ours),4.8254527318602075e-30,9.27673268588124e-30,True,1*cos((-0.0192 - ((x0)^2 + x0))),4.0,poly_deg=3,19.13509964942932
20260857,1,trig,4,4,0.0,sin((1.59 + (x0 + (x0 * x0)))),0.5201672717382839,polynomial,0.564856804151231,1.0859137720518335,False,"{'degree': 1, 'alpha': 1.0}",,,0.3157317638397217
20260857,1,trig,4,4,0.0,sin((1.59 + (x0 + (x0 * x0)))),0.5201672717382839,random_forest,0.972965438140837,1.8704856899001006,False,{'max_depth': 4},,,4.5653159618377686
20260857,1,trig,4,4,0.0,sin((1.59 + (x0 + (x0 * x0)))),0.5201672717382839,mlp,1.616503433175624,3.1076607872187485,False,"{'hidden': (256,), 'alpha': 0.01}",,,24.105517148971558
20260858,1,trig,4,3,0.0,((-0.41 * (cos(x0) * 2.97)))^2,0.2781996776795149,SR (ours),5.61808104140221e-32,2.0194419663829447e-31,True,-1.48*(sin(x0))^2 + 1.48,2.0,k_ex=4+dedup,0.028513193130493164
20260858,1,trig,4,3,0.0,((-0.41 * (cos(x0) * 2.97)))^2,0.2781996776795149,polynomial,0.29291817799673786,1.0529062450395021,False,"{'degree': 1, 'alpha': 1.0}",,,0.31398987770080566
20260858,1,trig,4,3,0.0,((-0.41 * (cos(x0) * 2.97)))^2,0.2781996776795149,random_forest,0.7133114591428379,2.56402690719351,False,{'max_depth': 4},,,4.989327907562256
20260858,1,trig,4,3,0.0,((-0.41 * (cos(x0) * 2.97)))^2,0.2781996776795149,mlp,4.5497947095404445,16.35442121101877,False,"{'hidden': (64, 64), 'alpha': 0.0001}",,,14.860676050186157
20260859,1,trig,4,4,0.0,(x0 - (sin((-1.58 + x0)))^2),42.024283919894074,SR (ours),1.078520768856852e-31,2.566422716238803e-33,True,-1*((cos((x0 + 3.13)))^2 - x0),4.0,poly_deg=3,18.38586688041687
20260859,1,trig,4,4,0.0,(x0 - (sin((-1.58 + x0)))^2),42.024283919894074,polynomial,0.13340119137091133,0.003174383449940474,False,"{'degree': 1, 'alpha': 1.0}",,,0.32319211959838867
20260859,1,trig,4,4,0.0,(x0 - (sin((-1.58 + x0)))^2),42.024283919894074,random_forest,3.552092990965928,0.0845247713854414,False,{'max_depth': None},,,3.975802183151245
20260859,1,trig,4,4,0.0,(x0 - (sin((-1.58 + x0)))^2),42.024283919894074,mlp,2.4819105594441733,0.059058961341855246,False,"{'hidden': (64, 64), 'alpha': 0.0001}",,,21.289658784866333
20260860,1,trig,4,4,0.0,cos((cos((x0)^2) + -2.63)),0.11503688399888215,SR (ours),9.116325444864296e-32,7.924697825571216e-31,True,1*cos((2.63 - cos((x0)^2))),4.0,poly_deg=3,20.265571117401123
20260860,1,trig,4,4,0.0,cos((cos((x0)^2) + -2.63)),0.11503688399888215,polynomial,0.13905331991634423,1.2087716137868916,False,"{'degree': 1, 'alpha': 0.0001}",,,0.22241711616516113
20260860,1,trig,4,4,0.0,cos((cos((x0)^2) + -2.63)),0.11503688399888215,random_forest,0.16317339172592055,1.4184441203006346,False,{'max_depth': 4},,,3.3786449432373047
20260860,1,trig,4,4,0.0,cos((cos((x0)^2) + -2.63)),0.11503688399888215,mlp,0.3047678274881034,2.649305308817865,False,"{'hidden': (256,), 'alpha': 0.01}",,,8.719608783721924
20260861,1,trig,4,4,0.0,sin((x0 - ((-2.83 * x0) * x0))),0.4973861611934781,SR (ours),0.565291901840231,1.136525190977998,False,-0.0188*x0 + 0.0669 + -0.0188*x0 + -0.00396*x0^2,2.0,k_ex=4+dedup,153.97025299072266
20260861,1,trig,4,4,0.0,sin((x0 - ((-2.83 * x0) * x0))),0.4973861611934781,polynomial,0.5608929740124313,1.1276811012726382,False,"{'degree': 1, 'alpha': 1.0}",,,0.5607469081878662
20260861,1,trig,4,4,0.0,sin((x0 - ((-2.83 * x0) * x0))),0.4973861611934781,random_forest,0.545776122542802,1.0972885156941483,False,{'max_depth': 4},,,6.243690013885498
20260861,1,trig,4,4,0.0,sin((x0 - ((-2.83 * x0) * x0))),0.4973861611934781,mlp,0.9186776895768702,1.8470109569846156,False,"{'hidden': (64, 64), 'alpha': 0.01}",,,36.46363186836243
20260862,1,trig,6,5,0.0,(sin(x0) * (-1.61 * ((x0 + (x0 + x0)))^2)),210515.9178799695,SR (ours),5.9825734345176676e-27,2.841862741196022e-32,True,-14.5*(sin(x0) * (x0)^2),3.0,k_ex=4+dedup,0.10494470596313477
20260862,1,trig,6,5,0.0,(sin(x0) * (-1.61 * ((x0 + (x0 + x0)))^2)),210515.9178799695,polynomial,4050324.600133282,19.239992115193246,False,"{'degree': 5, 'alpha': 1.0}",,,0.28871798515319824
20260862,1,trig,6,5,0.0,(sin(x0) * (-1.61 * ((x0 + (x0 + x0)))^2)),210515.9178799695,random_forest,424186.85768137954,2.0149870943404835,False,{'max_depth': 8},,,3.958343029022217
20260862,1,trig,6,5,0.0,(sin(x0) * (-1.61 * ((x0 + (x0 + x0)))^2)),210515.9178799695,mlp,688914.4971996498,3.2725054909740856,False,"{'hidden': (64, 64), 'alpha': 0.01}",,,41.04212498664856
20260863,1,trig,6,6,0.0,(cos((x0 - (cos((-1.43 - x0)) + -1.76))) * x0),24.691842652188512,SR (ours),1.2125933286924312e-29,4.910906592809328e-31,True,-1*(sin(((0.189 - sin((0.141 - x0))) + x0)) * x0),6.0,k_ex=4+dedup,135.76986813545227
20260863,1,trig,6,6,0.0,(cos((x0 - (cos((-1.43 - x0)) + -1.76))) * x0),24.691842652188512,polynomial,65.99473597278703,2.67273434803529,False,"{'degree': 2, 'alpha': 1.0}",,,0.5610830783843994
20260863,1,trig,6,6,0.0,(cos((x0 - (cos((-1.43 - x0)) + -1.76))) * x0),24.691842652188512,random_forest,43.80042403419898,1.7738823566623052,False,{'max_depth': 4},,,5.592518091201782
20260863,1,trig,6,6,0.0,(cos((x0 - (cos((-1.43 - x0)) + -1.76))) * x0),24.691842652188512,mlp,141.14679515155223,5.716333006805467,False,"{'hidden': (64, 64), 'alpha': 0.0001}",,,23.145360946655273
20260864,1,trig,6,4,0.0,((x0 - 2.61) - (cos(-0.4) - sin((-1.34 * x0)))),40.21141142590285,SR (ours),1.2591152197420432e-29,3.131238559139367e-31,True,1*((x0 - sin((x0 * 1.34))) + x0) + -3.53 + -1*x0,5.0,poly_deg=3,18.427982568740845
20260864,1,trig,6,4,0.0,((x0 - 2.61) - (cos(-0.4) - sin((-1.34 * x0)))),40.21141142590285,polynomial,0.7942375096571905,0.019751545183155875,False,"{'degree': 1, 'alpha': 0.0001}",,,0.2658958435058594
20260864,1,trig,6,4,0.0,((x0 - 2.61) - (cos(-0.4) - sin((-1.34 * x0)))),40.21141142590285,random_forest,4.5864578495652175,0.11405861388418646,False,{'max_depth': 8},,,3.3700809478759766
20260864,1,trig,6,4,0.0,((x0 - 2.61) - (cos(-0.4) - sin((-1.34 * x0)))),40.21141142590285,mlp,0.751278066046478,0.01868320557289689,False,"{'hidden': (256,), 'alpha': 0.01}",,,14.95491099357605
20260865,1,trig,6,6,0.0,(sin((x0 + x0)) - sin((x0 - (-2.4 - x0)))),1.7311771398850104,SR (ours),1.6708134398633035e-30,9.651314134001813e-31,True,-3.73*(cos(x0) * sin((x0 + -3.51))) + 0.675,4.0,poly_deg=3,16.18705987930298
20260865,1,trig,6,6,0.0,(sin((x0 + x0)) - sin((x0 - (-2.4 - x0)))),1.7311771398850104,polynomial,2.022690998821237,1.1683905431858868,False,"{'degree': 1, 'alpha': 1.0}",,,0.24699807167053223
20260865,1,trig,6,6,0.0,(sin((x0 + x0)) - sin((x0 - (-2.4 - x0)))),1.7311771398850104,random_forest,1.8906205822531372,1.0921011713328872,False,{'max_depth': 4},,,3.349065065383911
20260865,1,trig,6,6,0.0,(sin((x0 + x0)) - sin((x0 - (-2.4 - x0)))),1.7311771398850104,mlp,32.39929640663617,18.715182669745868,False,"{'hidden': (64, 64), 'alpha': 0.0001}",,,11.027155876159668
20260866,1,trig,6,3,0.0,(sin((0.32 * x0)) - (-0.73 - (1.63 - (1.96 * -2.28)))),0.7213591158592911,SR (ours),1.1153668976960236e-20,1.5462019861874013e-20,True,-1*((((x0)^2 * x0) * 2.4e-13) + sin((x0 * -0.32))) + 6.83,6.0,k_ex=4+dedup,14.041821718215942
20260866,1,trig,6,3,0.0,(sin((0.32 * x0)) - (-0.73 - (1.63 - (1.96 * -2.28)))),0.7213591158592911,polynomial,0.00045013839830297696,0.0006240142924745147,False,"{'degree': 5, 'alpha': 0.0001}",,,0.23098492622375488
20260866,1,trig,6,3,0.0,(sin((0.32 * x0)) - (-0.73 - (1.63 - (1.96 * -2.28)))),0.7213591158592911,random_forest,0.04248979057701047,0.05890241024596487,False,{'max_depth': None},,,3.0746519565582275
20260866,1,trig,6,3,0.0,(sin((0.32 * x0)) - (-0.73 - (1.63 - (1.96 * -2.28)))),0.7213591158592911,mlp,0.9824073677066514,1.3618839023561746,False,"{'hidden': (64, 64), 'alpha': 0.01}",,,9.875118017196655
20260867,1,trig,6,5,0.0,(x0 + (((-1.88 - cos(x0)))^2 + (x0 + x0))),394.2569303757498,SR (ours),1.7262495277531672e-28,4.378488733496583e-31,True,1*((((x0)^2 * -4.57e-17) - (cos(x0) + 1.88)))^2 + 3*x0,7.0,k_ex=4+dedup,27.17458748817444
20260867,1,trig,6,5,0.0,(x0 + (((-1.88 - cos(x0)))^2 + (x0 + x0))),394.2569303757498,polynomial,14.239864940620809,0.03611823621476835,False,"{'degree': 1, 'alpha': 0.0001}",,,0.2366337776184082
20260867,1,trig,6,5,0.0,(x0 + (((-1.88 - cos(x0)))^2 + (x0 + x0))),394.2569303757498,random_forest,44.67282415635889,0.11330891282946653,False,{'max_depth': 8},,,3.0275299549102783
20260867,1,trig,6,5,0.0,(x0 + (((-1.88 - cos(x0)))^2 + (x0 + x0))),394.2569303757498,mlp,15.65600700227831,0.03971016308415232,False,"{'hidden': (64, 64), 'alpha': 0.0001}",,,27.95652413368225
20260868,1,trig,6,6,0.0,((cos((cos(sin(x0)) - 2.29)) - -2.13) - x0),42.867271576848836,SR (ours),9.566016996573625e-29,2.2315432367615176e-30,True,-1*sin((0.719 - cos(sin(x0)))) + 2.13 + -1*x0,5.0,poly_deg=3,13.357761859893799
20260868,1,trig,6,6,0.0,((cos((cos(sin(x0)) - 2.29)) - -2.13) - x0),42.867271576848836,polynomial,0.027622326209728112,0.0006443686568716912,False,"{'degree': 1, 'alpha': 0.01}",,,0.2441110610961914
20260868,1,trig,6,6,0.0,((cos((cos(sin(x0)) - 2.29)) - -2.13) - x0),42.867271576848836,random_forest,3.2662459441702505,0.07619439782433551,False,{'max_depth': 8},,,3.1405560970306396
20260868,1,trig,6,6,0.0,((cos((cos(sin(x0)) - 2.29)) - -2.13) - x0),42.867271576848836,mlp,0.18173957868248447,0.004239588198578887,False,"{'hidden': (256,), 'alpha': 0.01}",,,4.355790138244629
20260869,1,trig,6,7,0.0,((x0 + x0) * ((cos(x0) + (2.22 - x0)) * x0)),396640.58107496984,SR (ours),7.323153555347697e-26,1.8462945812303388e-31,True,-2*((x0 - cos(x0)) * (x0)^2) + 4.44*x0^2,5.0,k_ex=4+dedup,0.236677885055542
20260869,1,trig,6,7,0.0,((x0 + x0) * ((cos(x0) + (2.22 - x0)) * x0)),396640.58107496984,polynomial,1961590.7655959954,4.945512030765282,False,"{'degree': 8, 'alpha': 0.0001}",,,0.2337803840637207
20260869,1,trig,6,7,0.0,((x0 + x0) * ((cos(x0) + (2.22 - x0)) * x0)),396640.58107496984,random_forest,205339.98080853355,0.5176978620090359,False,{'max_depth': 8},,,3.1142611503601074
20260869,1,trig,6,7,0.0,((x0 + x0) * ((cos(x0) + (2.22 - x0)) * x0)),396640.58107496984,mlp,144691.09275346232,0.36479145013685316,False,"{'hidden': (256,), 'alpha': 0.0001}",,,37.75665998458862
20260870,1,trig,6,6,0.0,sin((((x0 * -1.54))^2 + ((x0 - 1.68))^2)),0.5066594766514149,SR (ours),0.27047151298321126,0.5338329300989222,False,0.936*(cos(((0.918 - (x0 * 1.84)))^2) + x0) + -0.112 + -0.952*x0 + 0.00734*x0^2 + 0.000565*x0^3,8.0,poly_deg=3,153.90744876861572
20260870,1,trig,6,6,0.0,sin((((x0 * -1.54))^2 + ((x0 - 1.68))^2)),0.5066594766514149,polynomial,0.5104831251572648,1.0075467817776171,False,"{'degree': 1, 'alpha': 1.0}",,,0.24950599670410156
20260870,1,trig,6,6,0.0,sin((((x0 * -1.54))^2 + ((x0 - 1.68))^2)),0.5066594766514149,random_forest,0.5117488517151285,1.010044961750938,False,{'max_depth': 4},,,3.559140920639038
20260870,1,trig,6,6,0.0,sin((((x0 * -1.54))^2 + ((x0 - 1.68))^2)),0.5066594766514149,mlp,0.5440645070195376,1.07382676549413,False,"{'hidden': (64, 64), 'alpha': 0.01}",,,28.205602169036865
20260871,1,trig,6,6,0.0,cos((cos(cos(sin(cos(x0)))) * x0)),0.20454780905270947,SR (ours),1.207744802408425e-30,5.904462179290338e-30,True,1*cos((sin((cos(sin(cos(x0))) + 1.57)) * x0)),7.0,k_ex=4+dedup,107.70631980895996
20260871,1,trig,6,6,0.0,cos((cos(cos(sin(cos(x0)))) * x0)),0.20454780905270947,polynomial,14.505023221688244,70.91263059166025,False,"{'degree': 2, 'alpha': 1.0}",,,0.4849848747253418
20260871,1,trig,6,6,0.0,cos((cos(cos(sin(cos(x0)))) * x0)),0.20454780905270947,random_forest,0.6589860702077257,3.2216725921415907,False,{'max_depth': 8},,,6.151735782623291
20260871,1,trig,6,6,0.0,cos((cos(cos(sin(cos(x0)))) * x0)),0.20454780905270947,mlp,0.4485938364572789,2.193100178069772,False,"{'hidden': (64, 64), 'alpha': 0.0001}",,,12.582134008407593
20260872,1,trig,6,2,0.0,((x0)^2 - ((2.82)^2 - ((x0 - x0) * 1))),130.1943925944724,SR (ours),2.0727320284682085e-28,1.592028648210929e-30,True,-7.95 + 1*x0^2,1.0,k_ex=4+dedup,0.005346775054931641
20260872,1,trig,6,2,0.0,((x0)^2 - ((2.82)^2 - ((x0 - x0) * 1))),130.1943925944724,polynomial,7.799646991362075e-10,5.99077029043509e-12,False,"{'degree': 2, 'alpha': 0.0001}",,,0.22835826873779297
20260872,1,trig,6,2,0.0,((x0)^2 - ((2.82)^2 - ((x0 - x0) * 1))),130.1943925944724,random_forest,511.74046203386575,3.930587576285467,False,{'max_depth': 8},,,2.9743781089782715
20260872,1,trig,6,2,0.0,((x0)^2 - ((2.82)^2 - ((x0 - x0) * 1))),130.1943925944724,mlp,51.85282772454596,0.39827235790450977,False,"{'hidden': (256,), 'alpha': 0.0001}",,,19.916598081588745
20260873,1,trig,6,6,0.0,(x0 * (((1.96 - (x0)^2) - x0) * (-0.76)^2)),28752.15386280212,SR (ours),9.237561200138048e-28,3.2128240702304647e-32,True,-0.578*((x0)^2 * x0) + 1.13*x0 + -0.578*x0^2,4.0,k_ex=4+dedup,0.013555049896240234
20260873,1,trig,6,6,0.0,(x0 * (((1.96 - (x0)^2) - x0) * (-0.76)^2)),28752.15386280212,polynomial,4.05994717154612e-07,1.4120497514444112e-11,False,"{'degree': 3, 'alpha': 0.0001}",,,0.22017693519592285
20260873,1,trig,6,6,0.0,(x0 * (((1.96 - (x0)^2) - x0) * (-0.76)^2)),28752.15386280212,random_forest,13392.856708558473,0.4658035976179642,False,{'max_depth': 8},,,2.9704442024230957
20260873,1,trig,6,6,0.0,(x0 * (((1.96 - (x0)^2) - x0) * (-0.76)^2)),28752.15386280212,mlp,4951.899754268532,0.17222708872169104,False,"{'hidden': (256,), 'alpha': 0.0001}",,,23.46667218208313
20260874,1,trig,6,5,0.0,(((x0 * (0.4 * (x0 + x0))) - cos(x0)) - 2.43),76.30687872522253,SR (ours),6.197488486642574e-29,8.12179529575497e-31,True,-1*cos(x0) + -2.43 + 0.8*x0^2,2.0,k_ex=4+dedup,0.008793830871582031
20260874,1,trig,6,5,0.0,(((x0 * (0.4 * (x0 + x0))) - cos(x0)) - 2.43),76.30687872522253,polynomial,313.74338456342593,4.111600288267602,False,"{'degree': 6, 'alpha': 0.0001}",,,0.23577594757080078
20260874,1,trig,6,5,0.0,(((x0 * (0.4 * (x0 + x0))) - cos(x0)) - 2.43),76.30687872522253,random_forest,291.38396527812904,3.818580580754573,False,{'max_depth': 8},,,3.1374120712280273
20260874,1,trig,6,5,0.0,(((x0 * (0.4 * (x0 + x0))) - cos(x0)) - 2.43),76.30687872522253,mlp,43.053905007812844,0.5642204965930782,False,"{'hidden': (256,), 'alpha': 0.0001}",,,14.176352977752686
20260875,1,trig,6,2,0.0,cos(((((x0 * -1.43) + x0) + x0) - (x0 - x0))),0.06987693886699983,SR (ours),3.1941849054216117e-31,4.5711574622655674e-30,True,1*cos(((x0 - (sin(sin(x0)) * -4.22e-16)) * 0.57)),6.0,k_ex=4+dedup,12.744936227798462
20260875,1,trig,6,2,0.0,cos(((((x0 * -1.43) + x0) + x0) - (x0 - x0))),0.06987693886699983,polynomial,0.25362940956264746,3.6296582774667994,False,"{'degree': 6, 'alpha': 0.0001}",,,0.24126195907592773
20260875,1,trig,6,2,0.0,cos(((((x0 * -1.43) + x0) + x0) - (x0 - x0))),0.06987693886699983,random_forest,0.10203091199215661,1.4601514268728484,False,{'max_depth': 8},,,3.203359842300415
20260875,1,trig,6,2,0.0,cos(((((x0 * -1.43) + x0) + x0) - (x0 - x0))),0.06987693886699983,mlp,1.499609604666323,21.460722650152185,False,"{'hidden': (256,), 'alpha': 0.0001}",,,4.083460807800293
20260876,1,trig,6,6,0.0,(sin((cos((x0 * x0)) * x0)) + (-2.49 + x0)),44.13115194897543,SR (ours),1.5792047764992018e-29,3.578435428844194e-31,True,1*sin((cos((x0)^2) * x0)) + -2.49 + 1*x0,5.0,k_ex=4+dedup,2.3764302730560303
20260876,1,trig,6,6,0.0,(sin((cos((x0 * x0)) * x0)) + (-2.49 + x0)),44.13115194897543,polynomial,0.5331051586521512,0.012080019104611841,False,"{'degree': 1, 'alpha': 0.0001}",,,0.23135924339294434
20260876,1,trig,6,6,0.0,(sin((cos((x0 * x0)) * x0)) + (-2.49 + x0)),44.13115194897543,random_forest,4.962728380122579,0.11245408653416754,False,{'max_depth': 8},,,3.122434139251709
20260876,1,trig,6,6,0.0,(sin((cos((x0 * x0)) * x0)) + (-2.49 + x0)),44.13115194897543,mlp,7.628092298127932,0.17285051400760068,False,"{'hidden': (64, 64), 'alpha': 0.0001}",,,24.687119007110596
20260877,1,trig,6,3,0.0,(((((sin(x0))^2)^2 + x0) - x0) - x0),42.59785133283235,SR (ours),6.162975822039155e-32,1.446780912465656e-33,True,1*((sin(x0))^2)^2 + -1*x0,4.0,k_ex=4+dedup,0.06553912162780762
20260877,1,trig,6,3,0.0,(((((sin(x0))^2)^2 + x0) - x0) - x0),42.59785133283235,polynomial,0.1291466300706229,0.003031763951227347,False,"{'degree': 1, 'alpha': 0.0001}",,,0.23210597038269043
20260877,1,trig,6,3,0.0,(((((sin(x0))^2)^2 + x0) - x0) - x0),42.59785133283235,random_forest,3.566275975887978,0.08371962116171963,False,{'max_depth': 8},,,3.0464019775390625
20260877,1,trig,6,3,0.0,(((((sin(x0))^2)^2 + x0) - x0) - x0),42.59785133283235,mlp,3.536145427477826,0.08301229561671195,False,"{'hidden': (64, 64), 'alpha': 0.01}",,,23.086830139160156
20260878,1,trig,6,6,0.0,cos((((x0)^2 + x0) * cos((x0 * x0)))),0.5112752018513126,SR (ours),0.6648925029597084,1.3004591275934214,False,0.515*cos(x0) + 0.469 + -0.0396*x0 + -0.0154*x0^2,3.0,k_ex=4+dedup,125.50682616233826
20260878,1,trig,6,6,0.0,cos((((x0)^2 + x0) * cos((x0 * x0)))),0.5112752018513126,polynomial,0.5918000988004366,1.1574981470987555,False,"{'degree': 1, 'alpha': 1.0}",,,0.3189058303833008
20260878,1,trig,6,6,0.0,cos((((x0)^2 + x0) * cos((x0 * x0)))),0.5112752018513126,random_forest,0.6017584418013483,1.1769756084832563,False,{'max_depth': 4},,,3.913408041000366
20260878,1,trig,6,6,0.0,cos((((x0)^2 + x0) * cos((x0 * x0)))),0.5112752018513126,mlp,1.630027016960193,3.1881597446109504,False,"{'hidden': (256,), 'alpha': 0.01}",,,35.237993001937866
20260879,1,trig,6,4,0.0,sin(((-1.7 * (((x0 + x0) * x0))^2) * x0)),0.5070898377267601,SR (ours),0.5937612110479613,1.1709191683070233,False,-1.14*cos(cos((((sin(x0) * x0) + 0.789))^2)) + 0.923 + -0.0267*x0 + -0.00365*x0^2,8.0,k_ex=4+dedup,164.57950282096863
20260879,1,trig,6,4,0.0,sin(((-1.7 * (((x0 + x0) * x0))^2) * x0)),0.5070898377267601,polynomial,0.5364833352700156,1.0579650692173679,False,"{'degree': 1, 'alpha': 1.0}",,,0.296083927154541
20260879,1,trig,6,4,0.0,sin(((-1.7 * (((x0 + x0) * x0))^2) * x0)),0.5070898377267601,random_forest,0.5307377566074268,1.0466345746281929,False,{'max_depth': 4},,,5.70799994468689
20260879,1,trig,6,4,0.0,sin(((-1.7 * (((x0 + x0) * x0))^2) * x0)),0.5070898377267601,mlp,2.5389999648331933,5.00700226258785,False,"{'hidden': (256,), 'alpha': 0.01}",,,43.94231081008911
20260880,1,trig,6,4,0.0,((((-2.09)^2 * x0) - sin(x0)) - sin(-2.06)),830.8246214325511,SR (ours),4.4817160177868733e-29,5.394298510387505e-32,True,-1*sin(x0) + 0.883 + 4.37*x0,2.0,k_ex=4+dedup,0.016677141189575195
20260880,1,trig,6,4,0.0,((((-2.09)^2 * x0) - sin(x0)) - sin(-2.06)),830.8246214325511,polynomial,301.21543037234403,0.3625499565154589,False,"{'degree': 7, 'alpha': 0.0001}",,,0.23525309562683105
20260880,1,trig,6,4,0.0,((((-2.09)^2 * x0) - sin(x0)) - sin(-2.06)),830.8246214325511,random_forest,46.48691528957465,0.05595274151772186,False,{'max_depth': 8},,,3.217311143875122
20260880,1,trig,6,4,0.0,((((-2.09)^2 * x0) - sin(x0)) - sin(-2.06)),830.8246214325511,mlp,0.3481395001940667,0.0004190288674808246,False,"{'hidden': (64, 64), 'alpha': 0.0001}",,,33.43403387069702
20260881,1,trig,6,3,0.0,((x0 - x0) - (x0 * ((x0 - (2.99 * x0)))^2)),1573663.9930707722,SR (ours),9.380502796164096e-26,5.960931200986199e-32,True,-3.96*((x0)^2 * x0),2.0,k_ex=4+dedup,0.011378288269042969
20260881,1,trig,6,3,0.0,((x0 - x0) - (x0 * ((x0 - (2.99 * x0)))^2)),1573663.9930707722,polynomial,2.4127805367679018e-05,1.5332247210281007e-11,False,"{'degree': 3, 'alpha': 0.0001}",,,0.23494482040405273
20260881,1,trig,6,3,0.0,((x0 - x0) - (x0 * ((x0 - (2.99 * x0)))^2)),1573663.9930707722,random_forest,668850.2831925723,0.4250273795026663,False,{'max_depth': 8},,,2.9610440731048584
20260881,1,trig,6,3,0.0,((x0 - x0) - (x0 * ((x0 - (2.99 * x0)))^2)),1573663.9930707722,mlp,427294.4190890177,0.2715283700780469,False,"{'hidden': (64, 64), 'alpha': 0.01}",,,67.51236915588379
20260882,1,trig,6,6,0.0,(((x0 * x0) - (0.35 - (cos(x0) + x0))) * x0),108562.73910123203,SR (ours),1.0380620651803294e-26,9.561863248608371e-32,True,1*(cos(x0) * x0) + -0.35*x0 + 1*x0^2 + 1*x0^3,5.0,poly_deg=3,0.5480389595031738
20260882,1,trig,6,6,0.0,(((x0 * x0) - (0.35 - (cos(x0) + x0))) * x0),108562.73910123203,polynomial,9192.833199701903,0.08467760924058684,False,"{'degree': 8, 'alpha': 0.01}",,,0.4491000175476074
20260882,1,trig,6,6,0.0,(((x0 * x0) - (0.35 - (cos(x0) + x0))) * x0),108562.73910123203,random_forest,51403.81972569272,0.4734941302260249,False,{'max_depth': 8},,,5.993057727813721
20260882,1,trig,6,6,0.0,(((x0 * x0) - (0.35 - (cos(x0) + x0))) * x0),108562.73910123203,mlp,24117.445541587873,0.2221521466872622,False,"{'hidden': (64, 64), 'alpha': 0.01}",,,55.45811891555786
20260883,1,trig,6,7,0.0,(((-1.41 - x0) * (x0 + 1.84)) * cos((x0)^2)),1169.7056012448575,SR (ours),8.083619163960686e-29,6.910815127633574e-32,True,-1*((((-1.62 - x0))^2 + -0.0462) * cos((x0)^2)),6.0,k_ex=4+dedup,63.48870086669922
20260883,1,trig,6,7,0.0,(((-1.41 - x0) * (x0 + 1.84)) * cos((x0)^2)),1169.7056012448575,polynomial,1174.372754722508,1.003990024047661,False,"{'degree': 1, 'alpha': 1.0}",,,0.26398682594299316
20260883,1,trig,6,7,0.0,(((-1.41 - x0) * (x0 + 1.84)) * cos((x0)^2)),1169.7056012448575,random_forest,1677.5448543312611,1.4341598882196824,False,{'max_depth': 4},,,3.538184881210327
20260883,1,trig,6,7,0.0,(((-1.41 - x0) * (x0 + 1.84)) * cos((x0)^2)),1169.7056012448575,mlp,60094.83399239317,51.37603336124691,False,"{'hidden': (64, 64), 'alpha': 0.01}",,,47.82715678215027
20260884,1,trig,6,5,0.0,sin(cos(((((1.9)^2 + x0))^2 * -0.3))),0.3339135353150338,SR (ours),1.7547558939307062,5.255120587655021,False,-0.748*sin(((x0 * -2.26) - (-0.586 - (sin((x0 * -0.314)) * x0)))) + -0.012 + -0.0544*x0 + 0.0169*x0^2,9.0,k_ex=4+dedup,197.3681182861328
20260884,1,trig,6,5,0.0,sin(cos(((((1.9)^2 + x0))^2 * -0.3))),0.3339135353150338,polynomial,0.8500644862478556,2.545762289767183,False,"{'degree': 1, 'alpha': 1.0}",,,0.4237241744995117
20260884,1,trig,6,5,0.0,sin(cos(((((1.9)^2 + x0))^2 * -0.3))),0.3339135353150338,random_forest,0.7886969437579309,2.3619795556170775,False,{'max_depth': 4},,,5.951917886734009
20260884,1,trig,6,5,0.0,sin(cos(((((1.9)^2 + x0))^2 * -0.3))),0.3339135353150338,mlp,9.71852564563478,29.104916745784948,False,"{'hidden': (64, 64), 'alpha': 0.01}",,,19.18674898147583
20260885,1,trig,6,4,0.0,((x0 * sin((x0 + 0.28))) + ((x0 - x0) - 1.74)),21.128948336843045,SR (ours),2.5447841985923254e-29,1.2044064654911977e-30,True,-1*((sin((-0.28 - x0)) * x0) - x0) + -1.74 + -1*x0,5.0,poly_deg=3,18.50291132926941
20260885,1,trig,6,4,0.0,((x0 * sin((x0 + 0.28))) + ((x0 - x0) - 1.74)),21.128948336843045,polynomial,14072.034934629646,666.0073521071519,False,"{'degree': 8, 'alpha': 0.0001}",,,0.26737308502197266
20260885,1,trig,6,4,0.0,((x0 * sin((x0 + 0.28))) + ((x0 - x0) - 1.74)),21.128948336843045,random_forest,59.778414657709575,2.829218648496222,False,{'max_depth': 8},,,3.7343180179595947
20260885,1,trig,6,4,0.0,((x0 * sin((x0 + 0.28))) + ((x0 - x0) - 1.74)),21.128948336843045,mlp,114.78046271002628,5.432379353679468,False,"{'hidden': (64, 64), 'alpha': 0.01}",,,19.290919303894043
20260886,1,trig,6,5,0.0,(cos(sin((2.05 - (1.05 * (x0 + 2.73))))) + 1.32),0.026082383377016335,SR (ours),2.4813420632570677e-26,9.513478992274968e-25,True,-1*(x0 - sin((1.57 - sin(((-0.778 - x0) * 1.05))))) + 1.32 + 1*x0,7.0,poly_deg=3,87.94580268859863
20260886,1,trig,6,5,0.0,(cos(sin((2.05 - (1.05 * (x0 + 2.73))))) + 1.32),0.026082383377016335,polynomial,0.02648985170055298,1.0156223577288455,False,"{'degree': 1, 'alpha': 1.0}",,,0.33241772651672363
20260886,1,trig,6,5,0.0,(cos(sin((2.05 - (1.05 * (x0 + 2.73))))) + 1.32),0.026082383377016335,random_forest,0.03998967155328839,1.533206186537657,False,{'max_depth': 4},,,5.52321720123291
20260886,1,trig,6,5,0.0,(cos(sin((2.05 - (1.05 * (x0 + 2.73))))) + 1.32),0.026082383377016335,mlp,0.5887051714071536,22.57098835246466,False,"{'hidden': (64, 64), 'alpha': 0.0001}",,,24.982866048812866
20260887,1,trig,8,8,0.0,(((sin(cos(((x0 * sin(x0)) * x0))))^2 + x0))^2,140.8815692361981,SR (ours),12.368959747334577,0.08779686238869987,False,-1.19*sin((cos(x0) * x0)) + 0.421 + 0.671*x0 + 0.977*x0^2,5.0,k_ex=4+dedup,200.4756109714508
20260887,1,trig,8,8,0.0,(((sin(cos(((x0 * sin(x0)) * x0))))^2 + x0))^2,140.8815692361981,polynomial,11.575238777826598,0.0821629034981849,False,"{'degree': 2, 'alpha': 0.0001}",,,0.2576601505279541
20260887,1,trig,8,8,0.0,(((sin(cos(((x0 * sin(x0)) * x0))))^2 + x0))^2,140.8815692361981,random_forest,517.9506703509265,3.6764970262543355,False,{'max_depth': 8},,,4.133371114730835
20260887,1,trig,8,8,0.0,(((sin(cos(((x0 * sin(x0)) * x0))))^2 + x0))^2,140.8815692361981,mlp,95.03031078282247,0.6745404050937089,False,"{'hidden': (256,), 'alpha': 0.01}",,,49.54333281517029
20260888,1,trig,8,9,0.0,((((x0 * 1.18) * x0) + x0) * cos(((x0 + cos(x0)) * 1.73))),1169.2250348738785,SR (ours),1427.8356896005344,1.2211812499845691,False,-3.93*(cos((sin(x0) * x0)) * x0) + -2.08 + -0.129*x0 + 0.146*x0^2,6.0,k_ex=4+dedup,223.92254781723022
20260888,1,trig,8,9,0.0,((((x0 * 1.18) * x0) + x0) * cos(((x0 + cos(x0)) * 1.73))),1169.2250348738785,polynomial,1143.074402795538,0.9776342181373483,False,"{'degree': 1, 'alpha': 1.0}",,,0.5088179111480713
20260888,1,trig,8,9,0.0,((((x0 * 1.18) * x0) + x0) * cos(((x0 + cos(x0)) * 1.73))),1169.2250348738785,random_forest,1588.2854975542673,1.3584087324349772,False,{'max_depth': 8},,,5.7690770626068115
20260888,1,trig,8,9,0.0,((((x0 * 1.18) * x0) + x0) * cos(((x0 + cos(x0)) * 1.73))),1169.2250348738785,mlp,6195.76783823319,5.299037955427898,False,"{'hidden': (64, 64), 'alpha': 0.0001}",,,45.515307903289795
20260889,1,trig,8,8,0.0,cos(((sin((x0 - 0.89)))^2 * (x0 - sin(sin(x0))))),0.4986582595336352,SR (ours),0.6773756391923675,1.3583965095171107,False,-2.14*sin(sin((-0.995 - cos((cos((x0 + 0.612)) * x0))))) + -0.722 + -0.00165*x0 + -0.00875*x0^2,9.0,k_ex=4+dedup,191.24774193763733
20260889,1,trig,8,8,0.0,cos(((sin((x0 - 0.89)))^2 * (x0 - sin(sin(x0))))),0.4986582595336352,polynomial,6.5350940070132495,13.10535598693407,False,"{'degree': 2, 'alpha': 1.0}",,,0.24354791641235352
20260889,1,trig,8,8,0.0,cos(((sin((x0 - 0.89)))^2 * (x0 - sin(sin(x0))))),0.4986582595336352,random_forest,1.1735839276054436,2.3534833829946495,False,{'max_depth': 4},,,3.18296217918396
20260889,1,trig,8,8,0.0,cos(((sin((x0 - 0.89)))^2 * (x0 - sin(sin(x0))))),0.4986582595336352,mlp,11.270151297570738,22.600951818407715,False,"{'hidden': (64, 64), 'alpha': 0.01}",,,16.434067249298096
20260890,1,trig,8,6,0.0,(sin((-1.05 - cos((x0 - sin(-1.9))))) - (sin(1.4) - x0)),44.28755527045012,SR (ours),6.402407432725376e-29,1.4456448078084e-30,True,1*cos(((x0 + 2.62) - (cos((2.2 - x0)) + x0))) + -0.985 + 1*x0,7.0,poly_deg=3,122.66638922691345
20260890,1,trig,8,6,0.0,(sin((-1.05 - cos((x0 - sin(-1.9))))) - (sin(1.4) - x0)),44.28755527045012,polynomial,0.24861668567345174,0.00561369179570261,False,"{'degree': 1, 'alpha': 1.0}",,,0.5658340454101562
20260890,1,trig,8,6,0.0,(sin((-1.05 - cos((x0 - sin(-1.9))))) - (sin(1.4) - x0)),44.28755527045012,random_forest,4.943795720638571,0.11162945641158946,False,{'max_depth': 8},,,5.328415155410767
20260890,1,trig,8,6,0.0,(sin((-1.05 - cos((x0 - sin(-1.9))))) - (sin(1.4) - x0)),44.28755527045012,mlp,1.5707841088544163,0.03546784416665435,False,"{'hidden': (256,), 'alpha': 0.01}",,,26.12022089958191
20260891,1,trig,8,7,0.0,(sin((x0 + (1.54 + x0))) - sin((x0 * ((x0 + x0))^2))),0.942282098720495,SR (ours),0.8264513982492914,0.8770742852607646,False,2.2*(sin((sin((-0.467 - x0)) * 2.37)) * sin(x0)) + 0.932 + 0.0482*x0 + 0.0126*x0^2,8.0,k_ex=4+dedup,169.93843150138855
20260891,1,trig,8,7,0.0,(sin((x0 + (1.54 + x0))) - sin((x0 * ((x0 + x0))^2))),0.942282098720495,polynomial,1.153712904782075,1.224381643616787,False,"{'degree': 1, 'alpha': 0.0001}",,,0.28369808197021484
20260891,1,trig,8,7,0.0,(sin((x0 + (1.54 + x0))) - sin((x0 * ((x0 + x0))^2))),0.942282098720495,random_forest,1.284024547481296,1.3626753062855017,False,{'max_depth': 4},,,6.041348218917847
20260891,1,trig,8,7,0.0,(sin((x0 + (1.54 + x0))) - sin((x0 * ((x0 + x0))^2))),0.942282098720495,mlp,11.3414306373328,12.036130849490924,False,"{'hidden': (256,), 'alpha': 0.01}",,,33.48832988739014
20260892,1,trig,8,6,0.0,cos((cos(((-1.1 - (x0 * x0)) + ((-1.04 * x0))^2)))^2),0.02930709338785943,SR (ours),0.02264628267230346,0.7727235987750585,False,0.221*cos(((sin((1.27 - cos((x0 * 0.266)))) * x0) * 1.32)) + 0.758 + 0.000232*x0^2,8.0,k_ex=4+dedup,215.9968020915985
20260892,1,trig,8,6,0.0,cos((cos(((-1.1 - (x0 * x0)) + ((-1.04 * x0))^2)))^2),0.02930709338785943,polynomial,0.030826706630391904,1.0518513802246243,False,"{'degree': 1, 'alpha': 1.0}",,,0.2813577651977539
20260892,1,trig,8,6,0.0,cos((cos(((-1.1 - (x0 * x0)) + ((-1.04 * x0))^2)))^2),0.02930709338785943,random_forest,0.033967267140683544,1.1590118027451541,False,{'max_depth': 8},,,3.541823148727417
20260892,1,trig,8,6,0.0,cos((cos(((-1.1 - (x0 * x0)) + ((-1.04 * x0))^2)))^2),0.02930709338785943,mlp,0.4734166576665207,16.15365438671019,False,"{'hidden': (64, 64), 'alpha': 0.0001}",,,4.526465892791748
20260893,1,trig,8,7,0.0,(cos((((x0 + (cos(x0) - (-2.47)^2)))^2 + 0.76)))^2,0.10813226481953708,SR (ours),0.2672539136187909,2.4715464349591993,False,0.0113*x0 + 0.507 + 0.0113*x0 + -0.00791*x0^2,2.0,k_ex=4+dedup,193.93930077552795
20260893,1,trig,8,7,0.0,(cos((((x0 + (cos(x0) - (-2.47)^2)))^2 + 0.76)))^2,0.10813226481953708,polynomial,0.11921908700632368,1.102530194898715,False,"{'degree': 1, 'alpha': 1.0}",,,0.2529919147491455
20260893,1,trig,8,7,0.0,(cos((((x0 + (cos(x0) - (-2.47)^2)))^2 + 0.76)))^2,0.10813226481953708,random_forest,0.21211088305218556,1.9615873523612894,False,{'max_depth': 4},,,3.1726160049438477
20260893,1,trig,8,7,0.0,(cos((((x0 + (cos(x0) - (-2.47)^2)))^2 + 0.76)))^2,0.10813226481953708,mlp,0.9470882100842157,8.758608835806962,False,"{'hidden': (64, 64), 'alpha': 0.0001}",,,15.3118257522583
20260894,1,trig,8,7,0.0,sin((sin(cos(((x0)^2 * x0))) - (x0 * (-2.59)^2))),0.49152056002544664,SR (ours),1.8584098941628313,3.7809403009848035,False,-0.438*cos(((x0 - ((x0 + 0.942))^2) * x0)) + 0.345 + 0.0139*x0 + -0.0319*x0^2,7.0,k_ex=4+dedup,177.5184998512268
20260894,1,trig,8,7,0.0,sin((sin(cos(((x0)^2 * x0))) - (x0 * (-2.59)^2))),0.49152056002544664,polynomial,0.49372576421813563,1.0044864943036662,False,"{'degree': 1, 'alpha': 1.0}",,,0.2957010269165039
20260894,1,trig,8,7,0.0,sin((sin(cos(((x0)^2 * x0))) - (x0 * (-2.59)^2))),0.49152056002544664,random_forest,0.6092248590614442,1.2394697365862049,False,{'max_depth': 4},,,3.522235870361328
20260894,1,trig,8,7,0.0,sin((sin(cos(((x0)^2 * x0))) - (x0 * (-2.59)^2))),0.49152056002544664,mlp,20.458839866520194,41.623568840052215,False,"{'hidden': (64, 64), 'alpha': 0.01}",,,26.54965591430664
20260895,1,trig,8,8,0.0,cos(((-2.19 + (cos(((x0 * x0))^2) - sin(x0))) * -1.7)),0.5352924765501238,SR (ours),0.5777710163629112,1.079355757223705,False,1.51*cos(cos(x0)) + -1.32 + 0.00292*x0 + 0.0057*x0^2,4.0,k_ex=4+dedup,186.1860785484314
20260895,1,trig,8,8,0.0,cos(((-2.19 + (cos(((x0 * x0))^2) - sin(x0))) * -1.7)),0.5352924765501238,polynomial,0.5397003418504951,1.0082344988832634,False,"{'degree': 1, 'alpha': 1.0}",,,0.38057541847229004
20260895,1,trig,8,8,0.0,cos(((-2.19 + (cos(((x0 * x0))^2) - sin(x0))) * -1.7)),0.5352924765501238,random_forest,0.5743518121085316,1.0729682132096066,False,{'max_depth': 4},,,4.116342067718506
20260895,1,trig,8,8,0.0,cos(((-2.19 + (cos(((x0 * x0))^2) - sin(x0))) * -1.7)),0.5352924765501238,mlp,2.3196879963698773,4.333496355711747,False,"{'hidden': (64, 64), 'alpha': 0.01}",,,18.694996118545532
20260896,1,trig,8,7,0.0,((x0 + ((x0 + x0) * x0)) * cos(((2.87)^2 + sin(x0)))),3066.6655525396523,SR (ours),1.7580219860025598e-27,5.732682471835436e-31,True,2*((((x0 + 0.25))^2 + -0.0625) * sin((-0.383 - sin(x0)))),7.0,k_ex=4+dedup,171.8245952129364
20260896,1,trig,8,7,0.0,((x0 + ((x0 + x0) * x0)) * cos(((2.87)^2 + sin(x0)))),3066.6655525396523,polynomial,67595.24406435621,22.041935420175626,False,"{'degree': 6, 'alpha': 1.0}",,,0.344851016998291
20260896,1,trig,8,7,0.0,((x0 + ((x0 + x0) * x0)) * cos(((2.87)^2 + sin(x0)))),3066.6655525396523,random_forest,6236.529017757455,2.0336515054902833,False,{'max_depth': 8},,,4.597032308578491
20260896,1,trig,8,7,0.0,((x0 + ((x0 + x0) * x0)) * cos(((2.87)^2 + sin(x0)))),3066.6655525396523,mlp,11168.722659961888,3.6419761035606033,False,"{'hidden': (64, 64), 'alpha': 0.0001}",,,45.77516007423401
20260897,1,trig,8,4,0.0,(sin(sin(x0)) + ((((x0 + (2.19 - x0)))^2)^2 - x0)),41.05378541118462,SR (ours),7.248892161882454e-29,1.7657061557854734e-30,True,1*sin(sin(x0)) + 23 + -1*x0,3.0,k_ex=4+dedup,0.044344186782836914
20260897,1,trig,8,4,0.0,(sin(sin(x0)) + ((((x0 + (2.19 - x0)))^2)^2 - x0)),41.05378541118462,polynomial,0.5318944682038763,0.012956039568009432,False,"{'degree': 1, 'alpha': 0.0001}",,,0.4711301326751709
20260897,1,trig,8,4,0.0,(sin(sin(x0)) + ((((x0 + (2.19 - x0)))^2)^2 - x0)),41.05378541118462,random_forest,0.5060957858919595,0.012327627789326332,False,{'max_depth': 8},,,5.855971813201904
20260897,1,trig,8,4,0.0,(sin(sin(x0)) + ((((x0 + (2.19 - x0)))^2)^2 - x0)),41.05378541118462,mlp,11.568483715813308,0.28178847821086944,False,"{'hidden': (64, 64), 'alpha': 0.0001}",,,37.02698612213135
20260898,1,trig,8,6,0.0,(((x0 + (x0 * (1.69 + x0))) * (x0 * x0)) * sin((x0 * 1.52))),3128285.8315452626,SR (ours),13818017.461937066,4.417121134711484,False,0.409*(cos(x0) * (((x0 + 2.32))^2)^2) + -16.8 + -8.39*x0 + 11.5*x0^2 + 3.5*x0^3,8.0,poly_deg=3,196.72986388206482
20260898,1,trig,8,6,0.0,(((x0 + (x0 * (1.69 + x0))) * (x0 * x0)) * sin((x0 * 1.52))),3128285.8315452626,polynomial,3740802.6294055306,1.1957994987810006,False,"{'degree': 1, 'alpha': 1.0}",,,0.6418418884277344
20260898,1,trig,8,6,0.0,(((x0 + (x0 * (1.69 + x0))) * (x0 * x0)) * sin((x0 * 1.52))),3128285.8315452626,random_forest,5013216.058057656,1.6025441177736959,False,{'max_depth': 8},,,5.771398067474365
20260898,1,trig,8,6,0.0,(((x0 + (x0 * (1.69 + x0))) * (x0 * x0)) * sin((x0 * 1.52))),3128285.8315452626,mlp,7877220.536924629,2.5180629140379924,False,"{'hidden': (64, 64), 'alpha': 0.0001}",,,48.2658748626709
20260899,1,trig,8,7,0.0,((x0 - (((x0 * x0) - (-1.17 + x0)) * (x0 + -2.35))) - (-1.22 * x0)),105934.3938391619,SR (ours),1.9477370180359392e-26,1.838625726214236e-31,True,-1*((x0)^2 * x0) + 2.75 + -1.3*x0 + 3.35*x0^2,4.0,k_ex=4+dedup,0.014239788055419922
20260899,1,trig,8,7,0.0,((x0 - (((x0 * x0) - (-1.17 + x0)) * (x0 + -2.35))) - (-1.22 * x0)),105934.3938391619,polynomial,1.0564862223845906e-06,9.973023718704927e-12,False,"{'degree': 3, 'alpha': 0.0001}",,,0.28739309310913086
20260899,1,trig,8,7,0.0,((x0 - (((x0 * x0) - (-1.17 + x0)) * (x0 + -2.35))) - (-1.22 * x0)),105934.3938391619,random_forest,55664.4345693878,0.5254613969274418,False,{'max_depth': None},,,3.3474831581115723
20260899,1,trig,8,7,0.0,((x0 - (((x0 * x0) - (-1.17 + x0)) * (x0 + -2.35))) - (-1.22 * x0)),105934.3938391619,mlp,23692.35841337665,0.22365123879736631,False,"{'hidden': (256,), 'alpha': 0.0001}",,,42.192267179489136
20260900,1,trig,8,5,0.0,cos(((((x0 - x0) - (x0)^2) + x0) + (-2.38 + (0.87 + x0)))),0.49846609415668824,SR (ours),1.1499366821170483e-29,2.306950654412166e-29,True,-1*sin((-0.0608 - ((x0 - (x0)^2) + x0))),5.0,k_ex=4+dedup,15.257591724395752
20260900,1,trig,8,5,0.0,cos(((((x0 - x0) - (x0)^2) + x0) + (-2.38 + (0.87 + x0)))),0.49846609415668824,polynomial,0.6263221320995769,1.2564989664125445,False,"{'degree': 1, 'alpha': 1.0}",,,0.2680540084838867
20260900,1,trig,8,5,0.0,cos(((((x0 - x0) - (x0)^2) + x0) + (-2.38 + (0.87 + x0)))),0.49846609415668824,random_forest,0.6230417284341292,1.2499179698234033,False,{'max_depth': 4},,,3.4017200469970703
20260900,1,trig,8,5,0.0,cos(((((x0 - x0) - (x0)^2) + x0) + (-2.38 + (0.87 + x0)))),0.49846609415668824,mlp,17.226600113634525,34.559221410593075,False,"{'hidden': (64, 64), 'alpha': 0.01}",,,27.519752979278564
20260901,1,trig,8,5,0.0,(cos((sin((2.39 - (x0 * (x0 * x0)))))^2) - (x0 - x0)),0.027241686167442745,SR (ours),7.397553012281836e-06,0.0002715526846176962,False,-0.435*((1.04 - (cos((((x0)^2 * x0) + 0.751)))^2))^2 + 1 + -0.000127*x0 + -5.5e-06*x0^2 + 9e-06*x0^3,10.0,poly_deg=3,186.49924492835999
20260901,1,trig,8,5,0.0,(cos((sin((2.39 - (x0 * (x0 * x0)))))^2) - (x0 - x0)),0.027241686167442745,polynomial,0.039973954394177474,1.467381796724147,False,"{'degree': 2, 'alpha': 1.0}",,,0.40738391876220703
20260901,1,trig,8,5,0.0,(cos((sin((2.39 - (x0 * (x0 * x0)))))^2) - (x0 - x0)),0.027241686167442745,random_forest,0.028352702249520027,1.0407836752559423,False,{'max_depth': 4},,,4.4566240310668945
20260901,1,trig,8,5,0.0,(cos((sin((2.39 - (x0 * (x0 * x0)))))^2) - (x0 - x0)),0.027241686167442745,mlp,0.02818557165423869,1.0346485706132247,False,"{'hidden': (256,), 'alpha': 0.0001}",,,5.5975728034973145
20260902,1,trig,8,4,0.0,((((-1.29 - x0) - -0.26))^2 - ((((2.24 - x0) - -0.25) + x0) + x0)),167.64549206337796,SR (ours),8.721843383349812e-29,5.2025516916688345e-31,True,0.53*x0 + -1.43 + 0.53*x0 + 1*x0^2,2.0,k_ex=4+dedup,0.0076580047607421875
20260902,1,trig,8,4,0.0,((((-1.29 - x0) - -0.26))^2 - ((((2.24 - x0) - -0.25) + x0) + x0)),167.64549206337796,polynomial,9.25388656657722e-10,5.519913749353196e-12,False,"{'degree': 2, 'alpha': 0.0001}",,,0.26520204544067383
20260902,1,trig,8,4,0.0,((((-1.29 - x0) - -0.26))^2 - ((((2.24 - x0) - -0.25) + x0) + x0)),167.64549206337796,random_forest,545.6748897338919,3.2549332703058953,False,{'max_depth': 8},,,4.124449968338013
20260902,1,trig,8,4,0.0,((((-1.29 - x0) - -0.26))^2 - ((((2.24 - x0) - -0.25) + x0) + x0)),167.64549206337796,mlp,56.297589246354526,0.3358133198420353,False,"{'hidden': (256,), 'alpha': 0.0001}",,,23.293514013290405
20260903,1,trig,8,8,0.0,(sin((sin(cos((x0 * x0))) * sin((x0 * x0)))))^2,0.0047292038306938015,SR (ours),3.1025480035280083e-07,6.560402373422012e-05,False,-4.25*sin(cos((cos((cos((x0)^2) * 1.38)) + 2.55))) + -3.38 + 2.09e-05*x0 + 2.64e-06*x0^2,9.0,k_ex=4+dedup,88.76218605041504
20260903,1,trig,8,8,0.0,(sin((sin(cos((x0 * x0))) * sin((x0 * x0)))))^2,0.0047292038306938015,polynomial,0.005021491886031439,1.061804918079574,False,"{'degree': 1, 'alpha': 1.0}",,,0.6072630882263184
20260903,1,trig,8,8,0.0,(sin((sin(cos((x0 * x0))) * sin((x0 * x0)))))^2,0.0047292038306938015,random_forest,0.004747861506509562,1.0039452044115051,False,{'max_depth': 4},,,3.709549903869629
20260903,1,trig,8,8,0.0,(sin((sin(cos((x0 * x0))) * sin((x0 * x0)))))^2,0.0047292038306938015,mlp,0.005148301796161985,1.0886191376967358,False,"{'hidden': (256,), 'alpha': 0.01}",,,3.9790618419647217
20260904,1,trig,8,8,0.0,(cos(((sin(x0) - (-1.22 - x0)) + x0)) * cos((x0 + x0))),0.15572030514641508,SR (ours),0.16031721591566814,1.0295203041435788,False,-0.644*(sin(x0) * (sin(x0))^2) + 0.108 + -6.75e-05*x0 + 0.000345*x0^2,6.0,k_ex=4+dedup,188.26366114616394
20260904,1,trig,8,8,0.0,(cos(((sin(x0) - (-1.22 - x0)) + x0)) * cos((x0 + x0))),0.15572030514641508,polynomial,0.33059641242141247,2.123014157405941,False,"{'degree': 1, 'alpha': 1.0}",,,0.25554680824279785
20260904,1,trig,8,8,0.0,(cos(((sin(x0) - (-1.22 - x0)) + x0)) * cos((x0 + x0))),0.15572030514641508,random_forest,0.4086987894514165,2.6245696671807828,False,{'max_depth': 8},,,3.394057273864746
20260904,1,trig,8,8,0.0,(cos(((sin(x0) - (-1.22 - x0)) + x0)) * cos((x0 + x0))),0.15572030514641508,mlp,2.565822011857489,16.477119085047967,False,"{'hidden': (64, 64), 'alpha': 0.01}",,,19.09916591644287
20260905,1,trig,8,9,0.0,sin(cos(((-1.43 * ((cos(x0) - -1.35) + (x0)^2)) + x0))),0.4023296944949698,SR (ours),0.4873247354143644,1.2112571905140779,False,-0.238*(cos(x0) + sin(x0)) + -0.318 + -0.00234*x0 + 0.00974*x0^2,5.0,k_ex=4+dedup,159.7535400390625
20260905,1,trig,8,9,0.0,sin(cos(((-1.43 * ((cos(x0) - -1.35) + (x0)^2)) + x0))),0.4023296944949698,polynomial,0.4461792247665772,1.108989047717818,False,"{'degree': 1, 'alpha': 1.0}",,,0.26203012466430664
20260905,1,trig,8,9,0.0,sin(cos(((-1.43 * ((cos(x0) - -1.35) + (x0)^2)) + x0))),0.4023296944949698,random_forest,0.4390624031359086,1.0913000187248125,False,{'max_depth': 4},,,3.390957832336426
20260905,1,trig,8,9,0.0,sin(cos(((-1.43 * ((cos(x0) - -1.35) + (x0)^2)) + x0))),0.4023296944949698,mlp,1.9300676566771502,4.797228947020417,False,"{'hidden': (256,), 'alpha': 0.01}",,,26.69774580001831
20260906,1,trig,8,8,0.0,((cos(x0) * (((sin(x0))^2 + x0) * x0)) - (2.79 - x0)),229.36571267987813,SR (ours),1.688817153354057e-28,7.362988711879141e-31,True,1*(((((sin(x0))^2 * 1) + x0) * cos(x0)) * x0) + -2.79 + 1*x0,8.0,k_ex=4+dedup,241.61055660247803
20260906,1,trig,8,8,0.0,((cos(x0) * (((sin(x0))^2 + x0) * x0)) - (2.79 - x0)),229.36571267987813,polynomial,1049.7209472277762,4.576625402999332,False,"{'degree': 1, 'alpha': 1.0}",,,0.2303791046142578
20260906,1,trig,8,8,0.0,((cos(x0) * (((sin(x0))^2 + x0) * x0)) - (2.79 - x0)),229.36571267987813,random_forest,586.3754422603596,2.556508710082374,False,{'max_depth': 8},,,4.892456293106079
20260906,1,trig,8,8,0.0,((cos(x0) * (((sin(x0))^2 + x0) * x0)) - (2.79 - x0)),229.36571267987813,mlp,509.50614079643697,2.221370120422254,False,"{'hidden': (64, 64), 'alpha': 0.01}",,,47.15544104576111
20260907,1,trig,8,5,0.0,((sin(sin((x0 * 2.28))) - cos(sin((0.37)^2))))^2,1.5068658298362978,SR (ours),1.3486718931475755e-30,8.950179016894238e-31,True,1*((sin((x0 - (x0 - sin((x0 * -2.28))))) + 0.991))^2,7.0,poly_deg=3,212.5559732913971
20260907,1,trig,8,5,0.0,((sin(sin((x0 * 2.28))) - cos(sin((0.37)^2))))^2,1.5068658298362978,polynomial,1.4873613191590536,0.9870562393206812,False,"{'degree': 1, 'alpha': 1.0}",,,0.28591084480285645
20260907,1,trig,8,5,0.0,((sin(sin((x0 * 2.28))) - cos(sin((0.37)^2))))^2,1.5068658298362978,random_forest,3.192660275162966,2.118742234343325,False,{'max_depth': 4},,,4.076207876205444
20260907,1,trig,8,5,0.0,((sin(sin((x0 * 2.28))) - cos(sin((0.37)^2))))^2,1.5068658298362978,mlp,2.668637058440999,1.7709851836848096,False,"{'hidden': (64, 64), 'alpha': 0.01}",,,32.56662702560425
20260908,1,trig,8,8,0.0,(((cos((sin(x0) - x0)) + cos(cos(x0))) - x0) - x0),171.04396182661588,SR (ours),2.660093206592486e-26,1.5552102384584458e-28,True,-1*((cos(cos(x0)) * -1) - cos((sin(x0) - x0))) + -2*x0,8.0,k_ex=4+dedup,212.38488793373108
20260908,1,trig,8,8,0.0,(((cos((sin(x0) - x0)) + cos(cos(x0))) - x0) - x0),171.04396182661588,polynomial,0.4746530299816778,0.0027750352886635357,False,"{'degree': 1, 'alpha': 1.0}",,,0.4069399833679199
20260908,1,trig,8,8,0.0,(((cos((sin(x0) - x0)) + cos(cos(x0))) - x0) - x0),171.04396182661588,random_forest,13.245691951361906,0.07744027798414083,False,{'max_depth': None},,,4.42653489112854
20260908,1,trig,8,8,0.0,(((cos((sin(x0) - x0)) + cos(cos(x0))) - x0) - x0),171.04396182661588,mlp,9.303448521762883,0.054392148208035646,False,"{'hidden': (64, 64), 'alpha': 0.01}",,,37.68399214744568
20260909,1,trig,8,5,0.0,(cos(((x0)^2 + ((x0 - x0) + (x0 + x0)))) - (2.86 * x0)),352.7358608399172,SR (ours),2.328742044115715e-28,6.601942990912887e-31,True,1*(x0 - sin((-0.571 - ((x0 + 1))^2))) + -3.86*x0,6.0,poly_deg=3,80.58275127410889
20260909,1,trig,8,5,0.0,(cos(((x0)^2 + ((x0 - x0) + (x0 + x0)))) - (2.86 * x0)),352.7358608399172,polynomial,0.6068156013300091,0.0017203116232216644,False,"{'degree': 1, 'alpha': 1.0}",,,0.26897406578063965
20260909,1,trig,8,5,0.0,(cos(((x0)^2 + ((x0 - x0) + (x0 + x0)))) - (2.86 * x0)),352.7358608399172,random_forest,27.859987384278433,0.07898257726883681,False,{'max_depth': 4},,,3.6632471084594727
20260909,1,trig,8,5,0.0,(cos(((x0)^2 + ((x0 - x0) + (x0 + x0)))) - (2.86 * x0)),352.7358608399172,mlp,4.366885802053284,0.01238004491988728,False,"{'hidden': (256,), 'alpha': 0.01}",,,57.009599924087524
20260910,1,trig,8,6,0.0,cos((cos(sin(((x0 - x0) - (cos(x0) + -0.36)))) + x0)),0.34992095833305203,SR (ours),4.442578713904494e-32,1.2695949208266865e-31,True,1*cos((cos(cos((cos(x0) + 4.35))) + x0)),6.0,k_ex=4+dedup,182.82898139953613
20260910,1,trig,8,6,0.0,cos((cos(sin(((x0 - x0) - (cos(x0) + -0.36)))) + x0)),0.34992095833305203,polynomial,0.7206056360715911,2.059338313156208,False,"{'degree': 1, 'alpha': 1.0}",,,0.4059600830078125
20260910,1,trig,8,6,0.0,cos((cos(sin(((x0 - x0) - (cos(x0) + -0.36)))) + x0)),0.34992095833305203,random_forest,1.3269216107255697,3.7920609758464825,False,{'max_depth': 8},,,4.3130738735198975
20260910,1,trig,8,6,0.0,cos((cos(sin(((x0 - x0) - (cos(x0) + -0.36)))) + x0)),0.34992095833305203,mlp,4.508710106404935,12.88493872411489,False,"{'hidden': (64, 64), 'alpha': 0.01}",,,12.003587245941162
20260911,1,trig,8,7,0.0,(((-2.43 * x0) * sin(sin((x0 * x0)))) - (-0.71 - (x0 + 1.07))),135.10164799290908,SR (ours),1.1387407463579522e-28,8.428770213208058e-31,True,-2.43*(sin(sin((x0)^2)) * x0) + 1.78 + 1*x0,5.0,k_ex=4+dedup,2.8700790405273438
20260911,1,trig,8,7,0.0,(((-2.43 * x0) * sin(sin((x0 * x0)))) - (-0.71 - (x0 + 1.07))),135.10164799290908,polynomial,107.0269574916919,0.7921957954007289,False,"{'degree': 2, 'alpha': 0.0001}",,,0.2969188690185547
20260911,1,trig,8,7,0.0,(((-2.43 * x0) * sin(sin((x0 * x0)))) - (-0.71 - (x0 + 1.07))),135.10164799290908,random_forest,124.71935733717667,0.923152005841725,False,{'max_depth': 4},,,3.6639719009399414
20260911,1,trig,8,7,0.0,(((-2.43 * x0) * sin(sin((x0 * x0)))) - (-0.71 - (x0 + 1.07))),135.10164799290908,mlp,1186.0308478471925,8.778803704226037,False,"{'hidden': (64, 64), 'alpha': 0.01}",,,52.836260080337524
20260912,1,full,2,2,0.0,cos((-0.28 / x0)),6.853019671032343e-08,SR (ours),1.6710632559412435e-06,24.384334733560067,False,-0.0397*((((0.00203 / x0) - x0) / (-0.00143 - (x0)^2)))^2 + 1 + -4.48e-05*x0^2,7.0,poly_deg=3,190.9567470550537
20260912,1,full,2,2,0.0,cos((-0.28 / x0)),6.853019671032343e-08,polynomial,0.0067483015517888515,98471.9419428178,False,"{'degree': 1, 'alpha': 1.0}",,,0.3344080448150635
20260912,1,full,2,2,0.0,cos((-0.28 / x0)),6.853019671032343e-08,random_forest,4.920799501944792e-07,7.180483550550672,False,{'max_depth': None},,,3.7403249740600586
20260912,1,full,2,2,0.0,cos((-0.28 / x0)),6.853019671032343e-08,mlp,0.25112136659599527,3664389.9864680553,False,"{'hidden': (256,), 'alpha': 0.01}",,,0.5247218608856201
20260913,1,full,2,2,0.0,(cos(x0))^2,0.12178938310101049,SR (ours),2.549393868281407e-31,2.0932808783233378e-30,True,-1*(sin(x0))^2 + 1,2.0,k_ex=4+dedup,0.045333147048950195
20260913,1,full,2,2,0.0,(cos(x0))^2,0.12178938310101049,polynomial,0.13321023266985826,1.0937754119287677,False,"{'degree': 1, 'alpha': 1.0}",,,0.452178955078125
20260913,1,full,2,2,0.0,(cos(x0))^2,0.12178938310101049,random_forest,0.315733017832585,2.59245108065553,False,{'max_depth': 4},,,3.629699945449829
20260913,1,full,2,2,0.0,(cos(x0))^2,0.12178938310101049,mlp,2.965911717454203,24.352793666705047,False,"{'hidden': (256,), 'alpha': 0.01}",,,5.67901611328125
20260914,1,full,2,4,0.0,sqrt((1.87 - x0)),0.17285023472673866,SR (ours),1.5368920956210142e-31,8.891466639028337e-31,True,1*sqrt((x0 - exp(sin(((x0 * 0.676) / x0))))),6.0,poly_deg=3,126.97436308860779
20260914,1,full,2,4,0.0,sqrt((1.87 - x0)),0.17285023472673866,polynomial,2.818273730609249,16.30471451233316,False,"{'degree': 3, 'alpha': 1.0}",,,0.4201672077178955
20260914,1,full,2,4,0.0,sqrt((1.87 - x0)),0.17285023472673866,random_forest,0.153630192595608,0.8888052297903102,False,{'max_depth': 8},,,4.39453387260437
20260914,1,full,2,4,0.0,sqrt((1.87 - x0)),0.17285023472673866,mlp,0.07821686727539595,0.45251235787472366,False,"{'hidden': (256,), 'alpha': 0.0001}",,,12.847872018814087
20260915,1,full,2,1,0.0,((x0)^2)^2,992001.5328705735,SR (ours),5.642942936099359e-25,5.6884417504580555e-31,True,1*((x0)^2)^2,2.0,k_ex=4+dedup,0.07915997505187988
20260915,1,full,2,1,0.0,((x0)^2)^2,992001.5328705735,polynomial,0.00015349888414640438,1.5473653926947246e-10,False,"{'degree': 4, 'alpha': 0.0001}",,,0.612421989440918
20260915,1,full,2,1,0.0,((x0)^2)^2,992001.5328705735,random_forest,2924941.6870091115,2.948525370263444,False,{'max_depth': 8},,,5.624241828918457
20260915,1,full,2,1,0.0,((x0)^2)^2,992001.5328705735,mlp,1586382.037541402,1.5991729699760227,False,"{'hidden': (64, 64), 'alpha': 0.01}",,,57.90389609336853
20260916,1,full,2,1,0.0,(x0 + (x0 + x0)),380.3452070933315,SR (ours),1.6208626411962977e-29,4.2615566358341414e-32,True,1.5*x0 + 1.5*x0,1.0,k_ex=4+dedup,0.0051691532135009766
20260916,1,full,2,1,0.0,(x0 + (x0 + x0)),380.3452070933315,polynomial,2.3214714244491578e-10,6.103590583381534e-13,False,"{'degree': 1, 'alpha': 0.0001}",,,0.4871211051940918
20260916,1,full,2,1,0.0,(x0 + (x0 + x0)),380.3452070933315,random_forest,27.067899696572738,0.07116666436638085,False,{'max_depth': 8},,,5.569591045379639
20260916,1,full,2,1,0.0,(x0 + (x0 + x0)),380.3452070933315,mlp,2.3118307586665514,0.006078243436624297,False,"{'hidden': (64, 64), 'alpha': 0.0001}",,,24.526577949523926
20260917,1,full,2,2,0.0,(x0 + (-1.91 + x0)),166.59898309389513,SR (ours),3.4167537957385074e-29,2.0508851448467883e-31,True,1*x0 + -1.91 + 1*x0,1.0,k_ex=4+dedup,0.005875349044799805
20260917,1,full,2,2,0.0,(x0 + (-1.91 + x0)),166.59898309389513,polynomial,1.016872909762447e-10,6.103716186486791e-13,False,"{'degree': 1, 'alpha': 0.0001}",,,0.30902981758117676
20260917,1,full,2,2,0.0,(x0 + (-1.91 + x0)),166.59898309389513,random_forest,11.90640334843505,0.07146744312193434,False,{'max_depth': 8},,,3.8934290409088135
20260917,1,full,2,2,0.0,(x0 + (-1.91 + x0)),166.59898309389513,mlp,1.3848644134211943,0.008312562223988396,False,"{'hidden': (256,), 'alpha': 0.0001}",,,10.647387981414795
20260918,1,full,2,4,0.0,sqrt((x0 * -1.7)),0.04860771926138732,SR (ours),7.010384997569539e-32,1.442236974722326e-30,True,1.3*sqrt(x0),1.0,k_ex=4+dedup,0.011972904205322266
20260918,1,full,2,4,0.0,sqrt((x0 * -1.7)),0.04860771926138732,polynomial,2.105878746473259,43.323957150693,False,"{'degree': 1, 'alpha': 1.0}",,,0.26476407051086426
20260918,1,full,2,4,0.0,sqrt((x0 * -1.7)),0.04860771926138732,random_forest,0.22754449274398247,4.681241913868972,False,{'max_depth': 8},,,4.738681077957153
20260918,1,full,2,4,0.0,sqrt((x0 * -1.7)),0.04860771926138732,mlp,0.08598981733750533,1.7690568215121614,False,"{'hidden': (256,), 'alpha': 0.0001}",,,15.069072008132935
20260919,1,full,2,1,0.0,(-1.39 + (x0 + -2.82)),43.07816080054127,SR (ours),6.937450030575594e-29,1.6104331990163392e-30,True,0.5*x0 + -4.21 + 0.5*x0,1.0,k_ex=4+dedup,0.008406877517700195
20260919,1,full,2,1,0.0,(-1.39 + (x0 + -2.82)),43.07816080054127,polynomial,2.6307958085167668e-11,6.107029083014406e-13,False,"{'degree': 1, 'alpha': 0.0001}",,,0.29596805572509766
20260919,1,full,2,1,0.0,(-1.39 + (x0 + -2.82)),43.07816080054127,random_forest,3.3835374520888117,0.07854414833899544,False,{'max_depth': 8},,,4.190112113952637
20260919,1,full,2,1,0.0,(-1.39 + (x0 + -2.82)),43.07816080054127,mlp,0.4959488965327161,0.011512768588915352,False,"{'hidden': (64, 64), 'alpha': 0.01}",,,8.700998783111572
20260920,1,full,2,4,0.0,sqrt((x0 + -2.39)),0.25656136249124517,SR (ours),1.8354646413618215e-09,7.154096094358146e-09,False,-2.7e-06*(sqrt(x0) - ((x0 + 3.7e+05) * sqrt((2.39 - x0)))),6.0,k_ex=4+dedup,209.9846591949463
20260920,1,full,2,4,0.0,sqrt((x0 + -2.39)),0.25656136249124517,polynomial,3.9555044061348017,15.417381509539569,False,"{'degree': 3, 'alpha': 0.0001}",,,0.26829099655151367
20260920,1,full,2,4,0.0,sqrt((x0 + -2.39)),0.25656136249124517,random_forest,0.18811961427709392,0.7332343905973498,False,{'max_depth': 8},,,3.5018999576568604
20260920,1,full,2,4,0.0,sqrt((x0 + -2.39)),0.25656136249124517,mlp,0.10690672511087172,0.4166906664074166,False,"{'hidden': (64, 64), 'alpha': 0.01}",,,9.86695909500122
20260921,1,full,2,1,0.0,((x0 + -1.48) - 1.68),42.61445521086558,SR (ours),6.99199236660064e-29,1.640756013893113e-30,True,0.5*x0 + -3.16 + 0.5*x0,1.0,k_ex=4+dedup,0.005749940872192383
20260921,1,full,2,1,0.0,((x0 + -1.48) - 1.68),42.61445521086558,polynomial,2.6026517161064116e-11,6.107438668939743e-13,False,"{'degree': 1, 'alpha': 0.0001}",,,0.38332319259643555
20260921,1,full,2,1,0.0,((x0 + -1.48) - 1.68),42.61445521086558,random_forest,3.3032471862163932,0.07751471114370015,False,{'max_depth': 8},,,3.9132399559020996
20260921,1,full,2,1,0.0,((x0 + -1.48) - 1.68),42.61445521086558,mlp,0.413993643660602,0.00971486416081284,False,"{'hidden': (256,), 'alpha': 0.0001}",,,5.0329649448394775
20260922,1,full,2,2,0.0,(exp(x0) / 2.26),93525.0866530887,SR (ours),2.507788817705506e-27,2.6814076387949384e-32,True,0.442*exp(x0),1.0,k_ex=4+dedup,0.011690855026245117
20260922,1,full,2,2,0.0,(exp(x0) / 2.26),93525.0866530887,polynomial,3756.260299190032,0.04016313091612603,False,"{'degree': 8, 'alpha': 0.0001}",,,0.3097240924835205
20260922,1,full,2,2,0.0,(exp(x0) / 2.26),93525.0866530887,random_forest,115057.51084311272,1.2302315342395131,False,{'max_depth': None},,,4.238316059112549
20260922,1,full,2,2,0.0,(exp(x0) / 2.26),93525.0866530887,mlp,103541.44198528798,1.1070980598965154,False,"{'hidden': (64, 64), 'alpha': 0.01}",,,26.779069900512695
20260923,1,full,2,3,0.0,((x0 / -0.56) * x0),398.4384699994307,SR (ours),4.9698237028923744e-29,1.247325265278595e-31,True,-1.79*x0^2,1.0,k_ex=4+dedup,0.004695892333984375
20260923,1,full,2,3,0.0,((x0 / -0.56) * x0),398.4384699994307,polynomial,2.725462109281464e-09,6.840358837050444e-12,False,"{'degree': 2, 'alpha': 0.0001}",,,0.3858671188354492
20260923,1,full,2,3,0.0,((x0 / -0.56) * x0),398.4384699994307,random_forest,1441.410411610584,3.6176486964540437,False,{'max_depth': 8},,,4.289385795593262
20260923,1,full,2,3,0.0,((x0 / -0.56) * x0),398.4384699994307,mlp,171.50565140243978,0.4304445085402643,False,"{'hidden': (256,), 'alpha': 0.0001}",,,38.99411416053772
20260924,1,full,2,2,0.0,((x0 + x0))^2,2025.2464984252877,SR (ours),6.7053176943786e-28,3.3108649735191547e-31,True,4*x0^2,1.0,k_ex=4+dedup,0.013140201568603516
20260924,1,full,2,2,0.0,((x0 + x0))^2,2025.2464984252877,polynomial,1.3040607251739548e-08,6.43902224340551e-12,False,"{'degree': 2, 'alpha': 0.0001}",,,0.4158780574798584
20260924,1,full,2,2,0.0,((x0 + x0))^2,2025.2464984252877,random_forest,7989.326989782139,3.9448664624252747,False,{'max_depth': 8},,,4.721718072891235
20260924,1,full,2,2,0.0,((x0 + x0))^2,2025.2464984252877,mlp,1414.015275680209,0.6981941589725813,False,"{'hidden': (256,), 'alpha': 0.0001}",,,45.94976210594177
20260925,1,full,2,2,0.0,((x0 + x0))^2,1957.0195133331938,SR (ours),6.728983521535231e-28,3.438383457952564e-31,True,4*x0^2,1.0,k_ex=4+dedup,0.005438327789306641
20260925,1,full,2,2,0.0,((x0 + x0))^2,1957.0195133331938,polynomial,1.2649805986610213e-08,6.463811883543805e-12,False,"{'degree': 2, 'alpha': 0.0001}",,,0.38167285919189453
20260925,1,full,2,2,0.0,((x0 + x0))^2,1957.0195133331938,random_forest,7603.867207280227,3.885432493378325,False,{'max_depth': 8},,,4.418992280960083
20260925,1,full,2,2,0.0,((x0 + x0))^2,1957.0195133331938,mlp,1418.7975813656312,0.7249787606609689,False,"{'hidden': (256,), 'alpha': 0.0001}",,,45.76017475128174
20260926,1,full,2,2,0.0,((0.58 + x0) / x0),0.008528814761398374,SR (ours),4.4850093579917755e-31,5.258654905123556e-29,True,0.58*(x0 / (x0)^2) + 1,2.0,k_ex=4+dedup,0.03348278999328613
20260926,1,full,2,2,0.0,((0.58 + x0) / x0),0.008528814761398374,polynomial,0.1356199672455472,15.90138501534428,False,"{'degree': 1, 'alpha': 1.0}",,,0.28914475440979004
20260926,1,full,2,2,0.0,((0.58 + x0) / x0),0.008528814761398374,random_forest,0.0009097869450302905,0.10667214266957803,False,{'max_depth': None},,,4.470037937164307
20260926,1,full,2,2,0.0,((0.58 + x0) / x0),0.008528814761398374,mlp,0.17412593348991395,20.41619361672764,False,"{'hidden': (64, 64), 'alpha': 0.0001}",,,32.09845519065857
20260927,1,full,2,2,0.0,((x0 * x0) / 2.88),13.966082236597124,SR (ours),3.7951605112117115e-29,2.7174124045086628e-30,True,0.347*x0^2,1.0,k_ex=4+dedup,0.00535893440246582
20260927,1,full,2,2,0.0,((x0 * x0) / 2.88),13.966082236597124,polynomial,1.008607497570071e-10,7.221835590564452e-12,False,"{'degree': 2, 'alpha': 0.0001}",,,0.2924509048461914
20260927,1,full,2,2,0.0,((x0 * x0) / 2.88),13.966082236597124,random_forest,60.105645386688536,4.303686915804202,False,{'max_depth': 8},,,3.5403342247009277
20260927,1,full,2,2,0.0,((x0 * x0) / 2.88),13.966082236597124,mlp,7.389909307495978,0.529132592970937,False,"{'hidden': (256,), 'alpha': 0.0001}",,,12.244890928268433
20260928,1,full,2,1,0.0,(cos(-0.33) + x0),42.0453023889455,SR (ours),2.9428209550236964e-30,6.999167059855465e-32,True,0.5*x0 + 0.946 + 0.5*x0,1.0,k_ex=4+dedup,0.005329132080078125
20260928,1,full,2,1,0.0,(cos(-0.33) + x0),42.0453023889455,polynomial,2.5739159594774913e-11,6.121768219591214e-13,False,"{'degree': 1, 'alpha': 0.0001}",,,0.2950747013092041
20260928,1,full,2,1,0.0,(cos(-0.33) + x0),42.0453023889455,random_forest,3.0481782816435876,0.07249747554307068,False,{'max_depth': 8},,,3.486454963684082
20260928,1,full,2,1,0.0,(cos(-0.33) + x0),42.0453023889455,mlp,0.3050567759252299,0.007255430656753584,False,"{'hidden': (256,), 'alpha': 0.01}",,,5.807401895523071
20260929,1,full,2,2,0.0,(x0 - (x0 * x0)),178.21259991473104,SR (ours),7.153982334223051e-29,4.01429659723611e-31,True,0.5*x0 + 0.5*x0 + -1*x0^2,2.0,k_ex=4+dedup,0.005765199661254883
20260929,1,full,2,2,0.0,(x0 - (x0 * x0)),178.21259991473104,polynomial,8.629281374696396e-10,4.842127536899876e-12,False,"{'degree': 2, 'alpha': 0.0001}",,,0.28073692321777344
20260929,1,full,2,2,0.0,(x0 - (x0 * x0)),178.21259991473104,random_forest,484.06286908146694,2.7162101294357153,False,{'max_depth': 8},,,3.5753819942474365
20260929,1,full,2,2,0.0,(x0 - (x0 * x0)),178.21259991473104,mlp,49.62239807579006,0.278444947773237,False,"{'hidden': (256,), 'alpha': 0.0001}",,,26.302715301513672
20260930,1,full,2,2,0.0,(x0 - cos(x0)),41.901099216497805,SR (ours),9.293767539635045e-30,2.218024756729005e-31,True,-1*cos(x0) + 1*x0,2.0,k_ex=4+dedup,0.012868165969848633
20260930,1,full,2,2,0.0,(x0 - cos(x0)),41.901099216497805,polynomial,153.08107921927507,3.6533905334636696,False,"{'degree': 8, 'alpha': 0.0001}",,,0.2719390392303467
20260930,1,full,2,2,0.0,(x0 - cos(x0)),41.901099216497805,random_forest,3.538442529065196,0.0844474869449725,False,{'max_depth': 8},,,3.6419079303741455
20260930,1,full,2,2,0.0,(x0 - cos(x0)),41.901099216497805,mlp,1.1650727580516058,0.02780530295951948,False,"{'hidden': (64, 64), 'alpha': 0.0001}",,,8.770375967025757
20260931,1,full,2,2,0.0,((x0 + x0) - 2.34),174.150307823541,SR (ours),2.6131017485446016e-30,1.5004864368039735e-32,True,1*x0 + -2.34 + 1*x0,1.0,k_ex=4+dedup,0.004697322845458984
20260931,1,full,2,2,0.0,((x0 + x0) - 2.34),174.150307823541,polynomial,1.0649284909092282e-10,6.114996316792471e-13,False,"{'degree': 1, 'alpha': 0.0001}",,,0.2946319580078125
20260931,1,full,2,2,0.0,((x0 + x0) - 2.34),174.150307823541,random_forest,14.333908684234576,0.08230768503009772,False,{'max_depth': 8},,,3.6373391151428223
20260931,1,full,2,2,0.0,((x0 + x0) - 2.34),174.150307823541,mlp,1.3885539067411226,0.007973307220037099,False,"{'hidden': (256,), 'alpha': 0.01}",,,7.342803001403809
20260932,1,full,2,1,0.0,((-0.9 - x0) + 1.34),42.43594643400188,SR (ours),4.212393974363762e-30,9.926475849702208e-32,True,-0.5*x0 + 0.44 + -0.5*x0,1.0,k_ex=4+dedup,0.005366086959838867
20260932,1,full,2,1,0.0,((-0.9 - x0) + 1.34),42.43594643400188,polynomial,2.5928456613167334e-11,6.110021995972761e-13,False,"{'degree': 1, 'alpha': 0.0001}",,,0.3018507957458496
20260932,1,full,2,1,0.0,((-0.9 - x0) + 1.34),42.43594643400188,random_forest,3.14229783043735,0.07404802047538589,False,{'max_depth': 8},,,3.4924800395965576
20260932,1,full,2,1,0.0,((-0.9 - x0) + 1.34),42.43594643400188,mlp,0.28621423046253075,0.006744617582823629,False,"{'hidden': (256,), 'alpha': 0.01}",,,3.669790029525757
20260933,1,full,2,4,0.0,sqrt((x0 - 1.09)),0.0712243952194591,SR (ours),6.240013019814644e-32,8.761061432094577e-31,True,1*sqrt(((1.09 - x0) - (4.52e-16 / sqrt(x0)))),5.0,poly_deg=3,22.275274753570557
20260933,1,full,2,4,0.0,sqrt((x0 - 1.09)),0.0712243952194591,polynomial,1.1844264935328592,16.629505801816396,False,"{'degree': 2, 'alpha': 1.0}",,,0.24027585983276367
20260933,1,full,2,4,0.0,sqrt((x0 - 1.09)),0.0712243952194591,random_forest,0.15039660947334732,2.111588438342509,False,{'max_depth': 8},,,3.192115068435669
20260933,1,full,2,4,0.0,sqrt((x0 - 1.09)),0.0712243952194591,mlp,0.02152753984452894,0.3022495281033631,False,"{'hidden': (64, 64), 'alpha': 0.01}",,,11.262102842330933
20260934,1,full,2,3,0.0,((2.43 + x0) * -0.88),33.74427960303488,SR (ours),2.387305721864642e-29,7.074697548588156e-31,True,-0.44*x0 + -2.14 + -0.44*x0,1.0,k_ex=4+dedup,0.005261898040771484
20260934,1,full,2,3,0.0,((2.43 + x0) * -0.88),33.74427960303488,polynomial,2.059630399432749e-11,6.103643117180403e-13,False,"{'degree': 1, 'alpha': 0.0001}",,,0.224700927734375
20260934,1,full,2,3,0.0,((2.43 + x0) * -0.88),33.74427960303488,random_forest,3.0514881028656182,0.09042978954546045,False,{'max_depth': 8},,,3.360011100769043
20260934,1,full,2,3,0.0,((2.43 + x0) * -0.88),33.74427960303488,mlp,0.3647975768076077,0.010810649422629803,False,"{'hidden': (256,), 'alpha': 0.01}",,,1.7421207427978516
20260935,1,full,2,1,0.0,((2.43 - -2.41) + x0),43.16216585011277,SR (ours),3.0740923400331304e-29,7.12219203899171e-31,True,0.5*x0 + 4.84 + 0.5*x0,1.0,k_ex=4+dedup,0.004656314849853516
20260935,1,full,2,1,0.0,((2.43 - -2.41) + x0),43.16216585011277,polynomial,2.645440466132381e-11,6.129072566281956e-13,False,"{'degree': 1, 'alpha': 0.0001}",,,0.27754712104797363
20260935,1,full,2,1,0.0,((2.43 - -2.41) + x0),43.16216585011277,random_forest,3.4145074037553655,0.07910880597634432,False,{'max_depth': 8},,,3.418390989303589
20260935,1,full,2,1,0.0,((2.43 - -2.41) + x0),43.16216585011277,mlp,2.1044012882314433,0.04875569255582074,False,"{'hidden': (64, 64), 'alpha': 0.0001}",,,7.331818103790283
20260936,1,full,2,0,0.0,((x0 + x0) - x0),42.88844914535474,SR (ours),0.0,0.0,True,0.5*x0 + 0.5*x0,1.0,k_ex=4+dedup,0.0055179595947265625
20260936,1,full,2,0,0.0,((x0 + x0) - x0),42.88844914535474,polynomial,2.6211414663581097e-11,6.111532402290201e-13,False,"{'degree': 1, 'alpha': 0.0001}",,,0.271359920501709
20260936,1,full,2,0,0.0,((x0 + x0) - x0),42.88844914535474,random_forest,3.354787304601887,0.07822123139104564,False,{'max_depth': 8},,,3.3749749660491943
20260936,1,full,2,0,0.0,((x0 + x0) - x0),42.88844914535474,mlp,0.22075184721517482,0.005147116569009456,False,"{'hidden': (64, 64), 'alpha': 0.01}",,,3.2170870304107666
20260937,1,full,4,2,0.0,(sqrt((sqrt(0.66) + x0)))^2,1.440887871950789,SR (ours),2.9797988099559313e-30,2.068029628094268e-30,True,1*sqrt(((sqrt(((0.66 - x0) + x0)) + x0))^2),6.0,poly_deg=3,136.073655128479
20260937,1,full,4,2,0.0,(sqrt((sqrt(0.66) + x0)))^2,1.440887871950789,polynomial,7.8291692245755895,5.4335728525328175,False,"{'degree': 2, 'alpha': 1.0}",,,0.2669541835784912
20260937,1,full,4,2,0.0,(sqrt((sqrt(0.66) + x0)))^2,1.440887871950789,random_forest,3.527248107245332,2.447968489366117,False,{'max_depth': 8},,,3.4620368480682373
20260937,1,full,4,2,0.0,(sqrt((sqrt(0.66) + x0)))^2,1.440887871950789,mlp,0.0037045577912463547,0.0025710243408675715,False,"{'hidden': (64, 64), 'alpha': 0.0001}",,,6.262132883071899
20260938,1,full,4,5,0.0,log((x0 / (x0 + cos(x0)))),0.013577994152210879,SR (ours),2.7462040823656067e-33,2.022540333704922e-31,True,1*log((x0 / (cos(x0) + x0))),4.0,k_ex=4+dedup,153.13449692726135
20260938,1,full,4,5,0.0,log((x0 / (x0 + cos(x0)))),0.013577994152210879,polynomial,0.16395198564909214,12.074831069388562,False,"{'degree': 1, 'alpha': 1.0}",,,0.2724130153656006
20260938,1,full,4,5,0.0,log((x0 / (x0 + cos(x0)))),0.013577994152210879,random_forest,0.009198688795185588,0.6774703753785152,False,{'max_depth': None},,,3.4825940132141113
20260938,1,full,4,5,0.0,log((x0 / (x0 + cos(x0)))),0.013577994152210879,mlp,0.05991649879682983,4.412765105446281,False,"{'hidden': (64, 64), 'alpha': 0.01}",,,14.79889464378357
20260939,1,full,4,6,0.0,((x0 * (x0 + log(x0))))^2,2551578.100943614,SR (ours),0.0,0.0,True,1*(((log(x0) + x0) * x0))^2,4.0,k_ex=4+dedup,179.0407178401947
20260939,1,full,4,6,0.0,((x0 * (x0 + log(x0))))^2,2551578.100943614,polynomial,66967.12848167219,0.026245376716827397,False,"{'degree': 4, 'alpha': 0.0001}",,,0.2572469711303711
20260939,1,full,4,6,0.0,((x0 * (x0 + log(x0))))^2,2551578.100943614,random_forest,4056547.4224510947,1.5898190304074642,False,{'max_depth': 8},,,3.4604129791259766
20260939,1,full,4,6,0.0,((x0 * (x0 + log(x0))))^2,2551578.100943614,mlp,2314188.768422202,0.9069637208307982,False,"{'hidden': (64, 64), 'alpha': 0.0001}",,,40.46231126785278
20260940,1,full,4,6,0.0,(sqrt((cos(x0) / x0)) - x0),42.88082233049065,SR (ours),2.4374569376164857e-30,5.684258848467367e-32,True,1*sqrt((cos(x0) / x0)) + -1*x0,4.0,k_ex=4+dedup,0.43306994438171387
20260940,1,full,4,6,0.0,(sqrt((cos(x0) / x0)) - x0),42.88082233049065,polynomial,0.21231304683324154,0.004951235431002337,False,"{'degree': 1, 'alpha': 1.0}",,,0.22811603546142578
20260940,1,full,4,6,0.0,(sqrt((cos(x0) / x0)) - x0),42.88082233049065,random_forest,3.305557885053076,0.07708709174410212,False,{'max_depth': None},,,3.1104698181152344
20260940,1,full,4,6,0.0,(sqrt((cos(x0) / x0)) - x0),42.88082233049065,mlp,0.29902413854334,0.006973376961819997,False,"{'hidden': (256,), 'alpha': 0.01}",,,28.862733125686646
20260941,1,full,4,6,0.0,sqrt(sin(cos((-0.41 + x0)))),0.047858932823326934,SR (ours),1.2685784570797222e-31,2.6506618143006397e-30,True,1*sqrt(sin(sqrt((sin((x0 + 1.16)))^2))),6.0,poly_deg=3,139.92325711250305
20260941,1,full,4,6,0.0,sqrt(sin(cos((-0.41 + x0)))),0.047858932823326934,polynomial,0.04846542116679439,1.01267241678176,False,"{'degree': 1, 'alpha': 1.0}",,,0.34187912940979004
20260941,1,full,4,6,0.0,sqrt(sin(cos((-0.41 + x0)))),0.047858932823326934,random_forest,0.10079303231744752,2.106044292494545,False,{'max_depth': 8},,,3.628214120864868
20260941,1,full,4,6,0.0,sqrt(sin(cos((-0.41 + x0)))),0.047858932823326934,mlp,1.014481108427554,21.19731988535034,False,"{'hidden': (256,), 'alpha': 0.01}",,,7.67244291305542
20260942,1,full,4,4,0.0,(sin((sin(x0) + 0.69)) - x0),41.0118131894022,SR (ours),7.087422195345028e-32,1.7281416363167473e-33,True,-1*(sin((sin(x0) + -2.45)) + x0),4.0,poly_deg=3,22.452514171600342
20260942,1,full,4,4,0.0,(sin((sin(x0) + 0.69)) - x0),41.0118131894022,polynomial,0.3323195180364781,0.008103019403257018,False,"{'degree': 1, 'alpha': 0.0001}",,,0.28795385360717773
20260942,1,full,4,4,0.0,(sin((sin(x0) + 0.69)) - x0),41.0118131894022,random_forest,0.8662451885473956,0.021121845663025714,False,{'max_depth': 8},,,3.3134429454803467
20260942,1,full,4,4,0.0,(sin((sin(x0) + 0.69)) - x0),41.0118131894022,mlp,3.317826847241709,0.08089929679332158,False,"{'hidden': (256,), 'alpha': 0.01}",,,13.682409048080444
20260943,1,full,4,2,0.0,cos((x0 + log(sin(0.72)))),0.19025098095610293,SR (ours),1.4707382710673305e-31,7.73051609866168e-31,True,-1*(x0 - (cos((0.416 - x0)) + x0)),4.0,poly_deg=3,10.156307697296143
20260943,1,full,4,2,0.0,cos((x0 + log(sin(0.72)))),0.19025098095610293,polynomial,210.78261570569202,1107.9186800846321,False,"{'degree': 8, 'alpha': 0.0001}",,,0.24405813217163086
20260943,1,full,4,2,0.0,cos((x0 + log(sin(0.72)))),0.19025098095610293,random_forest,0.508015479269557,2.670238422511854,False,{'max_depth': None},,,3.3291640281677246
20260943,1,full,4,2,0.0,cos((x0 + log(sin(0.72)))),0.19025098095610293,mlp,1.8532634326411177,9.74115047043424,False,"{'hidden': (64, 64), 'alpha': 0.01}",,,9.249319314956665
20260944,1,full,4,5,0.0,exp(sin((x0 + log(x0)))),0.32404028017430186,SR (ours),1.6298182154376983e-31,5.029677836844901e-31,True,1*exp(sin((log(x0) + x0))),4.0,poly_deg=3,5.778446912765503
20260944,1,full,4,5,0.0,exp(sin((x0 + log(x0)))),0.32404028017430186,polynomial,1.9903963306152488,6.142434914402034,False,"{'degree': 1, 'alpha': 1.0}",,,0.2585022449493408
20260944,1,full,4,5,0.0,exp(sin((x0 + log(x0)))),0.32404028017430186,random_forest,0.8894244445002835,2.7447959371651587,False,{'max_depth': None},,,3.3752200603485107
20260944,1,full,4,5,0.0,exp(sin((x0 + log(x0)))),0.32404028017430186,mlp,1.424059439196927,4.394698827043733,False,"{'hidden': (64, 64), 'alpha': 0.01}",,,31.32033109664917
20260945,1,full,4,3,0.0,cos((-0.88 - ((x0 + x0) - -1.52))),0.5271118803325031,SR (ours),4.275451922955572e-31,8.111090040806157e-31,True,-2*(cos(x0) * sin((x0 + 0.829))) + 0.737,4.0,poly_deg=3,30.682650089263916
20260945,1,full,4,3,0.0,cos((-0.88 - ((x0 + x0) - -1.52))),0.5271118803325031,polynomial,0.5672153338471668,1.0760814829090295,False,"{'degree': 1, 'alpha': 1.0}",,,0.2577688694000244
20260945,1,full,4,3,0.0,cos((-0.88 - ((x0 + x0) - -1.52))),0.5271118803325031,random_forest,1.0029611967270644,1.9027482288852884,False,{'max_depth': None},,,3.397296905517578
20260945,1,full,4,3,0.0,cos((-0.88 - ((x0 + x0) - -1.52))),0.5271118803325031,mlp,7.9363818691579,15.056351725845406,False,"{'hidden': (64, 64), 'alpha': 0.01}",,,10.45490312576294
20260946,1,full,4,2,0.0,(((x0 + sin(x0)) - x0) / x0),0.01128703106761743,SR (ours),3.107778453244537e-33,2.7534064845101514e-31,True,1*(sin(x0) / x0),2.0,k_ex=4+dedup,0.08353114128112793
20260946,1,full,4,2,0.0,(((x0 + sin(x0)) - x0) / x0),0.01128703106761743,polynomial,7.5444459973070215,668.4172261164488,False,"{'degree': 7, 'alpha': 0.0001}",,,0.3001117706298828
20260946,1,full,4,2,0.0,(((x0 + sin(x0)) - x0) / x0),0.01128703106761743,random_forest,0.05622400096919415,4.981292301967804,False,{'max_depth': 8},,,4.058532238006592
20260946,1,full,4,2,0.0,(((x0 + sin(x0)) - x0) / x0),0.01128703106761743,mlp,0.20165990811378318,17.866514843956338,False,"{'hidden': (64, 64), 'alpha': 0.01}",,,3.995584011077881
20260947,1,full,4,2,0.0,sin(((x0 - x0) + (x0 * x0))),0.5179390415953948,SR (ours),6.130489933628227e-32,1.1836315553167473e-31,True,1*sin((x0)^2),2.0,k_ex=4+dedup,0.04169797897338867
20260947,1,full,4,2,0.0,sin(((x0 - x0) + (x0 * x0))),0.5179390415953948,polynomial,0.525433739617836,1.0144702318623355,False,"{'degree': 1, 'alpha': 1.0}",,,0.26214122772216797
20260947,1,full,4,2,0.0,sin(((x0 - x0) + (x0 * x0))),0.5179390415953948,random_forest,0.6216736885085958,1.2002835055524483,False,{'max_depth': 4},,,3.401069164276123
20260947,1,full,4,2,0.0,sin(((x0 - x0) + (x0 * x0))),0.5179390415953948,mlp,7.105763510632055,13.719304667098173,False,"{'hidden': (64, 64), 'alpha': 0.01}",,,20.870024919509888
20260948,1,full,4,4,0.0,(x0 / (x0 - sin((x0 * x0)))),0.013352203463458152,SR (ours),2.1411526156725095e-31,1.6035949583395294e-29,True,1*(1 / (1 - (sin((x0)^2) / x0))),5.0,poly_deg=3,17.844735383987427
20260948,1,full,4,4,0.0,(x0 / (x0 - sin((x0 * x0)))),0.013352203463458152,polynomial,0.023761726699650654,1.7796108907927388,False,"{'degree': 1, 'alpha': 1.0}",,,0.2722151279449463
20260948,1,full,4,4,0.0,(x0 / (x0 - sin((x0 * x0)))),0.013352203463458152,random_forest,0.024931412023273543,1.8672133098858903,False,{'max_depth': 4},,,3.576526641845703
20260948,1,full,4,4,0.0,(x0 / (x0 - sin((x0 * x0)))),0.013352203463458152,mlp,0.29731467286634305,22.267086753135807,False,"{'hidden': (256,), 'alpha': 0.01}",,,26.817904949188232
20260949,1,full,4,3,0.0,((exp(x0) + sin(1.76)) + x0),608844.6608263885,SR (ours),1.984149111787711e-26,3.2588757682371946e-32,True,1*exp(x0) + 0.982 + 1*x0,2.0,k_ex=4+dedup,0.014420032501220703
20260949,1,full,4,3,0.0,((exp(x0) + sin(1.76)) + x0),608844.6608263885,polynomial,26955.317419038605,0.04427289775761849,False,"{'degree': 8, 'alpha': 0.0001}",,,0.27896928787231445
20260949,1,full,4,3,0.0,((exp(x0) + sin(1.76)) + x0),608844.6608263885,random_forest,751843.4989317192,1.2348691666462797,False,{'max_depth': None},,,3.4340081214904785
20260949,1,full,4,3,0.0,((exp(x0) + sin(1.76)) + x0),608844.6608263885,mlp,671072.8595331248,1.1022070204611363,False,"{'hidden': (64, 64), 'alpha': 0.01}",,,31.88145613670349
20260950,1,full,4,2,0.0,((x0 * x0) * log((-0.98 - 0.5))),20.74527228003405,SR (ours),2.4849118514461872e-29,1.197820794011824e-30,True,0.392*x0^2,1.0,k_ex=4+dedup,0.0046727657318115234
20260950,1,full,4,2,0.0,((x0 * x0) * log((-0.98 - 0.5))),20.74527228003405,polynomial,1.289320523607012e-10,6.215008924456959e-12,False,"{'degree': 2, 'alpha': 0.0001}",,,0.258652925491333
20260950,1,full,4,2,0.0,((x0 * x0) * log((-0.98 - 0.5))),20.74527228003405,random_forest,79.26381072196769,3.8208132268407895,False,{'max_depth': 8},,,3.4397809505462646
20260950,1,full,4,2,0.0,((x0 * x0) * log((-0.98 - 0.5))),20.74527228003405,mlp,9.984944212298025,0.48131179371927896,False,"{'hidden': (256,), 'alpha': 0.0001}",,,12.646850109100342
20260951,1,full,4,4,0.0,(exp((x0 - sin(x0))) * 1.12),126123.52469684373,SR (ours),3.623711454259368e-26,2.873144770548941e-31,True,1.12*exp((x0 - sin(x0))),3.0,k_ex=4+dedup,0.33667826652526855
20260951,1,full,4,4,0.0,(exp((x0 - sin(x0))) * 1.12),126123.52469684373,polynomial,3840062.8462897087,30.446840551910196,False,"{'degree': 7, 'alpha': 1.0}",,,0.2505650520324707
20260951,1,full,4,4,0.0,(exp((x0 - sin(x0))) * 1.12),126123.52469684373,random_forest,48389.131636026665,0.3836645998622144,False,{'max_depth': None},,,3.5646493434906006
20260951,1,full,4,4,0.0,(exp((x0 - sin(x0))) * 1.12),126123.52469684373,mlp,12748.754044997124,0.10108149193927629,False,"{'hidden': (64, 64), 'alpha': 0.01}",,,33.83135485649109
20260952,1,full,4,3,0.0,((x0 - (0.31 / x0)) * sqrt(-1.36)),57.952301092378804,SR (ours),5.084455053182303e-31,8.773517112077108e-33,True,-0.362*(x0 / (x0)^2) + 1.17*x0,3.0,k_ex=4+dedup,0.04293394088745117
20260952,1,full,4,3,0.0,((x0 - (0.31 / x0)) * sqrt(-1.36)),57.952301092378804,polynomial,0.055518430597598575,0.000958002176809157,False,"{'degree': 1, 'alpha': 0.0001}",,,0.2685110569000244
20260952,1,full,4,3,0.0,((x0 - (0.31 / x0)) * sqrt(-1.36)),57.952301092378804,random_forest,4.577732117591024,0.07899137793154917,False,{'max_depth': 8},,,3.4519600868225098
20260952,1,full,4,3,0.0,((x0 - (0.31 / x0)) * sqrt(-1.36)),57.952301092378804,mlp,19.611624488161347,0.33840976317574445,False,"{'hidden': (64, 64), 'alpha': 0.01}",,,33.38605618476868
20260953,1,full,4,3,0.0,((x0 / (sqrt(x0))^2) * x0),0.8485262256609899,SR (ours),8.96712982106697e-31,1.0567887650239334e-30,True,1*sqrt((x0)^2),2.0,k_ex=4+dedup,0.04202675819396973
20260953,1,full,4,3,0.0,((x0 / (sqrt(x0))^2) * x0),0.8485262256609899,polynomial,13.47956948000262,15.885860769361875,False,"{'degree': 4, 'alpha': 1.0}",,,0.26988983154296875
20260953,1,full,4,3,0.0,((x0 / (sqrt(x0))^2) * x0),0.8485262256609899,random_forest,2.9988252297892055,3.534157388539362,False,{'max_depth': 8},,,3.4439618587493896
20260953,1,full,4,3,0.0,((x0 / (sqrt(x0))^2) * x0),0.8485262256609899,mlp,0.000328946819186559,0.000387668417591117,False,"{'hidden': (256,), 'alpha': 0.01}",,,9.34420371055603
20260954,1,full,4,6,0.0,log((1.36 * (sqrt(x0) / x0))),0.004783469236644811,SR (ours),1.2470396389907352e-32,2.606977441053693e-30,True,-0.5*log(x0) + 0.307,1.0,k_ex=4+dedup,0.014462709426879883
20260954,1,full,4,6,0.0,log((1.36 * (sqrt(x0) / x0))),0.004783469236644811,polynomial,0.40873685214496924,85.44778526299517,False,"{'degree': 1, 'alpha': 1.0}",,,0.29602503776550293
20260954,1,full,4,6,0.0,log((1.36 * (sqrt(x0) / x0))),0.004783469236644811,random_forest,0.026887791249471073,5.620981325330009,False,{'max_depth': None},,,3.5101208686828613
20260954,1,full,4,6,0.0,log((1.36 * (sqrt(x0) / x0))),0.004783469236644811,mlp,0.005688386572794938,1.1891759497934702,False,"{'hidden': (64, 64), 'alpha': 0.0001}",,,15.748090267181396
20260955,1,full,4,2,0.0,((exp(x0) - (x0 - x0)) + -2.82),480095.3656323772,SR (ours),3.993608332681372e-30,8.31836468036101e-36,True,1*exp(x0) + -2.82,1.0,k_ex=4+dedup,0.010601520538330078
20260955,1,full,4,2,0.0,((exp(x0) - (x0 - x0)) + -2.82),480095.3656323772,polynomial,18605.4572597742,0.03875366977406096,False,"{'degree': 8, 'alpha': 0.0001}",,,0.2677428722381592
20260955,1,full,4,2,0.0,((exp(x0) - (x0 - x0)) + -2.82),480095.3656323772,random_forest,543896.8709626116,1.1328933997231898,False,{'max_depth': None},,,3.4603958129882812
20260955,1,full,4,2,0.0,((exp(x0) - (x0 - x0)) + -2.82),480095.3656323772,mlp,490160.2783978403,1.0209644030873026,False,"{'hidden': (256,), 'alpha': 0.0001}",,,35.935099363327026
20260956,1,full,4,2,0.0,((x0 + (x0 / (1.28 * x0))) * x0),141.12015524082165,SR (ours),7.326545657240147e-29,5.191707481285995e-31,True,0.391*x0 + 0.391*x0 + 1*x0^2,2.0,k_ex=4+dedup,0.00466609001159668
20260956,1,full,4,2,0.0,((x0 + (x0 / (1.28 * x0))) * x0),141.12015524082165,polynomial,8.002498158571039e-10,5.670698239322916e-12,False,"{'degree': 2, 'alpha': 0.0001}",,,0.2768518924713135
20260956,1,full,4,2,0.0,((x0 + (x0 / (1.28 * x0))) * x0),141.12015524082165,random_forest,474.59887542202057,3.3630835695448127,False,{'max_depth': 8},,,3.657835006713867
20260956,1,full,4,2,0.0,((x0 + (x0 / (1.28 * x0))) * x0),141.12015524082165,mlp,48.02858294271476,0.34033822355675525,False,"{'hidden': (256,), 'alpha': 0.0001}",,,25.65683889389038
20260957,1,full,4,2,0.0,sin((((x0 + x0))^2 / x0)),0.4861113334116569,SR (ours),2.637877669425506e-30,5.426488724120436e-30,True,1*cos((((x0 + 1.18) * 4) - ((x0)^2 * -3.73e-17))),6.0,poly_deg=3,142.98985409736633
20260957,1,full,4,2,0.0,sin((((x0 + x0))^2 / x0)),0.4861113334116569,polynomial,0.49099414842196604,1.010044643427752,False,"{'degree': 1, 'alpha': 1.0}",,,0.2632598876953125
20260957,1,full,4,2,0.0,sin((((x0 + x0))^2 / x0)),0.4861113334116569,random_forest,0.5934242976272008,1.2207579968613227,False,{'max_depth': 4},,,3.443912982940674
20260957,1,full,4,2,0.0,sin((((x0 + x0))^2 / x0)),0.4861113334116569,mlp,40.94218652575428,84.22388805134673,False,"{'hidden': (64, 64), 'alpha': 0.01}",,,13.377632141113281
20260958,1,full,4,2,0.0,((sin(1.5))^2 - sin(x0)),0.4800859942819147,SR (ours),2.3556530632286379e-32,4.9067314841210684e-32,True,-1*sin(x0) + 0.995,1.0,k_ex=4+dedup,0.009823322296142578
20260958,1,full,4,2,0.0,((sin(1.5))^2 - sin(x0)),0.4800859942819147,polynomial,326.3502841373182,679.774640427606,False,"{'degree': 7, 'alpha': 0.0001}",,,0.25406479835510254
20260958,1,full,4,2,0.0,((sin(1.5))^2 - sin(x0)),0.4800859942819147,random_forest,1.859414934488128,3.8730872315267915,False,{'max_depth': 8},,,3.541498899459839
20260958,1,full,4,2,0.0,((sin(1.5))^2 - sin(x0)),0.4800859942819147,mlp,5.015404655407368,10.446888089099797,False,"{'hidden': (64, 64), 'alpha': 0.0001}",,,7.386599063873291
20260959,1,full,4,4,0.0,log(((-1.8 / -2.04) + (x0 + x0))),0.02502398604737107,SR (ours),1.4043881154471724e-30,5.612167912772283e-29,True,1*log(((exp((1.93e-16 / x0)) * 0.441) + x0)) + 0.693,5.0,poly_deg=3,91.35793018341064
20260959,1,full,4,4,0.0,log(((-1.8 / -2.04) + (x0 + x0))),0.02502398604737107,polynomial,1.3614774642188983,54.40689831114776,False,"{'degree': 1, 'alpha': 1.0}",,,0.2661468982696533
20260959,1,full,4,4,0.0,log(((-1.8 / -2.04) + (x0 + x0))),0.02502398604737107,random_forest,0.09861069463882202,3.9406469637630614,False,{'max_depth': 8},,,3.4910309314727783
20260959,1,full,4,4,0.0,log(((-1.8 / -2.04) + (x0 + x0))),0.02502398604737107,mlp,0.04220991248780051,1.686778133903049,False,"{'hidden': (64, 64), 'alpha': 0.0001}",,,27.66980004310608
20260960,1,full,4,6,0.0,((x0 + sqrt(x0)) / (x0 * x0)),0.025184784978719225,SR (ours),2.0011615828398623e-34,7.945914902711357e-33,True,1*(((sqrt(x0) + x0) / x0) / x0),4.0,poly_deg=3,6.540562152862549
20260960,1,full,4,6,0.0,((x0 + sqrt(x0)) / (x0 * x0)),0.025184784978719225,polynomial,16.968753654593932,673.7700428624776,False,"{'degree': 1, 'alpha': 1.0}",,,0.23914599418640137
20260960,1,full,4,6,0.0,((x0 + sqrt(x0)) / (x0 * x0)),0.025184784978719225,random_forest,0.003811104151565347,0.15132565772491902,False,{'max_depth': None},,,3.2821569442749023
20260960,1,full,4,6,0.0,((x0 + sqrt(x0)) / (x0 * x0)),0.025184784978719225,mlp,98.83893510525114,3924.549492432379,False,"{'hidden': (64, 64), 'alpha': 0.0001}",,,34.43756175041199
20260961,1,full,4,4,0.0,sin(((x0 / 0.99) - (x0)^2)),0.4801718417653885,SR (ours),4.440129324570742e-30,9.246958980864573e-30,True,1*sin(((x0 * 1.01) - (x0)^2)),4.0,poly_deg=3,23.792745113372803
20260961,1,full,4,4,0.0,sin(((x0 / 0.99) - (x0)^2)),0.4801718417653885,polynomial,0.4910799538064402,1.0227171006132871,False,"{'degree': 1, 'alpha': 1.0}",,,0.2600138187408447
20260961,1,full,4,4,0.0,sin(((x0 / 0.99) - (x0)^2)),0.4801718417653885,random_forest,0.5575509125870365,1.1611487057157661,False,{'max_depth': 4},,,3.4733119010925293
20260961,1,full,4,4,0.0,sin(((x0 / 0.99) - (x0)^2)),0.4801718417653885,mlp,12.218653762942093,25.446418761290285,False,"{'hidden': (64, 64), 'alpha': 0.01}",,,20.534981966018677
20260962,1,full,6,8,0.0,((cos((sin((x0 + x0)) - x0)) + x0) / -1.59),16.642610539468485,SR (ours),1.8501515197936084e-07,1.1116954971733038e-08,False,2.73*((0.311 - cos(sin((cos(x0) * -1.56)))) * cos(x0)) + -0.629*x0,8.0,k_ex=4+dedup,206.33871912956238
20260962,1,full,6,8,0.0,((cos((sin((x0 + x0)) - x0)) + x0) / -1.59),16.642610539468485,polynomial,0.4770390355267021,0.028663714409190116,False,"{'degree': 1, 'alpha': 0.0001}",,,0.26307106018066406
20260962,1,full,6,8,0.0,((cos((sin((x0 + x0)) - x0)) + x0) / -1.59),16.642610539468485,random_forest,1.368871615299395,0.0822510153712407,False,{'max_depth': 8},,,3.2589149475097656
20260962,1,full,6,8,0.0,((cos((sin((x0 + x0)) - x0)) + x0) / -1.59),16.642610539468485,mlp,2.119846246884054,0.1273746232213252,False,"{'hidden': (64, 64), 'alpha': 0.01}",,,17.872208833694458
20260963,1,full,6,7,0.0,(log(sqrt(((exp(x0) + 2.01))^2)) - x0),12.741164491089737,SR (ours),5.589819070589513e-30,4.387212075080448e-31,True,1*log(((2.01 - (x0 - exp(x0))) + x0)) + -1*x0,6.0,k_ex=4+dedup,23.625755071640015
20260963,1,full,6,7,0.0,(log(sqrt(((exp(x0) + 2.01))^2)) - x0),12.741164491089737,polynomial,1.1613861582294294,0.09115227725390565,False,"{'degree': 6, 'alpha': 0.01}",,,0.2700521945953369
20260963,1,full,6,7,0.0,(log(sqrt(((exp(x0) + 2.01))^2)) - x0),12.741164491089737,random_forest,1.7208550447718018,0.13506261896039765,False,{'max_depth': None},,,3.429624080657959
20260963,1,full,6,7,0.0,(log(sqrt(((exp(x0) + 2.01))^2)) - x0),12.741164491089737,mlp,0.04578942441599017,0.003593817852992325,False,"{'hidden': (64, 64), 'alpha': 0.01}",,,2.994624137878418
20260964,1,full,6,5,0.0,((log((sin(x0) / x0)) / (x0 + x0)) * x0),0.16100924539742292,SR (ours),8.233350512255433e-33,5.113588658795872e-32,True,-0.5*log((x0 / sin(x0))),3.0,k_ex=4+dedup,0.3131089210510254
20260964,1,full,6,5,0.0,((log((sin(x0) / x0)) / (x0 + x0)) * x0),0.16100924539742292,polynomial,0.7277826265400649,4.520129417063361,False,"{'degree': 1, 'alpha': 1.0}",,,0.2560241222381592
20260964,1,full,6,5,0.0,((log((sin(x0) / x0)) / (x0 + x0)) * x0),0.16100924539742292,random_forest,0.39351789760725203,2.4440701938321774,False,{'max_depth': 8},,,3.4711270332336426
20260964,1,full,6,5,0.0,((log((sin(x0) / x0)) / (x0 + x0)) * x0),0.16100924539742292,mlp,1.3832116355096344,8.590883288070946,False,"{'hidden': (64, 64), 'alpha': 0.01}",,,14.777462720870972
20260965,1,full,6,6,0.0,((exp(x0) + exp(cos((x0 + -1.02)))) - x0),602700.8382917992,SR (ours),1.0970868259653824e-25,1.8202842210652857e-31,True,1*(exp(sin((-3.69 - x0))) + exp(x0)) + -1*x0,6.0,poly_deg=3,31.822364807128906
20260965,1,full,6,6,0.0,((exp(x0) + exp(cos((x0 + -1.02)))) - x0),602700.8382917992,polynomial,63886.185905121674,0.1059998291792503,False,"{'degree': 8, 'alpha': 0.01}",,,0.23800301551818848
20260965,1,full,6,6,0.0,((exp(x0) + exp(cos((x0 + -1.02)))) - x0),602700.8382917992,random_forest,733983.3546086941,1.2178236829551814,False,{'max_depth': None},,,3.1973891258239746
20260965,1,full,6,6,0.0,((exp(x0) + exp(cos((x0 + -1.02)))) - x0),602700.8382917992,mlp,550405.0421209356,0.9132309217968195,False,"{'hidden': (64, 64), 'alpha': 0.0001}",,,35.828786849975586
20260966,1,full,6,9,0.0,sin(exp(((sin(x0) + x0) - cos(x0)))),0.23215240914012464,SR (ours),4.451584772872701,19.175268477122604,False,0.054*(x0 / cos((0.981 - exp(x0)))) + 0.31 + 0.0037*x0 + -0.0117*x0^2 + -0.00537*x0^3,7.0,poly_deg=3,207.56141018867493
20260966,1,full,6,9,0.0,sin(exp(((sin(x0) + x0) - cos(x0)))),0.23215240914012464,polynomial,0.284992298061205,1.2276086176180356,False,"{'degree': 1, 'alpha': 1.0}",,,0.2528989315032959
20260966,1,full,6,9,0.0,sin(exp(((sin(x0) + x0) - cos(x0)))),0.23215240914012464,random_forest,0.43069297881469437,1.8552164951031493,False,{'max_depth': 4},,,3.356076955795288
20260966,1,full,6,9,0.0,sin(exp(((sin(x0) + x0) - cos(x0)))),0.23215240914012464,mlp,2.7948584750654257,12.038894988931517,False,"{'hidden': (256,), 'alpha': 0.01}",,,24.833340167999268
20260967,1,full,6,4,0.0,(sin(x0) - (((x0)^2 - x0) * (-1.07 / x0))),53.31799474640589,SR (ours),4.156156819987655e-30,7.795035878140968e-32,True,1*sin(x0) + -1.07 + 1.07*x0,2.0,k_ex=4+dedup,0.011918067932128906
20260967,1,full,6,4,0.0,(sin(x0) - (((x0)^2 - x0) * (-1.07 / x0))),53.31799474640589,polynomial,296.9101791679186,5.5686673998168885,False,"{'degree': 7, 'alpha': 0.0001}",,,0.25438380241394043
20260967,1,full,6,4,0.0,(sin(x0) - (((x0)^2 - x0) * (-1.07 / x0))),53.31799474640589,random_forest,10.852387590956798,0.20354080536174604,False,{'max_depth': None},,,3.323387861251831
20260967,1,full,6,4,0.0,(sin(x0) - (((x0)^2 - x0) * (-1.07 / x0))),53.31799474640589,mlp,6.028958982431897,0.11307550126570173,False,"{'hidden': (64, 64), 'alpha': 0.0001}",,,15.231948852539062
20260968,1,full,6,8,0.0,(x0 + (log(((x0 + 1.71) / log(x0))) + x0)),179.17103062837256,SR (ours),1.6612983459371744,0.009272137019644402,False,0.834*log((cos((1.02 - sin((0.987 / x0)))) / log(x0))) + 1.13 + 2.12*x0 + 0.045*x0^2 + -0.0054*x0^3,10.0,poly_deg=3,187.92055106163025
20260968,1,full,6,8,0.0,(x0 + (log(((x0 + 1.71) / log(x0))) + x0)),179.17103062837256,polynomial,1.0664984814518725,0.00595240468122299,False,"{'degree': 1, 'alpha': 1.0}",,,0.2294008731842041
20260968,1,full,6,8,0.0,(x0 + (log(((x0 + 1.71) / log(x0))) + x0)),179.17103062837256,random_forest,13.476495810716326,0.0752158190051861,False,{'max_depth': 8},,,3.2616288661956787
20260968,1,full,6,8,0.0,(x0 + (log(((x0 + 1.71) / log(x0))) + x0)),179.17103062837256,mlp,0.46736401570736275,0.0026084798087518146,False,"{'hidden': (256,), 'alpha': 0.0001}",,,35.416292905807495
20260969,1,full,6,6,0.0,(((x0 / x0) - -0.86) + (-2.81 * log(log(x0)))),0.03936287422303342,SR (ours),4.930380657631324e-32,1.2525458963426716e-30,True,-2.81*log(log(x0)) + 1.86,2.0,k_ex=4+dedup,0.044089317321777344
20260969,1,full,6,6,0.0,(((x0 / x0) - -0.86) + (-2.81 * log(log(x0)))),0.03936287422303342,polynomial,4.457572053001927,113.24305302872301,False,"{'degree': 1, 'alpha': 1.0}",,,0.24778985977172852
20260969,1,full,6,6,0.0,(((x0 / x0) - -0.86) + (-2.81 * log(log(x0)))),0.03936287422303342,random_forest,0.22224790756254992,5.646130064163359,False,{'max_depth': None},,,3.066524028778076
20260969,1,full,6,6,0.0,(((x0 / x0) - -0.86) + (-2.81 * log(log(x0)))),0.03936287422303342,mlp,0.37333362822564564,9.484409753980497,False,"{'hidden': (64, 64), 'alpha': 0.0001}",,,37.12060904502869
20260970,1,full,6,3,0.0,((x0 + -1.99) / (sqrt(((0.65)^2 / 2.52)) - x0)),0.06367729388031579,SR (ours),1.001724312324411e-30,1.5731263866319365e-29,True,-3.86*(x0 / ((0.409 - x0) + (log(sqrt(x0)) * -4.75e-17))) + -4.86,6.0,k_ex=4+dedup,53.83726906776428
20260970,1,full,6,3,0.0,((x0 + -1.99) / (sqrt(((0.65)^2 / 2.52)) - x0)),0.06367729388031579,polynomial,2.9740704870112564,46.70535297246064,False,"{'degree': 1, 'alpha': 0.0001}",,,0.2646758556365967
20260970,1,full,6,3,0.0,((x0 + -1.99) / (sqrt(((0.65)^2 / 2.52)) - x0)),0.06367729388031579,random_forest,0.00668555431174823,0.1049911813827079,False,{'max_depth': None},,,3.5669100284576416
20260970,1,full,6,3,0.0,((x0 + -1.99) / (sqrt(((0.65)^2 / 2.52)) - x0)),0.06367729388031579,mlp,32.938304699025046,517.2692288232915,False,"{'hidden': (64, 64), 'alpha': 0.01}",,,39.234620094299316
20260971,1,full,6,7,0.0,log((-2.05 + (x0 - log(((x0 * x0) / 1.46))))),1.8203623349954476,SR (ours),4.487376862492475,2.465100917671809,False,0.41*log((cos((-0.102 - x0)) - ((0.58 / sqrt(x0)) + 0.0123))) + 0.94 + -0.387*x0 + -0.0157*x0^2,9.0,k_ex=4+dedup,158.34351801872253
20260971,1,full,6,7,0.0,log((-2.05 + (x0 - log(((x0 * x0) / 1.46))))),1.8203623349954476,polynomial,3.0668444009970988,1.684743933687668,False,"{'degree': 1, 'alpha': 0.0001}",,,0.2537238597869873
20260971,1,full,6,7,0.0,log((-2.05 + (x0 - log(((x0 * x0) / 1.46))))),1.8203623349954476,random_forest,3.481686301830379,1.9126336745695665,False,{'max_depth': None},,,3.35356068611145
20260971,1,full,6,7,0.0,log((-2.05 + (x0 - log(((x0 * x0) / 1.46))))),1.8203623349954476,mlp,24.432430496465784,13.42174029135078,False,"{'hidden': (64, 64), 'alpha': 0.01}",,,29.453500032424927
20260972,1,full,6,7,0.0,((x0 + (2.8 + x0)) / log(((0.36 / x0) - 1.9))),419.0353077962913,SR (ours),0.09191208863860603,0.00021934211014812128,False,0.206*(x0 / log(((x0 / (log(x0) + 19.3)) + 0.978))) + 1.14 + 2.97*x0 + -0.00648*x0^2 + 0.00167*x0^3,9.0,poly_deg=3,226.53408932685852
20260972,1,full,6,7,0.0,((x0 + (2.8 + x0)) / log(((0.36 / x0) - 1.9))),419.0353077962913,polynomial,1.1942344177425859,0.002849961317157426,False,"{'degree': 1, 'alpha': 1.0}",,,0.2552502155303955
20260972,1,full,6,7,0.0,((x0 + (2.8 + x0)) / log(((0.36 / x0) - 1.9))),419.0353077962913,random_forest,32.26181152461635,0.07699067578405593,False,{'max_depth': None},,,3.212484121322632
20260972,1,full,6,7,0.0,((x0 + (2.8 + x0)) / log(((0.36 / x0) - 1.9))),419.0353077962913,mlp,1.3125067546495075,0.0031322104133706223,False,"{'hidden': (256,), 'alpha': 0.01}",,,41.80896496772766
20260973,1,full,6,7,0.0,((-2.85 - cos((x0 - (exp(x0) / x0)))) - x0),39.36784542407046,SR (ours),5.200761962523848e-29,1.321068477713534e-30,True,-1*cos((x0 - (exp(x0) / x0))) + -2.85 + -1*x0,5.0,k_ex=4+dedup,176.84896898269653
20260973,1,full,6,7,0.0,((-2.85 - cos((x0 - (exp(x0) / x0)))) - x0),39.36784542407046,polynomial,0.9087899894993631,0.023084575234175928,False,"{'degree': 1, 'alpha': 0.0001}",,,0.2339611053466797
20260973,1,full,6,7,0.0,((-2.85 - cos((x0 - (exp(x0) / x0)))) - x0),39.36784542407046,random_forest,3.061256046346387,0.07776031462658255,False,{'max_depth': None},,,3.269009828567505
20260973,1,full,6,7,0.0,((-2.85 - cos((x0 - (exp(x0) / x0)))) - x0),39.36784542407046,mlp,0.6193298609805478,0.01573187087860984,False,"{'hidden': (64, 64), 'alpha': 0.0001}",,,30.39667320251465
20260974,1,full,6,8,0.0,log((((x0 + log(x0)) + sin(x0)) + x0)),0.061513539906337844,SR (ours),0.19953619180683316,3.24377677029565,False,0.799*log((0.999 - (sqrt(x0) + x0))) + 1.05 + -0.011*x0 + -0.00866*x0^2 + 0.000434*x0^3,7.0,poly_deg=3,236.56223106384277
20260974,1,full,6,8,0.0,log((((x0 + log(x0)) + sin(x0)) + x0)),0.061513539906337844,polynomial,1.1458484392740147,18.627580871117384,False,"{'degree': 1, 'alpha': 1.0}",,,0.24705719947814941
20260974,1,full,6,8,0.0,log((((x0 + log(x0)) + sin(x0)) + x0)),0.061513539906337844,random_forest,0.19397699635083976,3.1534032449797933,False,{'max_depth': 8},,,3.1816530227661133
20260974,1,full,6,8,0.0,log((((x0 + log(x0)) + sin(x0)) + x0)),0.061513539906337844,mlp,0.012653453757733362,0.20570192801454523,False,"{'hidden': (64, 64), 'alpha': 0.0001}",,,24.811828136444092
20260975,1,full,6,5,0.0,(sqrt(sqrt(sin((sqrt(x0))^2))))^2,0.05198415193240577,SR (ours),2.410005853140603e-30,4.6360395688945706e-29,True,1*sqrt(sin(x0)),2.0,k_ex=4+dedup,0.029384851455688477
20260975,1,full,6,5,0.0,(sqrt(sqrt(sin((sqrt(x0))^2))))^2,0.05198415193240577,polynomial,0.052643891572404775,1.01269116866342,False,"{'degree': 1, 'alpha': 1.0}",,,0.21219992637634277
20260975,1,full,6,5,0.0,(sqrt(sqrt(sin((sqrt(x0))^2))))^2,0.05198415193240577,random_forest,0.0904615581631144,1.740175703563275,False,{'max_depth': 4},,,2.9405109882354736
20260975,1,full,6,5,0.0,(sqrt(sqrt(sin((sqrt(x0))^2))))^2,0.05198415193240577,mlp,0.29855416999439843,5.743176697055749,False,"{'hidden': (64, 64), 'alpha': 0.01}",,,12.437262058258057
20260976,1,full,6,7,0.0,sin(sin(((x0 * sqrt(x0)) - (-2.87 - -2.23)))),0.3726886551361851,SR (ours),8.143219491428468e-29,2.184992588103556e-28,True,1*sin(sin(((sqrt(x0) * x0) + 0.64))),5.0,poly_deg=3,26.56891107559204
20260976,1,full,6,7,0.0,sin(sin(((x0 * sqrt(x0)) - (-2.87 - -2.23)))),0.3726886551361851,polynomial,0.39983408639245194,1.0728367522921982,False,"{'degree': 1, 'alpha': 1.0}",,,0.24539875984191895
20260976,1,full,6,7,0.0,sin(sin(((x0 * sqrt(x0)) - (-2.87 - -2.23)))),0.3726886551361851,random_forest,0.5996239790678631,1.6089139575465559,False,{'max_depth': 4},,,3.2602391242980957
20260976,1,full,6,7,0.0,sin(sin(((x0 * sqrt(x0)) - (-2.87 - -2.23)))),0.3726886551361851,mlp,13.002233515891259,34.88765578640992,False,"{'hidden': (64, 64), 'alpha': 0.01}",,,9.782764196395874
20260977,1,full,6,7,0.0,(sin(sin(sqrt(x0))) - log(exp(x0))),42.368621909453076,SR (ours),2.727116801252326e-30,6.436642681181625e-32,True,1*sin(sin(sqrt(x0))) + -1*x0,4.0,k_ex=4+dedup,0.3086256980895996
20260977,1,full,6,7,0.0,(sin(sin(sqrt(x0))) - log(exp(x0))),42.368621909453076,polynomial,0.06665752108119716,0.0015732756478049352,False,"{'degree': 1, 'alpha': 0.01}",,,0.24832367897033691
20260977,1,full,6,7,0.0,(sin(sin(sqrt(x0))) - log(exp(x0))),42.368621909453076,random_forest,3.444210190890995,0.08129153216858677,False,{'max_depth': 8},,,3.2352659702301025
20260977,1,full,6,7,0.0,(sin(sin(sqrt(x0))) - log(exp(x0))),42.368621909453076,mlp,0.26284029622207006,0.006203654600420847,False,"{'hidden': (256,), 'alpha': 0.0001}",,,13.62705373764038
20260978,1,full,6,8,0.0,(-2 / (log((-1.38 - (x0 * x0))) / (x0 * x0))),20.03744637872024,SR (ours),0.1864795918556849,0.009306554754089131,False,-1.51*exp(sqrt(x0)) + 1.96 + -0.124*x0^2,3.0,k_ex=4+dedup,203.67372298240662
20260978,1,full,6,8,0.0,(-2 / (log((-1.38 - (x0 * x0))) / (x0 * x0))),20.03744637872024,polynomial,19.794160841980148,0.9878584560057283,False,"{'degree': 2, 'alpha': 1.0}",,,0.27612900733947754
20260978,1,full,6,8,0.0,(-2 / (log((-1.38 - (x0 * x0))) / (x0 * x0))),20.03744637872024,random_forest,81.23877747098783,4.0543478413129215,False,{'max_depth': 8},,,3.6136608123779297
20260978,1,full,6,8,0.0,(-2 / (log((-1.38 - (x0 * x0))) / (x0 * x0))),20.03744637872024,mlp,5.2555711977079795,0.26228747408099834,False,"{'hidden': (256,), 'alpha': 0.01}",,,26.175206184387207
20260979,1,full,6,6,0.0,((((-1.05 - 2.37) * x0) * exp(cos(x0))))^2,947486.3178420907,SR (ours),7.208042972057847e-25,7.607543070884902e-31,True,11.7*(exp((cos(x0) * 2)) * (x0)^2),5.0,poly_deg=3,22.716257095336914
20260979,1,full,6,6,0.0,((((-1.05 - 2.37) * x0) * exp(cos(x0))))^2,947486.3178420907,polynomial,3999289.6657801243,4.220947142422642,False,"{'degree': 2, 'alpha': 0.0001}",,,0.3036332130432129
20260979,1,full,6,6,0.0,((((-1.05 - 2.37) * x0) * exp(cos(x0))))^2,947486.3178420907,random_forest,3713437.4743899778,3.919251818693665,False,{'max_depth': 8},,,3.3192028999328613
20260979,1,full,6,6,0.0,((((-1.05 - 2.37) * x0) * exp(cos(x0))))^2,947486.3178420907,mlp,1611620.443634994,1.7009432361044277,False,"{'hidden': (64, 64), 'alpha': 0.0001}",,,41.56048798561096
20260980,1,full,6,7,0.0,((cos((x0 + exp(-2.21))))^2 - sqrt(x0)),0.16640909516459257,SR (ours),9.862109466223719e-30,5.926424548171038e-29,True,-1*(sqrt(x0) + (sin((x0 + 0.11)))^2) + 1,5.0,poly_deg=3,22.908372402191162
20260980,1,full,6,7,0.0,((cos((x0 + exp(-2.21))))^2 - sqrt(x0)),0.16640909516459257,polynomial,3.2842040222469957,19.735724294388127,False,"{'degree': 2, 'alpha': 1.0}",,,0.245772123336792
20260980,1,full,6,7,0.0,((cos((x0 + exp(-2.21))))^2 - sqrt(x0)),0.16640909516459257,random_forest,0.19041069263227953,1.144232485874329,False,{'max_depth': 8},,,3.330026865005493
20260980,1,full,6,7,0.0,((cos((x0 + exp(-2.21))))^2 - sqrt(x0)),0.16640909516459257,mlp,1.7517111341294171,10.526534817083332,False,"{'hidden': (64, 64), 'alpha': 0.01}",,,15.05688190460205
20260981,1,full,6,4,0.0,(((x0 / x0))^2 / (x0 - (1.32 - cos(x0)))),0.025602521805142893,SR (ours),3.92758723741476,153.40626471513474,False,75.2*(x0 / (sin((1.25 / x0)) / x0)) + 1.56 + -15.7*x0 + -0.0762*x0^2 + -60*x0^3,7.0,poly_deg=3,276.91656589508057
20260981,1,full,6,4,0.0,(((x0 / x0))^2 / (x0 - (1.32 - cos(x0)))),0.025602521805142893,polynomial,9.53254314177083,372.32828915532787,False,"{'degree': 1, 'alpha': 1.0}",,,0.2377762794494629
20260981,1,full,6,4,0.0,(((x0 / x0))^2 / (x0 - (1.32 - cos(x0)))),0.025602521805142893,random_forest,0.0048943471411380165,0.19116660375834021,False,{'max_depth': None},,,3.0711679458618164
20260981,1,full,6,4,0.0,(((x0 / x0))^2 / (x0 - (1.32 - cos(x0)))),0.025602521805142893,mlp,10.570438914705793,412.8670993879385,False,"{'hidden': (256,), 'alpha': 0.01}",,,40.07951521873474
20260982,1,full,6,5,0.0,((0.31 * ((-2.5 - x0))^2) + (x0 + (-2.54 * x0))),12.317962130100199,SR (ours),6.774343023585439e-29,5.499564742963156e-30,True,0.005*x0 + 1.94 + 0.005*x0 + 0.31*x0^2,2.0,k_ex=4+dedup,0.004976749420166016
20260982,1,full,6,5,0.0,((0.31 * ((-2.5 - x0))^2) + (x0 + (-2.54 * x0))),12.317962130100199,polynomial,7.986797546460016e-11,6.483862721856776e-12,False,"{'degree': 2, 'alpha': 0.0001}",,,0.26439881324768066
20260982,1,full,6,5,0.0,((0.31 * ((-2.5 - x0))^2) + (x0 + (-2.54 * x0))),12.317962130100199,random_forest,43.606534511519385,3.540077007134351,False,{'max_depth': 8},,,3.1113548278808594
20260982,1,full,6,5,0.0,((0.31 * ((-2.5 - x0))^2) + (x0 + (-2.54 * x0))),12.317962130100199,mlp,5.1198174008977375,0.4156383455983308,False,"{'hidden': (256,), 'alpha': 0.0001}",,,13.26178789138794
20260983,1,full,6,7,0.0,(((log((x0 * 1.36)) - x0) - x0) / (x0 - 1.49)),0.02179938991344898,SR (ours),0.9534179461271819,43.735992149898536,False,-2.14*(x0 / (x0 - exp(sin((0.613 / x0))))) + 0.698 + 0.14*x0 + -0.0274*x0^2 + -0.00423*x0^3,8.0,poly_deg=3,226.4488570690155
20260983,1,full,6,7,0.0,(((log((x0 * 1.36)) - x0) - x0) / (x0 - 1.49)),0.02179938991344898,polynomial,1.399134072492465,64.1822582213312,False,"{'degree': 1, 'alpha': 1.0}",,,0.2509329319000244
20260983,1,full,6,7,0.0,(((log((x0 * 1.36)) - x0) - x0) / (x0 - 1.49)),0.02179938991344898,random_forest,0.013341815193648923,0.6120269992243125,False,{'max_depth': None},,,2.94795298576355
20260983,1,full,6,7,0.0,(((log((x0 * 1.36)) - x0) - x0) / (x0 - 1.49)),0.02179938991344898,mlp,91.7246204268877,4207.66914996547,False,"{'hidden': (64, 64), 'alpha': 0.0001}",,,31.64709186553955
20260984,1,full,6,2,0.0,((0.66 / log(1.26)) - ((x0 + (-0.5 / x0)) - x0)),0.006310567202918048,SR (ours),3.232480818659537e-30,5.1223300770251145e-28,True,0.5*(x0 / (x0)^2) + 2.86,2.0,k_ex=4+dedup,0.03862428665161133
20260984,1,full,6,2,0.0,((0.66 / log(1.26)) - ((x0 + (-0.5 / x0)) - x0)),0.006310567202918048,polynomial,0.09461521369866666,14.993139389263765,False,"{'degree': 1, 'alpha': 1.0}",,,0.24493694305419922
20260984,1,full,6,2,0.0,((0.66 / log(1.26)) - ((x0 + (-0.5 / x0)) - x0)),0.006310567202918048,random_forest,0.000702842018985016,0.11137541149391725,False,{'max_depth': None},,,3.2789533138275146
20260984,1,full,6,2,0.0,((0.66 / log(1.26)) - ((x0 + (-0.5 / x0)) - x0)),0.006310567202918048,mlp,0.22786974496073903,36.109233549619844,False,"{'hidden': (256,), 'alpha': 0.01}",,,34.52849817276001
20260985,1,full,6,5,0.0,(x0 / log((((2.39 + -1.11) / (x0 / -0.27)) / x0))),1.845663572033445,SR (ours),0.007371122629300696,0.003993752025554484,False,1.46*(sin(sqrt(x0)) / ((x0 * -1.54) - (log(x0) / x0))) + -0.00815 + -0.206*x0 + 0.000643*x0^2,9.0,k_ex=4+dedup,200.15267729759216
20260985,1,full,6,5,0.0,(x0 / log((((2.39 + -1.11) / (x0 / -0.27)) / x0))),1.845663572033445,polynomial,2.563333503758944,1.3888411423403735,False,"{'degree': 4, 'alpha': 1.0}",,,0.25130701065063477
20260985,1,full,6,5,0.0,(x0 / log((((2.39 + -1.11) / (x0 / -0.27)) / x0))),1.845663572033445,random_forest,0.05365955889308899,0.029073315259709003,False,{'max_depth': None},,,2.977100133895874
20260985,1,full,6,5,0.0,(x0 / log((((2.39 + -1.11) / (x0 / -0.27)) / x0))),1.845663572033445,mlp,0.0016827343906566533,0.0009117232501927283,False,"{'hidden': (256,), 'alpha': 0.0001}",,,28.725437879562378
20260986,1,full,6,6,0.0,(log((x0 + 0.71)) + ((-2.42 + 2.9) + exp(x0))),438724.4535173747,SR (ours),18.12471160364848,4.131228942981791e-05,False,0.995*sqrt(((exp(x0) + x0))^2) + -0.33 + 0.0953*x0 + -0.0963*x0^2,6.0,k_ex=4+dedup,208.40303015708923
20260986,1,full,6,6,0.0,(log((x0 + 0.71)) + ((-2.42 + 2.9) + exp(x0))),438724.4535173747,polynomial,129351.49796768499,0.2948353959544275,False,"{'degree': 6, 'alpha': 1.0}",,,0.24377012252807617
20260986,1,full,6,6,0.0,(log((x0 + 0.71)) + ((-2.42 + 2.9) + exp(x0))),438724.4535173747,random_forest,511331.7543546329,1.165496361680197,False,{'max_depth': None},,,3.0785038471221924
20260986,1,full,6,6,0.0,(log((x0 + 0.71)) + ((-2.42 + 2.9) + exp(x0))),438724.4535173747,mlp,444667.1261268576,1.01354534164175,False,"{'hidden': (64, 64), 'alpha': 0.01}",,,30.384804725646973
20260987,1,full,8,13,0.0,(((log(log(exp(((x0)^2 + x0)))) - x0) - 0.23) * 1.66),115.1391882575432,SR (ours),2.230226875600419e-29,1.9369833237071728e-31,True,1.66*log(((x0)^2 + x0)) + -0.382 + -1.66*x0,4.0,k_ex=4+dedup,0.32039809226989746
20260987,1,full,8,13,0.0,(((log(log(exp(((x0)^2 + x0)))) - x0) - 0.23) * 1.66),115.1391882575432,polynomial,17.423996945397707,0.15132985744544014,False,"{'degree': 1, 'alpha': 0.0001}",,,0.26523494720458984
20260987,1,full,8,13,0.0,(((log(log(exp(((x0)^2 + x0)))) - x0) - 0.23) * 1.66),115.1391882575432,random_forest,11.116786440826683,0.09655084953318126,False,{'max_depth': 8},,,3.4515221118927
20260987,1,full,8,13,0.0,(((log(log(exp(((x0)^2 + x0)))) - x0) - 0.23) * 1.66),115.1391882575432,mlp,0.04393890765605038,0.0003816155760779543,False,"{'hidden': (64, 64), 'alpha': 0.01}",,,31.405824184417725
20260988,1,full,8,9,0.0,(((x0 * x0) - log((cos((-1.5 / (x0)^2)))^2)))^2,962315.5737631547,SR (ours),450.3255537361541,0.0004679603718509375,False,-1.02*((0.482 / log(x0)) - ((x0)^2)^2) + 5.52 + -0.148*x0 + -0.666*x0^2 + 0.00875*x0^3,8.0,poly_deg=3,242.81103920936584
20260988,1,full,8,9,0.0,(((x0 * x0) - log((cos((-1.5 / (x0)^2)))^2)))^2,962315.5737631547,polynomial,6859.641589333844,0.007128266211580757,False,"{'degree': 4, 'alpha': 1.0}",,,0.251431941986084
20260988,1,full,8,9,0.0,(((x0 * x0) - log((cos((-1.5 / (x0)^2)))^2)))^2,962315.5737631547,random_forest,3000474.486020719,3.117973529501661,False,{'max_depth': 8},,,3.1556508541107178
20260988,1,full,8,9,0.0,(((x0 * x0) - log((cos((-1.5 / (x0)^2)))^2)))^2,962315.5737631547,mlp,1534593.5865776932,1.594688508029267,False,"{'hidden': (64, 64), 'alpha': 0.01}",,,35.64038610458374
20260989,1,full,8,4,0.0,log((((0.75 / (1.24 * x0)) * (x0 * 0.96)) + ((x0 / -1.51) - 1.32))),0.05239179094140285,SR (ours),8.575203077384168e-32,1.6367455517936065e-30,True,1*log(((1.12 - (4.11e-17 / sqrt(x0))) + x0)) + -0.412,5.0,poly_deg=3,29.72375750541687
20260989,1,full,8,4,0.0,log((((0.75 / (1.24 * x0)) * (x0 * 0.96)) + ((x0 / -1.51) - 1.32))),0.05239179094140285,polynomial,3.905592856444508,74.54589328340933,False,"{'degree': 2, 'alpha': 1.0}",,,0.27579593658447266
20260989,1,full,8,4,0.0,log((((0.75 / (1.24 * x0)) * (x0 * 0.96)) + ((x0 / -1.51) - 1.32))),0.05239179094140285,random_forest,0.14533875987762523,2.774075046225813,False,{'max_depth': 8},,,3.0436511039733887
20260989,1,full,8,4,0.0,log((((0.75 / (1.24 * x0)) * (x0 * 0.96)) + ((x0 / -1.51) - 1.32))),0.05239179094140285,mlp,0.028885103206080356,0.5513287995515681,False,"{'hidden': (64, 64), 'alpha': 0.0001}",,,21.33425521850586
20260990,1,full,8,12,0.0,sqrt((((log(x0) + (x0 + (2.35 + -2.34))) + sqrt(x0)) + x0)),0.4389208485734323,SR (ours),0.0006235787184826631,0.001420708814606097,False,1.41*sqrt((((log((sqrt(x0) + 0.114)) * 1.57) + x0) + 0.321)) + -0.000733 + 0.0193*x0 + -0.000336*x0^2,9.0,k_ex=4+dedup,202.07165908813477
20260990,1,full,8,12,0.0,sqrt((((log(x0) + (x0 + (2.35 + -2.34))) + sqrt(x0)) + x0)),0.4389208485734323,polynomial,2.3572280111576704,5.370508188023112,False,"{'degree': 1, 'alpha': 1.0}",,,0.2854447364807129
20260990,1,full,8,12,0.0,sqrt((((log(x0) + (x0 + (2.35 + -2.34))) + sqrt(x0)) + x0)),0.4389208485734323,random_forest,0.27057896947226245,0.6164641537345295,False,{'max_depth': None},,,3.31099796295166
20260990,1,full,8,12,0.0,sqrt((((log(x0) + (x0 + (2.35 + -2.34))) + sqrt(x0)) + x0)),0.4389208485734323,mlp,0.065273105413044,0.1487127021311308,False,"{'hidden': (256,), 'alpha': 0.0001}",,,27.77979803085327
20260991,1,full,8,5,0.0,((1.64 * (x0 / x0)) / cos((cos((x0 * x0)) / (-1.48)^2))),0.004585517682778177,SR (ours),4.40478929495429e-21,9.605871353407603e-19,True,1.23*(1.34 / cos((cos((x0)^2) * 0.457))),5.0,poly_deg=3,34.56331992149353
20260991,1,full,8,5,0.0,((1.64 * (x0 / x0)) / cos((cos((x0 * x0)) / (-1.48)^2))),0.004585517682778177,polynomial,0.007929585218134146,1.7292671769460795,False,"{'degree': 2, 'alpha': 1.0}",,,0.2735600471496582
20260991,1,full,8,5,0.0,((1.64 * (x0 / x0)) / cos((cos((x0 * x0)) / (-1.48)^2))),0.004585517682778177,random_forest,0.00521587993614139,1.137468067287291,False,{'max_depth': 4},,,3.516552209854126
20260991,1,full,8,5,0.0,((1.64 * (x0 / x0)) / cos((cos((x0 * x0)) / (-1.48)^2))),0.004585517682778177,mlp,0.019111100993760788,4.167708493533092,False,"{'hidden': (256,), 'alpha': 0.01}",,,3.7060787677764893
20260992,1,full,8,6,0.0,((sin(cos((x0 + x0))) / log((0.22)^2)) + exp(x0)),574466.1090319643,SR (ours),3.081700191505557e-05,5.3644595269485005e-11,False,1*((sin(cos((cos(x0) * 1.71))) * 0.578) + exp(x0)) + -0.202,7.0,k_ex=4+dedup,220.8170702457428
20260992,1,full,8,6,0.0,((sin(cos((x0 + x0))) / log((0.22)^2)) + exp(x0)),574466.1090319643,polynomial,172572.51794439708,0.30040504606128965,False,"{'degree': 6, 'alpha': 1.0}",,,0.23868179321289062
20260992,1,full,8,6,0.0,((sin(cos((x0 + x0))) / log((0.22)^2)) + exp(x0)),574466.1090319643,random_forest,705346.5481552474,1.2278296962441009,False,{'max_depth': None},,,3.096055030822754
20260992,1,full,8,6,0.0,((sin(cos((x0 + x0))) / log((0.22)^2)) + exp(x0)),574466.1090319643,mlp,603523.778571616,1.0505820431924469,False,"{'hidden': (64, 64), 'alpha': 0.01}",,,25.808677911758423
20260993,1,full,8,6,0.0,log(((((0.31 + x0))^2 + (x0 + cos(1.76))) + cos(1.23))),0.14380890732024154,SR (ours),0.5200497921286416,3.616255778722845,False,2.87*sqrt((sqrt(x0) + x0)) + -2.75 + -0.266*x0 + -0.00519*x0^2,5.0,k_ex=4+dedup,228.6563937664032
20260993,1,full,8,6,0.0,log(((((0.31 + x0))^2 + (x0 + cos(1.76))) + cos(1.23))),0.14380890732024154,polynomial,7.250999113736074,50.4210709117562,False,"{'degree': 1, 'alpha': 1.0}",,,0.22499728202819824
20260993,1,full,8,6,0.0,log(((((0.31 + x0))^2 + (x0 + cos(1.76))) + cos(1.23))),0.14380890732024154,random_forest,0.4082465551292749,2.8388127184651304,False,{'max_depth': 8},,,3.0755419731140137
20260993,1,full,8,6,0.0,log(((((0.31 + x0))^2 + (x0 + cos(1.76))) + cos(1.23))),0.14380890732024154,mlp,0.07085164339742273,0.4926791025513212,False,"{'hidden': (64, 64), 'alpha': 0.0001}",,,27.080492973327637
20260994,1,full,8,11,0.0,sqrt((-1.8 * sqrt(((x0 * (x0 + x0)) - sqrt(cos(x0)))))),0.075919690600812,SR (ours),0.08828039390951554,1.1628128778039482,False,1.58*sin(log(sqrt(sqrt((-0.121 - ((x0)^2 * -0.276)))))) + 2.12 + 0.00122*x0 + 0.0298*x0^2 + -8.62e-05*x0^3,10.0,poly_deg=3,182.86290192604065
20260994,1,full,8,11,0.0,sqrt((-1.8 * sqrt(((x0 * (x0 + x0)) - sqrt(cos(x0)))))),0.075919690600812,polynomial,13.197185053505798,173.83085928125013,False,"{'degree': 4, 'alpha': 1.0}",,,0.23095917701721191
20260994,1,full,8,11,0.0,sqrt((-1.8 * sqrt(((x0 * (x0 + x0)) - sqrt(cos(x0)))))),0.075919690600812,random_forest,0.3597843862806328,4.739012809896577,False,{'max_depth': 8},,,2.9087417125701904
20260994,1,full,8,11,0.0,sqrt((-1.8 * sqrt(((x0 * (x0 + x0)) - sqrt(cos(x0)))))),0.075919690600812,mlp,0.02015264593062276,0.2654468922507334,False,"{'hidden': (64, 64), 'alpha': 0.0001}",,,16.89949893951416
20260995,1,full,8,5,0.0,(sin(log(x0)) * ((cos(cos(sin(-1.52))) * -0.85) - 0.74)),0.0029021990609216955,SR (ours),4.6414911659732384e-32,1.5993014498802744e-29,True,-1.47*sin(log(x0)),2.0,k_ex=4+dedup,0.03275871276855469
20260995,1,full,8,5,0.0,(sin(log(x0)) * ((cos(cos(sin(-1.52))) * -0.85) - 0.74)),0.0029021990609216955,polynomial,0.3281734466432938,113.0775111404904,False,"{'degree': 1, 'alpha': 1.0}",,,0.22696495056152344
20260995,1,full,8,5,0.0,(sin(log(x0)) * ((cos(cos(sin(-1.52))) * -0.85) - 0.74)),0.0029021990609216955,random_forest,0.00818295630962206,2.819571000420376,False,{'max_depth': None},,,3.1130852699279785
20260995,1,full,8,5,0.0,(sin(log(x0)) * ((cos(cos(sin(-1.52))) * -0.85) - 0.74)),0.0029021990609216955,mlp,0.06750803060422617,23.26099250503741,False,"{'hidden': (64, 64), 'alpha': 0.0001}",,,23.897470951080322
20260996,1,full,8,6,0.0,(((x0 * cos((x0 * x0))))^2 + (((x0 + x0) * 0.64))^2),841.8130011406403,SR (ours),1.641225113312315e-27,1.94963146338734e-30,True,-1*((sin((x0)^2) * x0))^2 + 2.64*x0^2,5.0,poly_deg=3,6.035930156707764
20260996,1,full,8,6,0.0,(((x0 * cos((x0 * x0))))^2 + (((x0 + x0) * 0.64))^2),841.8130011406403,polynomial,219.69533537247048,0.2609787863513483,False,"{'degree': 2, 'alpha': 1.0}",,,0.23336291313171387
20260996,1,full,8,6,0.0,(((x0 * cos((x0 * x0))))^2 + (((x0 + x0) * 0.64))^2),841.8130011406403,random_forest,2111.6774416088683,2.5084875604767167,False,{'max_depth': 8},,,3.091596841812134
20260996,1,full,8,6,0.0,(((x0 * cos((x0 * x0))))^2 + (((x0 + x0) * 0.64))^2),841.8130011406403,mlp,612.3541033487634,0.7274229579717056,False,"{'hidden': (256,), 'alpha': 0.0001}",,,36.212241888046265
20260997,1,full,8,7,0.0,cos(sin(log(((x0 + x0) + (((x0)^2 + -1.58) / x0))))),0.000757023345917247,SR (ours),0.00127546283226228,1.684839495559897,False,0.000127*((1e+03 - cos(log((x0 - sin((x0 * 1)))))))^2 + -126 + 0.000862*x0 + 0.00217*x0^2,9.0,k_ex=4+dedup,221.91478776931763
20260997,1,full,8,7,0.0,cos(sin(log(((x0 + x0) + (((x0)^2 + -1.58) / x0))))),0.000757023345917247,polynomial,0.06855263342749662,90.55550769631134,False,"{'degree': 1, 'alpha': 0.0001}",,,0.23021626472473145
20260997,1,full,8,7,0.0,cos(sin(log(((x0 + x0) + (((x0)^2 + -1.58) / x0))))),0.000757023345917247,random_forest,0.006607443679064979,8.728190107610319,False,{'max_depth': 8},,,3.0061147212982178
20260997,1,full,8,7,0.0,cos(sin(log(((x0 + x0) + (((x0)^2 + -1.58) / x0))))),0.000757023345917247,mlp,0.09558654199302977,126.26630672428256,False,"{'hidden': (64, 64), 'alpha': 0.0001}",,,11.549786806106567
20260998,1,full,8,3,0.0,((x0 * (x0 / -1.17)) - (sin((exp(2.69))^2) / cos(1.43))),95.74110070942608,SR (ours),2.998657515971371e-28,3.132048298747146e-30,True,1.78 + -0.855*x0^2,1.0,k_ex=4+dedup,0.006906986236572266
20260998,1,full,8,3,0.0,((x0 * (x0 / -1.17)) - (sin((exp(2.69))^2) / cos(1.43))),95.74110070942608,polynomial,5.785926159385903e-10,6.04330440794301e-12,False,"{'degree': 2, 'alpha': 0.0001}",,,0.2586822509765625
20260998,1,full,8,3,0.0,((x0 * (x0 / -1.17)) - (sin((exp(2.69))^2) / cos(1.43))),95.74110070942608,random_forest,335.9253988287694,3.5086853643797333,False,{'max_depth': 8},,,3.2464380264282227
20260998,1,full,8,3,0.0,((x0 * (x0 / -1.17)) - (sin((exp(2.69))^2) / cos(1.43))),95.74110070942608,mlp,29.949053566440483,0.31281292302389296,False,"{'hidden': (256,), 'alpha': 0.0001}",,,20.04217219352722
20260999,1,full,8,12,0.0,cos(sin(cos((1.95 / ((x0)^2 - exp((x0 * -0.54))))))),0.0023008915840745064,SR (ours),0.059167133112080245,25.714872235442243,False,0.169*cos((1.94 / (1.25 - (sqrt(x0) / (-0.522 - x0))))) + 0.757 + -0.0583*x0 + -0.00204*x0^2 + 0.0016*x0^3,9.0,poly_deg=3,225.56191396713257
20260999,1,full,8,12,0.0,cos(sin(cos((1.95 / ((x0)^2 - exp((x0 * -0.54))))))),0.0023008915840745064,polynomial,0.0785000571392284,34.11723424196177,False,"{'degree': 2, 'alpha': 1.0}",,,0.22143101692199707
20260999,1,full,8,12,0.0,cos(sin(cos((1.95 / ((x0)^2 - exp((x0 * -0.54))))))),0.0023008915840745064,random_forest,0.0023672271779674424,1.0288303865997313,False,{'max_depth': None},,,3.047682046890259
20260999,1,full,8,12,0.0,cos(sin(cos((1.95 / ((x0)^2 - exp((x0 * -0.54))))))),0.0023008915840745064,mlp,0.003895376034144253,1.6929854761979584,False,"{'hidden': (256,), 'alpha': 0.01}",,,7.715454816818237
20261000,1,full,8,7,0.0,((sqrt(sqrt(x0)) - (1.75 - (x0 / x0))) / sin(exp(x0))),481372.78592431,SR (ours),5.978211713565066e-26,1.241908950479196e-31,True,1*((sqrt(sqrt(x0)) + -0.75) / sin(exp(x0))),6.0,k_ex=4+dedup,142.88642168045044
20261000,1,full,8,7,0.0,((sqrt(sqrt(x0)) - (1.75 - (x0 / x0))) / sin(exp(x0))),481372.78592431,polynomial,114330.8233071726,0.23750994374897988,False,"{'degree': 7, 'alpha': 1.0}",,,0.23752069473266602
20261000,1,full,8,7,0.0,((sqrt(sqrt(x0)) - (1.75 - (x0 / x0))) / sin(exp(x0))),481372.78592431,random_forest,608845.7596885173,1.2648113426674912,False,{'max_depth': None},,,3.0506601333618164
20261000,1,full,8,7,0.0,((sqrt(sqrt(x0)) - (1.75 - (x0 / x0))) / sin(exp(x0))),481372.78592431,mlp,550714.9545238182,1.1440508699850171,False,"{'hidden': (64, 64), 'alpha': 0.01}",,,30.657001972198486
20261001,1,full,8,8,0.0,(cos(exp((x0 - 2.82))) / (x0 + cos((x0 + exp(x0))))),0.015593165907074758,SR (ours),2.3275555077922747,149.26766775028295,False,-0.00028*(sin(x0) - ((2.58e+03 - x0) / log((0.89 / x0)))) + 1.25 + 0.0714*x0 + -0.0547*x0^2,8.0,k_ex=4+dedup,251.72555804252625
20261001,1,full,8,8,0.0,(cos(exp((x0 - 2.82))) / (x0 + cos((x0 + exp(x0))))),0.015593165907074758,polynomial,4.179975656222894,268.06459195860936,False,"{'degree': 1, 'alpha': 1.0}",,,0.2042980194091797
20261001,1,full,8,8,0.0,(cos(exp((x0 - 2.82))) / (x0 + cos((x0 + exp(x0))))),0.015593165907074758,random_forest,0.00968167725756711,0.6208923393276055,False,{'max_depth': None},,,2.6611812114715576
20261001,1,full,8,8,0.0,(cos(exp((x0 - 2.82))) / (x0 + cos((x0 + exp(x0))))),0.015593165907074758,mlp,140.16270001456678,8988.726269562341,False,"{'hidden': (64, 64), 'alpha': 0.0001}",,,34.073599100112915
20261002,1,full,8,2,0.0,((((x0 * 0.73) / exp((((x0 - x0) * x0) * -2.64))))^2)^2,78661.33479113932,SR (ours),1.5845375686631332e-25,2.0143792027816196e-30,True,0.284*((x0)^2)^2,2.0,k_ex=4+dedup,0.031775474548339844
20261002,1,full,8,2,0.0,((((x0 * 0.73) / exp((((x0 - x0) * x0) * -2.64))))^2)^2,78661.33479113932,polynomial,2.078845261142492e-05,2.642779030717211e-10,False,"{'degree': 4, 'alpha': 0.0001}",,,0.20580291748046875
20261002,1,full,8,2,0.0,((((x0 * 0.73) / exp((((x0 - x0) * x0) * -2.64))))^2)^2,78661.33479113932,random_forest,245583.11504853523,3.1220308643452936,False,{'max_depth': 8},,,2.8136329650878906
20261002,1,full,8,2,0.0,((((x0 * 0.73) / exp((((x0 - x0) * x0) * -2.64))))^2)^2,78661.33479113932,mlp,136986.87348549458,1.7414765951940756,False,"{'hidden': (256,), 'alpha': 0.0001}",,,35.401045083999634
20261003,1,full,8,10,0.0,(sqrt((cos((0.72 - exp(x0))) / (2.18 - x0))) * sin(-2.88)),0.0004879376443439519,SR (ours),0.018940884560560207,38.8182481514146,False,0.233*log((x0 - exp(sin(((x0 + 0.782) * 0.749))))) + -0.29 + 0.00171*x0 + -0.00877*x0^2,8.0,k_ex=4+dedup,146.79985308647156
20261003,1,full,8,10,0.0,(sqrt((cos((0.72 - exp(x0))) / (2.18 - x0))) * sin(-2.88)),0.0004879376443439519,polynomial,0.026568258916179255,54.450111042162256,False,"{'degree': 1, 'alpha': 1.0}",,,0.23389792442321777
20261003,1,full,8,10,0.0,(sqrt((cos((0.72 - exp(x0))) / (2.18 - x0))) * sin(-2.88)),0.0004879376443439519,random_forest,0.0007596950731161363,1.556951143086267,False,{'max_depth': 4},,,3.1903696060180664
20261003,1,full,8,10,0.0,(sqrt((cos((0.72 - exp(x0))) / (2.18 - x0))) * sin(-2.88)),0.0004879376443439519,mlp,0.023259206241282027,47.66839884337022,False,"{'hidden': (64, 64), 'alpha': 0.01}",,,3.551570177078247
20261004,1,full,8,3,0.0,cos((sqrt((-0.45 * 2.7)) * ((x0)^2 - ((-2.23 + x0))^2))),0.48564626563603586,SR (ours),0.010880356610340688,0.022403871665915155,False,3.27*log(cos(sin((sqrt(((-1.93 / x0) + -6.06)) * x0)))) + 0.948 + 0.00544*x0 + 0.000231*x0^2 + -0.00042*x0^3,10.0,poly_deg=3,191.44424080848694
20261004,1,full,8,3,0.0,cos((sqrt((-0.45 * 2.7)) * ((x0)^2 - ((-2.23 + x0))^2))),0.48564626563603586,polynomial,0.5688637454037225,1.1713541020617122,False,"{'degree': 1, 'alpha': 1.0}",,,0.21316027641296387
20261004,1,full,8,3,0.0,cos((sqrt((-0.45 * 2.7)) * ((x0)^2 - ((-2.23 + x0))^2))),0.48564626563603586,random_forest,1.0836124181381233,2.231279214551253,False,{'max_depth': 4},,,2.877108097076416
20261004,1,full,8,3,0.0,cos((sqrt((-0.45 * 2.7)) * ((x0)^2 - ((-2.23 + x0))^2))),0.48564626563603586,mlp,23.37689516669945,48.13564279359474,False,"{'hidden': (256,), 'alpha': 0.01}",,,16.04139018058777
20261005,1,full,8,6,0.0,exp((((sqrt((1.63 / x0)))^2 * (x0 + x0)) - sin(x0))),368.1344625521847,SR (ours),6013.0305112979495,16.333788664096005,False,-6.7*(exp(sin(x0)) * log(x0)) + 2.28 + 4.75*x0 + 2.19*x0^2,6.0,k_ex=4+dedup,184.95694494247437
20261005,1,full,8,6,0.0,exp((((sqrt((1.63 / x0)))^2 * (x0 + x0)) - sin(x0))),368.1344625521847,polynomial,1040.489606814062,2.8263846845541334,False,"{'degree': 1, 'alpha': 0.0001}",,,0.22714877128601074
20261005,1,full,8,6,0.0,exp((((sqrt((1.63 / x0)))^2 * (x0 + x0)) - sin(x0))),368.1344625521847,random_forest,1125.3944935318577,3.057020214108121,False,{'max_depth': 8},,,2.8406600952148438
20261005,1,full,8,6,0.0,exp((((sqrt((1.63 / x0)))^2 * (x0 + x0)) - sin(x0))),368.1344625521847,mlp,2208.685275044515,5.9996699568202585,False,"{'hidden': (64, 64), 'alpha': 0.01}",,,21.49811100959778
20261006,1,full,8,7,0.0,(((x0 + (-1.06)^2) + x0) - sqrt(((x0 - 0.85) / (x0 / x0)))),176.91357562070704,SR (ours),1.3861765218930467e-28,7.835331556832772e-31,True,-1*sqrt((x0 - cos(((0.555 / x0) * x0)))) + 1.12 + 2*x0,6.0,poly_deg=3,39.449936866760254
20261006,1,full,8,7,0.0,(((x0 + (-1.06)^2) + x0) - sqrt(((x0 - 0.85) / (x0 / x0)))),176.91357562070704,polynomial,2.65648859773857,0.015015741943026099,False,"{'degree': 4, 'alpha': 1.0}",,,0.24428796768188477
20261006,1,full,8,7,0.0,(((x0 + (-1.06)^2) + x0) - sqrt(((x0 - 0.85) / (x0 / x0)))),176.91357562070704,random_forest,12.982655177037477,0.07338416586453249,False,{'max_depth': 8},,,2.9322798252105713
20261006,1,full,8,7,0.0,(((x0 + (-1.06)^2) + x0) - sqrt(((x0 - 0.85) / (x0 / x0)))),176.91357562070704,mlp,0.6600592715619911,0.0037309701601256524,False,"{'hidden': (64, 64), 'alpha': 0.0001}",,,11.736354112625122
20261007,1,full,8,9,0.0,log((sqrt(((x0 + sin(x0)) - (0.26 * (-1.74 + x0)))) * x0)),0.07115311356259399,SR (ours),0.032737544504690234,0.46009995719851027,False,5.99e-06*((-4.25e+05 / sqrt((x0 + 0.0908))) - log((x0)^2)) + 2.81 + 0.0205*x0 + 0.0161*x0^2,8.0,k_ex=4+dedup,199.8105273246765
20261007,1,full,8,9,0.0,log((sqrt(((x0 + sin(x0)) - (0.26 * (-1.74 + x0)))) * x0)),0.07115311356259399,polynomial,2.469419565980573,34.70571338818791,False,"{'degree': 1, 'alpha': 1.0}",,,0.09210085868835449
20261007,1,full,8,9,0.0,log((sqrt(((x0 + sin(x0)) - (0.26 * (-1.74 + x0)))) * x0)),0.07115311356259399,random_forest,0.375869676456234,5.28254713865161,False,{'max_depth': None},,,1.2733209133148193
20261007,1,full,8,9,0.0,log((sqrt(((x0 + sin(x0)) - (0.26 * (-1.74 + x0)))) * x0)),0.07115311356259399,mlp,0.030722846851424842,0.4317849959495827,False,"{'hidden': (64, 64), 'alpha': 0.0001}",,,7.206092119216919
20261008,1,full,8,6,0.0,sin((((log(-2.06))^2 * (exp(cos(x0)) + x0)) / x0)),0.021787886936254976,SR (ours),0.0013311178137226363,0.06109439697466304,False,0.997*cos((((x0 - (exp(cos(x0)) * 0.527)) + 0.0132) / x0)) + -0.0207 + 0.00203*x0 + -0.00118*x0^2,9.0,k_ex=4+dedup,158.25984406471252
20261008,1,full,8,6,0.0,sin((((log(-2.06))^2 * (exp(cos(x0)) + x0)) / x0)),0.021787886936254976,polynomial,0.02188856174364174,1.0046206778877322,False,"{'degree': 1, 'alpha': 1.0}",,,0.11237001419067383
20261008,1,full,8,6,0.0,sin((((log(-2.06))^2 * (exp(cos(x0)) + x0)) / x0)),0.021787886936254976,random_forest,0.003243074124481125,0.14884757452475392,False,{'max_depth': None},,,1.5755650997161865
20261008,1,full,8,6,0.0,sin((((log(-2.06))^2 * (exp(cos(x0)) + x0)) / x0)),0.021787886936254976,mlp,0.010641186550808441,0.48839920006659937,False,"{'hidden': (64, 64), 'alpha': 0.0001}",,,10.305285930633545
20261009,1,full,8,4,0.0,(cos(((-1.62)^2)^2) / sin(((-1.7 + 2.95) * (x0 + 0.36)))),68.77268661847245,SR (ours),82.4432407814893,1.1987788297243125,False,-0.0243*(x0 / sin((sqrt(x0) * x0))) + 1.55 + -0.443*x0 + -0.117*x0^2,6.0,k_ex=4+dedup,154.82086730003357
20261009,1,full,8,4,0.0,(cos(((-1.62)^2)^2) / sin(((-1.7 + 2.95) * (x0 + 0.36)))),68.77268661847245,polynomial,75.80936558322426,1.1023179304276554,False,"{'degree': 1, 'alpha': 1.0}",,,0.0950007438659668
20261009,1,full,8,4,0.0,(cos(((-1.62)^2)^2) / sin(((-1.7 + 2.95) * (x0 + 0.36)))),68.77268661847245,random_forest,77.77006019557189,1.13082771692509,False,{'max_depth': 4},,,1.2609889507293701
20261009,1,full,8,4,0.0,(cos(((-1.62)^2)^2) / sin(((-1.7 + 2.95) * (x0 + 0.36)))),68.77268661847245,mlp,3717.97617430319,54.061813739068555,False,"{'hidden': (64, 64), 'alpha': 0.0001}",,,16.677490949630737
20261010,1,full,8,3,0.0,(cos((x0 - x0)) + sin(((x0 - x0) + (cos(-2.79) * x0)))),0.4153151745942192,SR (ours),9.402048135933357e-29,2.263834483081328e-28,True,1*sin((((x0)^2 / x0) * -0.939)) + 1,4.0,poly_deg=3,29.10229516029358
20261010,1,full,8,3,0.0,(cos((x0 - x0)) + sin(((x0 - x0) + (cos(-2.79) * x0)))),0.4153151745942192,polynomial,126.92937977462486,305.62182058153866,False,"{'degree': 7, 'alpha': 0.0001}",,,0.218170166015625
20261010,1,full,8,3,0.0,(cos((x0 - x0)) + sin(((x0 - x0) + (cos(-2.79) * x0)))),0.4153151745942192,random_forest,1.1755415127747397,2.8304805234321004,False,{'max_depth': 8},,,3.1677520275115967
20261010,1,full,8,3,0.0,(cos((x0 - x0)) + sin(((x0 - x0) + (cos(-2.79) * x0)))),0.4153151745942192,mlp,6.441049470003735,15.50882285073479,False,"{'hidden': (256,), 'alpha': 0.0001}",,,6.082578182220459
20261011,1,full,8,6,0.0,(cos(((2.09 + x0) - x0)) + log((((-0.59 * x0) * x0) - 2.79))),0.0514051443365077,SR (ours),3.0444792412082322e-28,5.9225186126868964e-27,True,1*log((-4.73 - ((2.4e-17 / cos(x0)) + (x0)^2))) + -1.02,6.0,k_ex=4+dedup,73.07420492172241
20261011,1,full,8,6,0.0,(cos(((2.09 + x0) - x0)) + log((((-0.59 * x0) * x0) - 2.79))),0.0514051443365077,polynomial,2.1432715192895877,41.693716591073674,False,"{'degree': 4, 'alpha': 1.0}",,,0.21358704566955566
20261011,1,full,8,6,0.0,(cos(((2.09 + x0) - x0)) + log((((-0.59 * x0) * x0) - 2.79))),0.0514051443365077,random_forest,0.32260102913576216,6.275656518420714,False,{'max_depth': 8},,,2.814769983291626
20261011,1,full,8,6,0.0,(cos(((2.09 + x0) - x0)) + log((((-0.59 * x0) * x0) - 2.79))),0.0514051443365077,mlp,0.05949231083130708,1.1573221240632898,False,"{'hidden': (256,), 'alpha': 0.01}",,,1.275590181350708
